patient_convo,soap_notes,cleaned_patient_convo,cleaned_soap_notes,similarity_score,bert_score,rouge1_fmeasure,rouge2_fmeasure,rougel_fmeasure
"
Physician: Good morning, Mr. Long. How are you feeling today?

Patient: Not too bad, doctor. I've been feeling pretty tired lately, though. And my wife says I snore a lot and sometimes stop breathing during sleep.

Physician: I see. Have you noticed any other symptoms?

Patient: Yeah, I've been having trouble concentrating at work, and sometimes I feel like I'm going to fall asleep at my desk. And my blood sugar has been pretty high lately, even though I've been trying to eat healthier.

Physician: Okay, that's helpful to know. Can you tell me more about your sleep habits? Do you typically sleep on your side, back, or stomach?

Patient: I usually sleep on my back. But lately, I've been trying to sleep on my side because my wife says it might help with the snoring.

Physician: That's a good idea. Have you noticed any improvement since you started sleeping on your side?

Patient: Not really, doctor. I still feel pretty tired during the day. And sometimes I wake up with a headache.

Physician: I see. Have you experienced any other symptoms that might be related to your sleep, such as difficulty staying asleep or waking up frequently during the night?

Patient: Yeah, I wake up a lot during the night to use the bathroom. And sometimes I have trouble falling back asleep after that.

Physician: Okay, that's helpful to know. Can you tell me more about your daytime sleepiness? Is it affecting your ability to function at work or perform daily activities?

Patient: Yeah, it's definitely affecting my work. I've been having trouble staying focused and sometimes miss important details. And I've been feeling pretty irritable lately, which isn't like me.

Physician: I understand. Have you noticed any other symptoms that might be related to your sleep apnea, such as morning headaches, dry mouth, or sore throat?

Patient: Yeah, I do get pretty bad headaches in the morning. And sometimes my throat feels dry and sore.

Physician: Okay, that's helpful to know. Have you had any recent changes in your work schedule or stress levels that might be affecting your sleep?

Patient: Well, I did start a new job a few months ago, and it's been pretty stressful. But I don't know if that's related to my sleep problems.

Physician: It's possible that the stress could be contributing to your sleep issues. Have you tried any stress-reducing techniques, such as meditation or deep breathing exercises?

Patient: Not really, doctor. I've been meaning to try some relaxation techniques, but I haven't gotten around to it yet.

Physician: That's something we can discuss further. In the meantime, I'd like to refer you to a sleep specialist to get a better understanding of your sleep apnea and determine the best course of treatment. And we'll also schedule some follow-up appointments to monitor your blood sugar and blood pressure. Does that sound good to you?

Patient: Yeah, that sounds great, doctor. Thank you for your help.","Subjective:
Mr. Long reports feeling tired lately and experiencing excessive daytime sleepiness. He mentions that his wife has observed him snoring loudly and gasping for air during sleep. He also notes trouble concentrating at work and high blood sugar levels despite efforts to eat healthier. Mr. Long states that he typically sleeps on his back but has been trying to sleep on his side to alleviate snoring.

Objective:
During the examination, Mr. Long appears fatigued but alert. He demonstrates no signs of respiratory distress. His blood pressure is within normal limits, and his blood sugar levels are elevated. Mr. Long mentions waking up frequently during the night to use the bathroom and experiencing morning headaches, dry mouth, and a sore throat.

Assessment:
Mr. Long presents with symptoms consistent with obstructive sleep apnea, including excessive daytime sleepiness, snoring, and morning headaches. His recent sleep study revealed a moderate apnea-hypopnea index of 20. Additionally, his blood sugar levels remain elevated despite efforts to improve his diet.

Plan:
Refer Mr. Long to a sleep specialist, Dr. Elizabeth Thompson, for further evaluation and initiation of continuous positive airway pressure (CPAP) therapy for his sleep apnea. Schedule follow-up appointments to monitor his blood sugar levels and blood pressure. Discuss stress-reducing techniques and relaxation exercises to help manage his symptoms. Encourage Mr. Long to continue sleeping on his side and address any concerns or questions he may have during follow-up visits.",physician good morning mr long feeling today patient bad doctor ive feeling pretty tired lately though wife says snore lot sometimes stop breathing sleep physician see noticed symptoms patient yeah ive trouble concentrating work sometimes feel like im going fall asleep desk blood sugar pretty high lately even though ive trying eat healthier physician okay thats helpful know tell sleep habits typically sleep side back stomach patient usually sleep back lately ive trying sleep side wife says might help snoring physician thats good idea noticed improvement since started sleeping side patient really doctor still feel pretty tired day sometimes wake headache physician see experienced symptoms might related sleep difficulty staying asleep waking frequently night patient yeah wake lot night use bathroom sometimes trouble falling back asleep physician okay thats helpful know tell daytime sleepiness affecting ability function work perform daily activities patient yeah definitely affecting work ive trouble staying focused sometimes miss important details ive feeling pretty irritable lately isnt like physician understand noticed symptoms might related sleep apnea morning headaches dry mouth sore throat patient yeah get pretty bad headaches morning sometimes throat feels dry sore physician okay thats helpful know recent changes work schedule stress levels might affecting sleep patient well start new job months ago pretty stressful dont know thats related sleep problems physician possible stress could contributing sleep issues tried stressreducing techniques meditation deep breathing exercises patient really doctor ive meaning try relaxation techniques havent gotten around yet physician thats something discuss meantime id like refer sleep specialist get better understanding sleep apnea determine best course treatment well also schedule followup appointments monitor blood sugar blood pressure sound good patient yeah sounds great doctor thank help,subjective mr long reports feeling tired lately experiencing excessive daytime sleepiness mentions wife observed snoring loudly gasping air sleep also notes trouble concentrating work high blood sugar levels despite efforts eat healthier mr long states typically sleeps back trying sleep side alleviate snoring objective examination mr long appears fatigued alert demonstrates signs respiratory distress blood pressure within normal limits blood sugar levels elevated mr long mentions waking frequently night use bathroom experiencing morning headaches dry mouth sore throat assessment mr long presents symptoms consistent obstructive sleep apnea including excessive daytime sleepiness snoring morning headaches recent sleep study revealed moderate apneahypopnea index 20 additionally blood sugar levels remain elevated despite efforts improve diet plan refer mr long sleep specialist dr elizabeth thompson evaluation initiation continuous positive airway pressure cpap therapy sleep apnea schedule followup appointments monitor blood sugar levels blood pressure discuss stressreducing techniques relaxation exercises help manage symptoms encourage mr long continue sleeping side address concerns questions may followup visits,0.53993106,0.8363634943962097,0.3157894736842105,0.10825439783491204,0.20242914979757087
"


Physician: Good morning, Cathy. It's been a while since your last visit. How have you been feeling lately?

Patient: Hi, Dr. Horton. I've been doing okay, I guess. Just trying to manage my anxiety and depression.

Physician: I see. Can you tell me more about what you're experiencing? What are some of the symptoms you're experiencing?

Patient: Well, I've been having trouble sleeping at night. My mind just races and I can't seem to shut it off. And during the day, I've been feeling really fatigued and just don't have the energy to do the things I need to do.

Physician: Okay. Have you noticed any changes in your mood or emotions?

Patient: Yeah, I've been feeling pretty down lately. I just don't have the motivation to do anything and I've been avoiding social situations because I just feel so overwhelmed.

Physician: I understand. Have you noticed any changes in your appetite or weight?

Patient: A little bit. I've been eating a bit more than usual, but not a ton. And I've gained a few pounds, but nothing drastic.

Physician: Okay. Have you experienced any physical symptoms like headaches or muscle tension?

Patient: Yes, actually. I've been getting a lot of headaches lately and my shoulders have been feeling really tense.

Physician: I see. Have you noticed any changes in your concentration or focus?

Patient: Yeah, it's been hard for me to focus on things. My mind keeps wandering and I can't seem to stay on task.

Physician: Okay. Have you experienced any feelings of hopelessness or helplessness?

Patient: Yes, definitely. I've been feeling pretty hopeless lately. Like nothing is going to get better.

Physician: I understand. Have you had any thoughts of self-harm or suicide?

Patient: No, not really. I mean, I've had some thoughts of just wanting to escape, but not anything specific.

Physician: Okay, that's good to hear. Have you noticed any changes in your relationships with family or friends?

Patient: Yeah, I've been withdrawing from my friends and family a bit. I just don't have the energy to interact with them and I feel like I'm a burden to them.

Physician: I see. Have you experienced any significant life changes or stressors recently?

Patient: Well, I did recently switch jobs and it's been a bit of an adjustment. And my mom has been having some health problems, so that's been stressing me out a bit.

Physician: Okay. Have you noticed any changes in your sleep patterns or appetite?

Patient: Yeah, like I said, I've been having trouble sleeping at night and my appetite has increased a bit.

Physician: I see. Have you noticed any changes in your mood or emotions during the day?

Patient: Yeah, I've been feeling pretty down and hopeless during the day too. It's not just at night.

Physician: Okay, I understand. Have you experienced any physical symptoms like tremors or sweating?

Patient: No, not really. Just the headaches and tense muscles.

Physician: Okay, Cathy. I think that gives me a good idea of what you've been experiencing. I'm going to recommend that we increase your dosage of Sertraline to 150mg and add a new medication, Bupropion, to help with your energy levels and motivation. I also want to refer you to a therapist who specializes in cognitive behavioral therapy to help you work through some of these negative thoughts and feelings. And we'll schedule a follow-up appointment in two weeks to check in and see how you're doing. Does that sound good to you?

Patient: Yeah, that sounds good. Thank you, Dr. Horton.","Subjective:
Cathy Bryant reports experiencing trouble sleeping at night due to racing thoughts. She feels fatigued during the day and lacks energy to complete tasks. Cathy also mentions feeling down, overwhelmed, and avoiding social situations. She has noticed an increase in appetite and a slight weight gain. Additionally, she has been experiencing headaches and muscle tension, along with difficulty focusing and feelings of hopelessness. Cathy has been withdrawing from friends and family and feels like a burden to them. She recently switched jobs and is stressed about her mother's health issues.

Objective:
Cathy appears fatigued during the appointment but is cooperative and engaged in the conversation. She does not display signs of self-harm or suicide ideation. Physical examination reveals no tremors or sweating. Vital signs are within normal limits. Cathy's weight has increased slightly since her last visit.

Assessment:
Cathy Bryant is currently experiencing symptoms of anxiety and depression, including trouble sleeping, fatigue, increased appetite, headaches, muscle tension, difficulty focusing, and feelings of hopelessness. She is withdrawing from social interactions and feeling overwhelmed. Cathy's recent life changes and stressors may be contributing to her symptoms.

Plan:
1. Increase Sertraline dosage to 150mg to address symptoms of anxiety and depression.
2. Add Bupropion to help with energy levels and motivation.
3. Refer Cathy to a therapist specializing in cognitive behavioral therapy to address negative thoughts and feelings.
4. Schedule a follow-up appointment in two weeks to monitor progress and adjust treatment as needed.",physician good morning cathy since last visit feeling lately patient hi dr horton ive okay guess trying manage anxiety depression physician see tell youre experiencing symptoms youre experiencing patient well ive trouble sleeping night mind races cant seem shut day ive feeling really fatigued dont energy things need physician okay noticed changes mood emotions patient yeah ive feeling pretty lately dont motivation anything ive avoiding social situations feel overwhelmed physician understand noticed changes appetite weight patient little bit ive eating bit usual ton ive gained pounds nothing drastic physician okay experienced physical symptoms like headaches muscle tension patient yes actually ive getting lot headaches lately shoulders feeling really tense physician see noticed changes concentration focus patient yeah hard focus things mind keeps wandering cant seem stay task physician okay experienced feelings hopelessness helplessness patient yes definitely ive feeling pretty hopeless lately like nothing going get better physician understand thoughts selfharm suicide patient really mean ive thoughts wanting escape anything specific physician okay thats good hear noticed changes relationships family friends patient yeah ive withdrawing friends family bit dont energy interact feel like im burden physician see experienced significant life changes stressors recently patient well recently switch jobs bit adjustment mom health problems thats stressing bit physician okay noticed changes sleep patterns appetite patient yeah like said ive trouble sleeping night appetite increased bit physician see noticed changes mood emotions day patient yeah ive feeling pretty hopeless day night physician okay understand experienced physical symptoms like tremors sweating patient really headaches tense muscles physician okay cathy think gives good idea youve experiencing im going recommend increase dosage sertraline 150mg add new medication bupropion help energy levels motivation also want refer therapist specializes cognitive behavioral therapy help work negative thoughts feelings well schedule followup appointment two weeks check see youre sound good patient yeah sounds good thank dr horton,subjective cathy bryant reports experiencing trouble sleeping night due racing thoughts feels fatigued day lacks energy complete tasks cathy also mentions feeling overwhelmed avoiding social situations noticed increase appetite slight weight gain additionally experiencing headaches muscle tension along difficulty focusing feelings hopelessness cathy withdrawing friends family feels like burden recently switched jobs stressed mothers health issues objective cathy appears fatigued appointment cooperative engaged conversation display signs selfharm suicide ideation physical examination reveals tremors sweating vital signs within normal limits cathys weight increased slightly since last visit assessment cathy bryant currently experiencing symptoms anxiety depression including trouble sleeping fatigue increased appetite headaches muscle tension difficulty focusing feelings hopelessness withdrawing social interactions feeling overwhelmed cathys recent life changes stressors may contributing symptoms plan 1 increase sertraline dosage 150mg address symptoms anxiety depression 2 add bupropion help energy levels motivation 3 refer cathy therapist specializing cognitive behavioral therapy address negative thoughts feelings 4 schedule followup appointment two weeks monitor progress adjust treatment needed,0.83157223,0.8259779214859009,0.4048484848484849,0.1482381530984204,0.24
"
Physician: Good morning, Mildred. How are you feeling today?

Patient: Good morning, doctor. I've been feeling pretty good lately, but I have been experiencing some issues with my allergies.

Physician: I see. Can you elaborate on your symptoms? When did you first notice them, and how have they been affecting you?

Patient: Well, I've had a runny nose and itchy eyes for the past few weeks. It's been worse when I'm at home, especially in my bedroom. I've also been feeling a bit congested and have had some sinus pressure.

Physician: I understand. Have you noticed any patterns or triggers that seem to make your symptoms worse?

Patient: Yes, definitely. It seems to get worse when I'm around dust or pollen. I've been trying to avoid those things as much as possible, but it's hard to avoid them completely.

Physician: That's understandable. Have you experienced any shortness of breath or wheezing?

Patient: Yes, a bit of both. It's mostly when I exert myself, like when I'm walking or doing chores around the house.

Physician: I see. Have you noticed any other symptoms, such as coughing or chest tightness?

Patient: Yes, I've had a bit of a cough, especially at night. And sometimes I feel like there's a band around my chest, like it's hard to breathe deeply.

Physician: I understand. Have you had any recent changes in your environment or routine that could be contributing to your symptoms?

Patient: Well, I did get a new cat a few months ago. Could that be a trigger?

Physician: It's possible. Cats can definitely cause allergic reactions in some people. Have you noticed any other symptoms that might be related to your allergies, such as sneezing or postnasal drip?

Patient: Yes, definitely. I've been sneezing a lot, and I've noticed some postnasal drip, especially in the mornings.

Physician: I see. Have you experienced any other symptoms that might be unrelated to your allergies, such as headaches or fatigue?

Patient: Yes, I've had some headaches, mostly in the morning. And I've been feeling a bit more tired than usual.

Physician: I understand. Have you noticed any changes in your sleep patterns or appetite?

Patient: Yes, I've been having a bit of trouble sleeping at night. And my appetite has been a bit off lately.

Physician: I see. Have you experienced any other symptoms that might be related to your respiratory issues, such as coughing up mucus or chest pain?

Patient: Yes, I've been coughing up mucus, especially in the mornings. And sometimes I feel a bit of chest pain, especially when I breathe deeply.

Physician: I understand. Have you noticed any other symptoms that might be related to your cardiovascular health, such as swelling in your legs or shortness of breath when lying down?

Patient: No, I haven't noticed anything like that. But I did have a question about my medications. I've been taking my inhalers as prescribed, but I'm not sure if they're working as well as they should be.

Physician: I understand. Let's take a closer look at your medication regimen and see if there are any adjustments we can make to help better manage your symptoms. In the meantime, I'd like to schedule you for an allergy test to get a better sense of what might be triggering your allergies. We can also discuss some lifestyle changes you can make to help minimize your exposure to allergens. Sound good?

Patient: Yes, that sounds good. Thank you, doctor.

Physician: Of course, Mildred. We'll work together to get you feeling better soon.","SOAP Note:

Subjective:
Mildred Gordon reports experiencing symptoms of respiratory allergies, including a runny nose, itchy eyes, congestion, sinus pressure, shortness of breath, wheezing, coughing, chest tightness, sneezing, postnasal drip, headaches, fatigue, trouble sleeping, and changes in appetite. She also expresses concerns about the effectiveness of her current inhaler medications.

Objective:
During the examination, Mildred appeared well-groomed and alert. She exhibited signs of respiratory distress, including coughing up mucus and chest pain. Vital signs were within normal limits. Medication adherence was confirmed, and Mildred's inhaler technique was assessed.

Assessment:
Mildred Gordon presents with symptoms consistent with respiratory allergies and asthma exacerbation. There are concerns regarding the adequacy of her current medication regimen in managing her symptoms effectively. Further evaluation through an allergy test is warranted to identify specific triggers. Lifestyle modifications and potential medication adjustments may be necessary.

Plan:
1. Schedule an allergy test to identify specific triggers for Mildred's respiratory allergies.
2. Review and potentially adjust Mildred's current inhaler medications to optimize symptom management.
3. Discuss lifestyle modifications to minimize exposure to allergens.
4. Follow up with Mildred to monitor response to treatment and make any necessary adjustments.
5. Educate Mildred on the importance of medication adherence and proper inhaler technique.
6. Schedule the overdue pneumococcal vaccine and influenza vaccine.
7. Communicate with Mildred's care team, including Dr. Emily Cook and Sarah Johnson, to coordinate care and ensure comprehensive management of her respiratory allergies and asthma.",physician good morning mildred feeling today patient good morning doctor ive feeling pretty good lately experiencing issues allergies physician see elaborate symptoms first notice affecting patient well ive runny nose itchy eyes past weeks worse im home especially bedroom ive also feeling bit congested sinus pressure physician understand noticed patterns triggers seem make symptoms worse patient yes definitely seems get worse im around dust pollen ive trying avoid things much possible hard avoid completely physician thats understandable experienced shortness breath wheezing patient yes bit mostly exert like im walking chores around house physician see noticed symptoms coughing chest tightness patient yes ive bit cough especially night sometimes feel like theres band around chest like hard breathe deeply physician understand recent changes environment routine could contributing symptoms patient well get new cat months ago could trigger physician possible cats definitely cause allergic reactions people noticed symptoms might related allergies sneezing postnasal drip patient yes definitely ive sneezing lot ive noticed postnasal drip especially mornings physician see experienced symptoms might unrelated allergies headaches fatigue patient yes ive headaches mostly morning ive feeling bit tired usual physician understand noticed changes sleep patterns appetite patient yes ive bit trouble sleeping night appetite bit lately physician see experienced symptoms might related respiratory issues coughing mucus chest pain patient yes ive coughing mucus especially mornings sometimes feel bit chest pain especially breathe deeply physician understand noticed symptoms might related cardiovascular health swelling legs shortness breath lying patient havent noticed anything like question medications ive taking inhalers prescribed im sure theyre working well physician understand lets take closer look medication regimen see adjustments make help better manage symptoms meantime id like schedule allergy test get better sense might triggering allergies also discuss lifestyle changes make help minimize exposure allergens sound good patient yes sounds good thank doctor physician course mildred well work together get feeling better soon,soap note subjective mildred gordon reports experiencing symptoms respiratory allergies including runny nose itchy eyes congestion sinus pressure shortness breath wheezing coughing chest tightness sneezing postnasal drip headaches fatigue trouble sleeping changes appetite also expresses concerns effectiveness current inhaler medications objective examination mildred appeared wellgroomed alert exhibited signs respiratory distress including coughing mucus chest pain vital signs within normal limits medication adherence confirmed mildreds inhaler technique assessed assessment mildred gordon presents symptoms consistent respiratory allergies asthma exacerbation concerns regarding adequacy current medication regimen managing symptoms effectively evaluation allergy test warranted identify specific triggers lifestyle modifications potential medication adjustments may necessary plan 1 schedule allergy test identify specific triggers mildreds respiratory allergies 2 review potentially adjust mildreds current inhaler medications optimize symptom management 3 discuss lifestyle modifications minimize exposure allergens 4 follow mildred monitor response treatment make necessary adjustments 5 educate mildred importance medication adherence proper inhaler technique 6 schedule overdue pneumococcal vaccine influenza vaccine 7 communicate mildreds care team including dr emily cook sarah johnson coordinate care ensure comprehensive management respiratory allergies asthma,0.72747076,0.8148096203804016,0.4033850493653032,0.14144271570014147,0.19746121297602254
"

Physician: Good morning, Tina. How are you feeling today?

Patient: Hi, Dr. Beck. I've been feeling pretty miserable lately. My chronic pain has been flaring up a lot more often, and it's been hard to manage.

Physician: I see. Can you tell me more about your pain? What's the location, severity, and frequency?

Patient: The pain is mostly in my lower back, but it sometimes radiates down to my legs. It's been pretty constant, but it's worse when I'm standing or walking for long periods. It's like a dull ache that never goes away.

Physician: Have you noticed any exacerbating or relieving factors?

Patient: Well, it tends to get worse when I'm under stress, and it doesn't seem to get better with rest. I've been trying to exercise regularly, but that doesn't seem to make much of a difference either.

Physician: I understand. Have you experienced any numbness, tingling, or weakness in your legs?

Patient: Yes, especially when I'm standing for a long time. It's like my legs are going to give out.

Physician: How have you been managing the pain?

Patient: I've been taking my medications as prescribed, but they don't seem to be working as well as they used to. I've also been trying physical therapy and acupuncture, but they haven't provided much relief either.

Physician: I see. Have you noticed any other symptoms, such as fatigue, sleep disturbances, or mood changes?

Patient: Yes, I've been feeling really tired and have had trouble sleeping at night. I also feel pretty down and frustrated most of the time.

Physician: I understand. Have you had any recent changes in your personal or professional life that could be contributing to your stress levels?

Patient: Well, I recently lost my job, and that's been really stressful. I've also been dealing with some family issues.

Physician: I see. Have you had any recent travel or exposure to illnesses?

Patient: No, nothing recent.

Physician: Alright, Tina. Based on what you've shared, it sounds like your chronic pain is having a significant impact on your quality of life. I'd like to discuss some potential options for managing your pain more effectively. Have you considered alternative therapies such as cognitive behavioral therapy or mindfulness-based stress reduction?

Patient: I haven't, but I'm open to trying anything at this point.

Physician: Great. I'd also like to review your medications and see if there are any adjustments we can make to optimize their effectiveness. Additionally, I think it would be beneficial to consult with a pain management specialist to get their input on your case. What do you think?

Patient: That sounds like a good plan. Thank you, Dr. Beck. I really appreciate your help.

Physician: Of course, Tina. We'll work together to find a solution that works for you. I'll have my nurse schedule a follow-up appointment for us to discuss further.","Subjective:
Tina Henderson, a 56-year-old female, reports feeling miserable due to her chronic pain flaring up more frequently. She describes the pain as mostly in her lower back, radiating down to her legs, and worsened by standing or walking for long periods. Tina notes the pain as a constant dull ache that is exacerbated by stress and does not improve with rest or exercise. She experiences numbness, tingling, and weakness in her legs, especially when standing for extended periods. Tina also mentions feeling fatigued, having trouble sleeping, and feeling down and frustrated. She recently lost her job, adding to her stress levels.

Objective:
Tina appears distressed during the conversation but is cooperative and engaged. She presents with no signs of acute distress. Physical examination reveals tenderness in the lower back region. Vital signs are within normal limits. Tina's current medications include Gabapentin 300mg three times daily, Ibuprofen 400mg as needed, and Vitamin D 2000 IU daily. She has been managing chronic pain for the past 10 years with a multidisciplinary approach.

Assessment:
Tina's chronic pain is significantly impacting her quality of life, leading to fatigue, sleep disturbances, and mood changes. The current management strategies, including medications, physical therapy, and acupuncture, are not providing adequate relief. Tina's recent job loss and family issues are contributing to her stress levels. Exploring alternative therapies such as cognitive behavioral therapy and mindfulness-based stress reduction may be beneficial. A medication review and consultation with a pain management specialist are recommended to optimize pain management.

Plan:
1. Schedule a follow-up appointment to discuss alternative therapies and medication adjustments.
2. Consult with a pain management specialist for further evaluation and recommendations.
3. Explore cognitive behavioral therapy and mindfulness-based stress reduction as additional pain management strategies.
4. Address Tina's recent job loss and family issues through supportive counseling.
5. Monitor Tina's progress closely and adjust the treatment plan as needed.",physician good morning tina feeling today patient hi dr beck ive feeling pretty miserable lately chronic pain flaring lot often hard manage physician see tell pain whats location severity frequency patient pain mostly lower back sometimes radiates legs pretty constant worse im standing walking long periods like dull ache never goes away physician noticed exacerbating relieving factors patient well tends get worse im stress doesnt seem get better rest ive trying exercise regularly doesnt seem make much difference either physician understand experienced numbness tingling weakness legs patient yes especially im standing long time like legs going give physician managing pain patient ive taking medications prescribed dont seem working well used ive also trying physical therapy acupuncture havent provided much relief either physician see noticed symptoms fatigue sleep disturbances mood changes patient yes ive feeling really tired trouble sleeping night also feel pretty frustrated time physician understand recent changes personal professional life could contributing stress levels patient well recently lost job thats really stressful ive also dealing family issues physician see recent travel exposure illnesses patient nothing recent physician alright tina based youve shared sounds like chronic pain significant impact quality life id like discuss potential options managing pain effectively considered alternative therapies cognitive behavioral therapy mindfulnessbased stress reduction patient havent im open trying anything point physician great id also like review medications see adjustments make optimize effectiveness additionally think would beneficial consult pain management specialist get input case think patient sounds like good plan thank dr beck really appreciate help physician course tina well work together find solution works ill nurse schedule followup appointment us discuss,subjective tina henderson 56yearold female reports feeling miserable due chronic pain flaring frequently describes pain mostly lower back radiating legs worsened standing walking long periods tina notes pain constant dull ache exacerbated stress improve rest exercise experiences numbness tingling weakness legs especially standing extended periods tina also mentions feeling fatigued trouble sleeping feeling frustrated recently lost job adding stress levels objective tina appears distressed conversation cooperative engaged presents signs acute distress physical examination reveals tenderness lower back region vital signs within normal limits tinas current medications include gabapentin 300mg three times daily ibuprofen 400mg needed vitamin 2000 iu daily managing chronic pain past 10 years multidisciplinary approach assessment tinas chronic pain significantly impacting quality life leading fatigue sleep disturbances mood changes current management strategies including medications physical therapy acupuncture providing adequate relief tinas recent job loss family issues contributing stress levels exploring alternative therapies cognitive behavioral therapy mindfulnessbased stress reduction may beneficial medication review consultation pain management specialist recommended optimize pain management plan 1 schedule followup appointment discuss alternative therapies medication adjustments 2 consult pain management specialist evaluation recommendations 3 explore cognitive behavioral therapy mindfulnessbased stress reduction additional pain management strategies 4 address tinas recent job loss family issues supportive counseling 5 monitor tinas progress closely adjust treatment plan needed,0.7498714,0.822287917137146,0.3832658569500675,0.14884979702300408,0.22672064777327938
"

Physician: Good morning, Mr. Ruiz. How are you feeling today?

Patient: Hi, Dr. Holmes. I'm feeling a bit tired and thirsty lately. It's been going on for a few weeks now.

Physician: I see. Have you noticed any other symptoms, such as dizziness, nausea, or headaches?

Patient: Yeah, I've been getting headaches pretty frequently, especially in the afternoon. And sometimes I feel like I'm going to pass out.

Physician: I understand. Have you experienced any shortness of breath or chest pain?

Patient: No, nothing like that. Just the headaches and dizziness. Oh, and my vision has been blurry lately.

Physician: Blurry vision? That's new. Have you had any eye problems before?

Patient: No, never. That's why I'm a bit worried.

Physician: Understandably so. Have you had any recent changes in your diet or appetite?

Patient: Well, I've been eating a bit more than usual, especially sweets. And I've been drinking more water because of the thirst.

Physician: I see. Have you noticed any changes in your urination habits?

Patient: Yes, I've been going to the bathroom a lot more often, especially at night.

Physician: Mr. Ruiz, given your history of diabetes, hypertension, and hyperlipidemia, we need to consider the possibility of these conditions being poorly controlled or having some complications. We'll need to run some tests to get a better picture of what's going on.

Patient: Sure, whatever it takes. I just want to feel better.

Physician: Of course. We'll start by checking your blood work, including your glucose, lipids, and kidney function. We'll also perform a urinalysis to check for any infections or abnormalities. And given your blurry vision, we'll schedule an appointment with Dr. Jackson, your ophthalmologist, for a comprehensive eye exam.

Patient: Okay, that makes sense.

Physician: Additionally, we'll schedule you for a diabetic eye exam, as it's been a while since your last one. And we should also perform a colonoscopy, given your age and medical history.

Patient: Okay, I understand.

Physician: Maria, can you please schedule all these appointments for Mr. Ruiz and ensure that he gets the necessary referrals?

Maria: Of course, Dr. Holmes. I'll take care of it.

Physician: Great. Mr. Ruiz, we'll get all these tests and appointments organized, and we'll follow up soon. In the meantime, please make sure to take your medications as prescribed, and we'll discuss any changes to your treatment plan once we have the results.

Patient: Thank you, Dr. Holmes. I appreciate it.

Physician: No problem, Mr. Ruiz. We'll get to the bottom of this and make sure you're feeling better soon.","Subjective:
Mr. Ruiz reports feeling tired and thirsty for the past few weeks. He has been experiencing frequent headaches, dizziness, and blurry vision. He denies any chest pain, shortness of breath, or changes in urination habits. He mentions an increase in appetite, especially for sweets, and increased water intake due to thirst.

Objective:
Mr. Ruiz appears fatigued during the appointment. His vital signs are within normal limits, and he does not display any signs of distress. Given his history of diabetes, hypertension, and hyperlipidemia, further investigations are warranted to assess his current health status.

Assessment:
Mr. Ruiz presents with symptoms suggestive of poorly controlled diabetes or potential complications related to his chronic conditions. Further testing, including blood work, urinalysis, and eye exams, is necessary to determine the underlying cause of his symptoms and assess his overall health.

Plan:
1. Order blood work to check glucose, lipids, and kidney function.
2. Perform a urinalysis to screen for infections or abnormalities.
3. Schedule an appointment with Dr. Jackson, the ophthalmologist, for a comprehensive eye exam.
4. Arrange a diabetic eye exam with Dr. Jackson.
5. Schedule a colonoscopy given Mr. Ruiz's age and medical history.
6. Follow up with Mr. Ruiz to discuss test results and potential changes to his treatment plan.
7. Ensure that Mr. Ruiz continues to take his medications as prescribed.
8. Maria will assist in scheduling appointments and obtaining necessary referrals for Mr. Ruiz's care.",physician good morning mr ruiz feeling today patient hi dr holmes im feeling bit tired thirsty lately going weeks physician see noticed symptoms dizziness nausea headaches patient yeah ive getting headaches pretty frequently especially afternoon sometimes feel like im going pass physician understand experienced shortness breath chest pain patient nothing like headaches dizziness oh vision blurry lately physician blurry vision thats new eye problems patient never thats im bit worried physician understandably recent changes diet appetite patient well ive eating bit usual especially sweets ive drinking water thirst physician see noticed changes urination habits patient yes ive going bathroom lot often especially night physician mr ruiz given history diabetes hypertension hyperlipidemia need consider possibility conditions poorly controlled complications well need run tests get better picture whats going patient sure whatever takes want feel better physician course well start checking blood work including glucose lipids kidney function well also perform urinalysis check infections abnormalities given blurry vision well schedule appointment dr jackson ophthalmologist comprehensive eye exam patient okay makes sense physician additionally well schedule diabetic eye exam since last one also perform colonoscopy given age medical history patient okay understand physician maria please schedule appointments mr ruiz ensure gets necessary referrals maria course dr holmes ill take care physician great mr ruiz well get tests appointments organized well follow soon meantime please make sure take medications prescribed well discuss changes treatment plan results patient thank dr holmes appreciate physician problem mr ruiz well get bottom make sure youre feeling better soon,subjective mr ruiz reports feeling tired thirsty past weeks experiencing frequent headaches dizziness blurry vision denies chest pain shortness breath changes urination habits mentions increase appetite especially sweets increased water intake due thirst objective mr ruiz appears fatigued appointment vital signs within normal limits display signs distress given history diabetes hypertension hyperlipidemia investigations warranted assess current health status assessment mr ruiz presents symptoms suggestive poorly controlled diabetes potential complications related chronic conditions testing including blood work urinalysis eye exams necessary determine underlying cause symptoms assess overall health plan 1 order blood work check glucose lipids kidney function 2 perform urinalysis screen infections abnormalities 3 schedule appointment dr jackson ophthalmologist comprehensive eye exam 4 arrange diabetic eye exam dr jackson 5 schedule colonoscopy given mr ruizs age medical history 6 follow mr ruiz discuss test results potential changes treatment plan 7 ensure mr ruiz continues take medications prescribed 8 maria assist scheduling appointments obtaining necessary referrals mr ruizs care,0.7329132,0.7922772765159607,0.3678756476683938,0.11948051948051946,0.20207253886010362
"
Physician: Good morning, Mr. Ramos. It's a pleasure to meet you. How can I assist you today?

Patient: Hi, Dr. Hansen. I've been experiencing some issues with my vision lately. I've had trouble reading and driving at night, and my eyes have been feeling tired and strained. It's been getting worse over the past few months.

Physician: I see. Have you noticed any other symptoms, such as blurry vision, double vision, or eye pain?

Patient: Yes, my vision has been pretty blurry, especially in low light environments. I haven't noticed any double vision, but my eyes do feel tired and sore.

Physician: Have you had any recent changes in your environment or habits that could be contributing to your symptoms? For example, have you started using a computer or digital device more frequently?

Patient: Well, I did get a new job a few months ago that requires me to use a computer all day. And I've also been spending more time watching TV at night. Could that be the cause?

Physician: It's possible. Prolonged use of digital devices can certainly contribute to eye strain. Have you tried taking breaks to rest your eyes or adjusting the display settings on your computer and TV?

Patient: I haven't been taking breaks as often as I should, but I have tried adjusting the display settings. It doesn't seem to make a big difference, though.

Physician: I understand. Have you experienced any other symptoms, such as headaches, eye twitching, or sensitivity to light?

Patient: Yes, I've had some headaches, especially after working on the computer for a long time. And my eyes do feel sensitive to light, especially in the morning when I first wake up.

Physician: I see. Have you had any recent changes in your medical history or medications that could be contributing to your symptoms?

Patient: Well, I was diagnosed with hypertension and diabetes a few years ago, and I've been taking medication for those conditions. But other than that, nothing has changed recently.

Physician: Okay, that's helpful to know. Have you had any eye problems in the past, such as cataracts or glaucoma?

Patient: No, nothing like that. But my mom did have glaucoma, so I'm a bit concerned about that.

Physician: That's understandable. We'll definitely want to take a closer look at your eyes and rule out any potential issues. In the meantime, I recommend that you start taking regular breaks to rest your eyes, especially when using digital devices. Try following the 20-20-20 rule: every 20 minutes, look away from your screen and focus on something 20 feet away for 20 seconds. Additionally, I'd like to refer you to an optometrist for a comprehensive eye exam. We'll also schedule a follow-up appointment for you to come back and see me after the eye exam. Sound good?

Patient: That sounds great, thank you. I'll make sure to follow the 20-20-20 rule and get in touch with the optometrist right away.

Physician: Excellent. We'll also make sure to schedule your follow-up appointment before you leave today. Thank you for bringing this to my attention, Mr. Ramos. I'm confident that we can figure out what's going on and get you the help you need.","Subjective:
Mr. Ramos presents with complaints of vision issues, including blurry vision, eye strain, sensitivity to light, and headaches, particularly after prolonged computer use. He mentions that these symptoms have been worsening over the past few months and that he has not experienced any double vision or eye pain. Mr. Ramos attributes his vision problems to his new job, which requires extensive computer use, and increased TV watching at night. He also expresses concern about his family history of glaucoma.

Objective:
During the examination, Mr. Ramos appears alert and engaged. He reports no other significant symptoms or changes in his medical history or medications. His vital signs are within normal limits. Mr. Ramos' eye exam reveals no obvious abnormalities, but further evaluation by an optometrist is recommended due to his symptoms and family history.

Assessment:
Based on Mr. Ramos' subjective complaints and objective findings, it is likely that his vision issues are related to digital eye strain. However, given his family history of glaucoma, further evaluation by an optometrist is warranted to rule out any underlying eye conditions. Mr. Ramos is proactive in seeking help and following recommendations for eye care.

Plan:
Mr. Ramos will be referred to an optometrist for a comprehensive eye exam to assess his vision and screen for any potential eye conditions. In the meantime, he is advised to follow the 20-20-20 rule to reduce eye strain and take regular breaks when using digital devices. A follow-up appointment will be scheduled to review the optometrist's findings and discuss further management options. Additionally, Mr. Ramos will be reminded to stay up to date on his vaccinations and screenings, including the flu vaccine and colorectal cancer screening.",physician good morning mr ramos pleasure meet assist today patient hi dr hansen ive experiencing issues vision lately ive trouble reading driving night eyes feeling tired strained getting worse past months physician see noticed symptoms blurry vision double vision eye pain patient yes vision pretty blurry especially low light environments havent noticed double vision eyes feel tired sore physician recent changes environment habits could contributing symptoms example started using computer digital device frequently patient well get new job months ago requires use computer day ive also spending time watching tv night could cause physician possible prolonged use digital devices certainly contribute eye strain tried taking breaks rest eyes adjusting display settings computer tv patient havent taking breaks often tried adjusting display settings doesnt seem make big difference though physician understand experienced symptoms headaches eye twitching sensitivity light patient yes ive headaches especially working computer long time eyes feel sensitive light especially morning first wake physician see recent changes medical history medications could contributing symptoms patient well diagnosed hypertension diabetes years ago ive taking medication conditions nothing changed recently physician okay thats helpful know eye problems past cataracts glaucoma patient nothing like mom glaucoma im bit concerned physician thats understandable well definitely want take closer look eyes rule potential issues meantime recommend start taking regular breaks rest eyes especially using digital devices try following 202020 rule every 20 minutes look away screen focus something 20 feet away 20 seconds additionally id like refer optometrist comprehensive eye exam well also schedule followup appointment come back see eye exam sound good patient sounds great thank ill make sure follow 202020 rule get touch optometrist right away physician excellent well also make sure schedule followup appointment leave today thank bringing attention mr ramos im confident figure whats going get help need,subjective mr ramos presents complaints vision issues including blurry vision eye strain sensitivity light headaches particularly prolonged computer use mentions symptoms worsening past months experienced double vision eye pain mr ramos attributes vision problems new job requires extensive computer use increased tv watching night also expresses concern family history glaucoma objective examination mr ramos appears alert engaged reports significant symptoms changes medical history medications vital signs within normal limits mr ramos eye exam reveals obvious abnormalities evaluation optometrist recommended due symptoms family history assessment based mr ramos subjective complaints objective findings likely vision issues related digital eye strain however given family history glaucoma evaluation optometrist warranted rule underlying eye conditions mr ramos proactive seeking help following recommendations eye care plan mr ramos referred optometrist comprehensive eye exam assess vision screen potential eye conditions meantime advised follow 202020 rule reduce eye strain take regular breaks using digital devices followup appointment scheduled review optometrists findings discuss management options additionally mr ramos reminded stay date vaccinations screenings including flu vaccine colorectal cancer screening,0.6532579,0.8231425285339355,0.3253333333333333,0.14171122994652408,0.18666666666666668
"
Physician: Good morning, Julian. How are you feeling today?

Patient: Not too great, to be honest. I've been experiencing a lot of congestion and coughing, and my chest feels really tight. It's been getting worse over the past few days.

Physician: I see. Have you had any fever or chills?

Patient: Yes, I've had a low-grade fever, around 100.3°F, and I've been feeling chilly, even with extra blankets on my bed.

Physician: Okay. Have you noticed any shortness of breath or wheezing?

Patient: Yes, definitely. It's been getting harder to breathe, especially when I lie down. I've also been waking up in the middle of the night because of coughing fits.

Physician: I understand. Have you had any recent travel or been exposed to anyone with similar symptoms?

Patient: No, I haven't traveled recently, and I don't think anyone in my household has been sick.

Physician: Okay. Have you noticed any other symptoms, such as a sore throat, runny nose, or body aches?

Patient: Yes, my throat has been sore, and I've had a bit of a runny nose. I haven't had any significant body aches, though.

Physician: I see. Have you been using your Albuterol inhaler as prescribed?

Patient: Yes, I've been using it as needed, but I feel like it's not helping as much as it usually does.

Physician: Understood. Have you noticed any triggers that might be exacerbating your symptoms, such as changes in weather, stress, or exposure to allergens?

Patient: Well, I did notice that my symptoms started getting worse after I went to a friend's house for a barbecue. They have a dog, and I think I might be allergic to it.

Physician: That's a good point. We'll definitely want to consider that as a possible trigger.

Patient: Also, I've been feeling really stressed out lately. I recently started a new job, and it's been a bit overwhelming.

Physician: I understand. Stress can definitely affect your respiratory system.

Patient: And one more thing – I've been having some trouble sleeping because of my coughing and congestion.

Physician: I see. That's a common issue when you're feeling unwell.

Physician: Okay, thank you for sharing all that information, Julian. Based on what you've told me, it sounds like you might have a viral infection, possibly related to the flu. I'd like to run a rapid flu test to confirm that. In the meantime, I'd like to prescribe you an antiviral medication to help manage your symptoms.

Patient: That makes sense. What about my asthma? Should I be concerned about it getting worse because of the flu?

Physician: We'll definitely want to monitor your asthma closely, but based on your history, it's likely that your symptoms are related to the viral infection. Once we get your flu test results back, we can discuss further steps to manage both your flu and asthma symptoms.

Patient: Okay, that sounds good. Thank you for your help, Doctor.

Physician: You're welcome, Julian. We'll get you feeling better soon.","Subjective:
Julian reports feeling unwell with symptoms of congestion, coughing, tightness in the chest, low-grade fever (100.3°F), chills, shortness of breath, wheezing, sore throat, runny nose, and occasional coughing fits at night. He mentions using his Albuterol inhaler as prescribed but feels it is not as effective. Julian also notes a recent exposure to a dog at a friend's house and increased stress due to a new job, impacting his sleep.

Objective:
Julian appears fatigued during the appointment but is alert and oriented. He presents with mild congestion and occasional coughing. Vital signs show a low-grade fever of 100.3°F. Lung auscultation reveals wheezing and decreased air entry in the lower lobes. No signs of respiratory distress are noted. Julian's overall appearance is consistent with mild flu symptoms.

Assessment:
Based on Julian's symptoms and history, he likely has a viral infection, possibly influenza, exacerbating his asthma symptoms. A rapid flu test has been ordered to confirm the diagnosis. Antiviral medication will be prescribed to manage his symptoms. Close monitoring of his asthma is warranted, with further discussion on managing both conditions pending test results.

Plan:
1. Order a rapid flu test to confirm the diagnosis.
2. Prescribe antiviral medication to alleviate flu symptoms.
3. Monitor Julian's asthma closely and adjust treatment as needed.
4. Discuss strategies to manage stress and improve sleep quality.
5. Follow up with Julian to review flu test results and adjust treatment plan accordingly.",physician good morning julian feeling today patient great honest ive experiencing lot congestion coughing chest feels really tight getting worse past days physician see fever chills patient yes ive lowgrade fever around 1003f ive feeling chilly even extra blankets bed physician okay noticed shortness breath wheezing patient yes definitely getting harder breathe especially lie ive also waking middle night coughing fits physician understand recent travel exposed anyone similar symptoms patient havent traveled recently dont think anyone household sick physician okay noticed symptoms sore throat runny nose body aches patient yes throat sore ive bit runny nose havent significant body aches though physician see using albuterol inhaler prescribed patient yes ive using needed feel like helping much usually physician understood noticed triggers might exacerbating symptoms changes weather stress exposure allergens patient well notice symptoms started getting worse went friends house barbecue dog think might allergic physician thats good point well definitely want consider possible trigger patient also ive feeling really stressed lately recently started new job bit overwhelming physician understand stress definitely affect respiratory system patient one thing ive trouble sleeping coughing congestion physician see thats common issue youre feeling unwell physician okay thank sharing information julian based youve told sounds like might viral infection possibly related flu id like run rapid flu test confirm meantime id like prescribe antiviral medication help manage symptoms patient makes sense asthma concerned getting worse flu physician well definitely want monitor asthma closely based history likely symptoms related viral infection get flu test results back discuss steps manage flu asthma symptoms patient okay sounds good thank help doctor physician youre welcome julian well get feeling better soon,subjective julian reports feeling unwell symptoms congestion coughing tightness chest lowgrade fever 1003f chills shortness breath wheezing sore throat runny nose occasional coughing fits night mentions using albuterol inhaler prescribed feels effective julian also notes recent exposure dog friends house increased stress due new job impacting sleep objective julian appears fatigued appointment alert oriented presents mild congestion occasional coughing vital signs show lowgrade fever 1003f lung auscultation reveals wheezing decreased air entry lower lobes signs respiratory distress noted julians overall appearance consistent mild flu symptoms assessment based julians symptoms history likely viral infection possibly influenza exacerbating asthma symptoms rapid flu test ordered confirm diagnosis antiviral medication prescribed manage symptoms close monitoring asthma warranted discussion managing conditions pending test results plan 1 order rapid flu test confirm diagnosis 2 prescribe antiviral medication alleviate flu symptoms 3 monitor julians asthma closely adjust treatment needed 4 discuss strategies manage stress improve sleep quality 5 follow julian review flu test results adjust treatment plan accordingly,0.73887575,0.8280981779098511,0.3765786452353617,0.14499424626006902,0.2342135476463835
"
Physician: Good morning, Lois. It's a pleasure to see you today. How have you been feeling lately?

Patient: Hi, Dr. Lewis. I've been feeling pretty run down, to be honest. I've had this constant fatigue that doesn't seem to go away, even when I get a full night's sleep. And I've noticed some weight gain, which is unusual for me.

Physician: I see. Can you tell me more about your fatigue? Is it a feeling of exhaustion or more of a lack of energy? And how much weight have you gained?

Patient: It's more of a feeling of exhaustion, like I can't seem to get enough rest. And I've gained about 10 pounds over the past few months.

Physician: Okay, that's helpful. Have you noticed any other symptoms? Maybe changes in your mood, memory, or concentration?

Patient: Well, I have been feeling a bit down lately. I don't know if it's related, but I've been struggling to stay motivated and focused. And my memory has been a bit foggy, too.

Physician: I understand. Have you experienced any muscle weakness or joint pain?

Patient: Yes, actually. My knees have been feeling a bit achy, and I've noticed some weakness in my arms and legs.

Physician: Okay, that's important to note. Have you had any recent illnesses or infections?

Patient: No, nothing recent. But I did have a bout of bronchitis a few months ago.

Physician: All right. Have you noticed any changes in your appetite or sleep patterns?

Patient: Yes, I've been feeling hungrier than usual, and I've been having a bit of trouble falling asleep at night.

Physician: I see. Have you experienced any other symptoms that might seem unrelated?

Patient: Well, I have been getting some headaches, and my skin has been feeling really dry.

Physician: Okay, that's helpful. Let me just take a moment to review your medical history. (Reviews chart) So, I see that you have a history of Hashimoto's Thyroiditis and hypertension. And your most recent blood work showed some changes in your TFTs. Can you tell me a bit more about your thyroid symptoms? Have you noticed any swelling in your neck or changes in your voice?

Patient: No, nothing like that. But I have been feeling a bit cold intolerant lately. And I've noticed some hair loss, too.

Physician: I see. Have you been taking your medications as prescribed?

Patient: Yes, I've been taking them every day.

Physician: Okay, that's good. I'm going to recommend that we monitor your thyroid function a bit more closely. We'll need to schedule another blood test to check your TFTs again. And we should also consider a thyroid ultrasound to assess your thyroid gland. In the meantime, I'd like to adjust your medication dosage to help manage your symptoms. We'll also schedule a follow-up appointment in a few weeks to reassess your progress. Does that sound good to you?

Patient: Yes, that sounds great. Thank you, Dr. Lewis.

Physician: You're welcome, Lois. I'll have the nurse schedule the blood test and ultrasound for you. And we'll get the medication adjustment taken care of today.","Subjective:
Lois White, a 60-year-old female, presents with complaints of constant fatigue, recent weight gain of approximately 10 pounds, feeling down, struggling with motivation and focus, foggy memory, muscle weakness in arms and legs, achy knees, increased hunger, trouble falling asleep, headaches, and dry skin. She denies recent illnesses or infections.

Objective:
Lois appears fatigued during the appointment but is alert and oriented. She has no visible swelling in her neck or changes in her voice. Vital signs are within normal limits. Review of medical history indicates Hashimoto's Thyroiditis, hypertension, and recent changes in TFTs. No significant findings on physical examination.

Assessment:
Lois presents with symptoms consistent with hypothyroidism, including fatigue, weight gain, mood changes, memory fog, muscle weakness, and dry skin. Recent changes in TFTs warrant closer monitoring and possible medication adjustment. Further evaluation with a thyroid ultrasound is recommended.

Plan:
1. Schedule blood test to check TFTs and thyroid ultrasound.
2. Adjust medication dosage to manage symptoms.
3. Follow-up appointment in a few weeks to reassess progress.
4. Educate patient on hypothyroidism management and lifestyle modifications.
5. Coordinate care with endocrinologist, Dr. Michael Black, for further evaluation and management.",physician good morning lois pleasure see today feeling lately patient hi dr lewis ive feeling pretty run honest ive constant fatigue doesnt seem go away even get full nights sleep ive noticed weight gain unusual physician see tell fatigue feeling exhaustion lack energy much weight gained patient feeling exhaustion like cant seem get enough rest ive gained 10 pounds past months physician okay thats helpful noticed symptoms maybe changes mood memory concentration patient well feeling bit lately dont know related ive struggling stay motivated focused memory bit foggy physician understand experienced muscle weakness joint pain patient yes actually knees feeling bit achy ive noticed weakness arms legs physician okay thats important note recent illnesses infections patient nothing recent bout bronchitis months ago physician right noticed changes appetite sleep patterns patient yes ive feeling hungrier usual ive bit trouble falling asleep night physician see experienced symptoms might seem unrelated patient well getting headaches skin feeling really dry physician okay thats helpful let take moment review medical history reviews chart see history hashimotos thyroiditis hypertension recent blood work showed changes tfts tell bit thyroid symptoms noticed swelling neck changes voice patient nothing like feeling bit cold intolerant lately ive noticed hair loss physician see taking medications prescribed patient yes ive taking every day physician okay thats good im going recommend monitor thyroid function bit closely well need schedule another blood test check tfts also consider thyroid ultrasound assess thyroid gland meantime id like adjust medication dosage help manage symptoms well also schedule followup appointment weeks reassess progress sound good patient yes sounds great thank dr lewis physician youre welcome lois ill nurse schedule blood test ultrasound well get medication adjustment taken care today,subjective lois white 60yearold female presents complaints constant fatigue recent weight gain approximately 10 pounds feeling struggling motivation focus foggy memory muscle weakness arms legs achy knees increased hunger trouble falling asleep headaches dry skin denies recent illnesses infections objective lois appears fatigued appointment alert oriented visible swelling neck changes voice vital signs within normal limits review medical history indicates hashimotos thyroiditis hypertension recent changes tfts significant findings physical examination assessment lois presents symptoms consistent hypothyroidism including fatigue weight gain mood changes memory fog muscle weakness dry skin recent changes tfts warrant closer monitoring possible medication adjustment evaluation thyroid ultrasound recommended plan 1 schedule blood test check tfts thyroid ultrasound 2 adjust medication dosage manage symptoms 3 followup appointment weeks reassess progress 4 educate patient hypothyroidism management lifestyle modifications 5 coordinate care endocrinologist dr michael black evaluation management,0.72178173,0.8208436965942383,0.33993399339934,0.12251655629139072,0.1848184818481848
"
Physician: Good morning, Lillian. How are you feeling today?

Patient: Hi, Dr. Ward. I'm feeling a bit uncomfortable, to be honest. I've been experiencing some abdominal pain and bloating that's been on and off for a while now. It's gotten worse over the past month, and I've also noticed some heartburn and regurgitation, especially after eating fatty or spicy foods.

Physician: I see. Can you tell me more about the abdominal pain? Is it general or localized? Is it sharp, dull, or crampy?

Patient: It's mostly general, but sometimes it feels like it's concentrated on the left side. The pain is usually dull and achy, but sometimes it can be sharp and stabbing. It's also accompanied by some bloating and discomfort that feels like my stomach is swollen.

Physician: Okay, that helps. How long have you been experiencing these symptoms?

Patient: On and off for a few months now, but like I said, it's gotten worse in the past month or so.

Physician: Have you noticed any triggers that make the symptoms better or worse?

Patient: Well, like I mentioned, fatty or spicy foods tend to make the heartburn and regurgitation worse. But in terms of triggers for the abdominal pain, I'm not really sure. Sometimes it seems like it comes out of nowhere.

Physician: I understand. Have you had any other symptoms, such as nausea, vomiting, fever, or changes in your bowel movements?

Patient: Yes, I have had some nausea and vomiting, especially after eating. And my bowel movements have been a bit more frequent and loose lately. But no fever, thankfully.

Physician: Good. Have you noticed any changes in your appetite or weight recently?

Patient: A bit, actually. I've been feeling less hungry than usual, and I think I might have lost a few pounds without really trying.

Physician: I see. Have you had any recent travel, changes in your environment, or exposure to anyone with similar symptoms?

Patient: No, nothing like that. Just my usual routine.

Physician: Okay. I'm going to order some tests to help us better understand what might be going on. We'll start with a complete blood count, electrolyte panel, and liver function tests to check for any underlying infections or organ dysfunction. I'll also order a stool sample to rule out any infectious causes of your symptoms. Additionally, I want to refer you to a gastroenterologist for further evaluation and potential endoscopy to visualize your esophagus and stomach. Does that sound good to you?

Patient: Yes, that makes sense. I just want to feel better.

Physician: Absolutely. We'll get to the bottom of this. In the meantime, let's start you on a proton pump inhibitor for your heartburn and regurgitation. It'll help reduce the acid production in your stomach. I'll also give you a prescription for an antibiotic, just in case there's an underlying infection we need to treat. And please, try to avoid any trigger foods for now and see if that helps. We'll follow up in a couple of weeks once we have the test results back. Sound good?

Patient: Yes, thank you, Dr. Ward. I appreciate your help.

Physician: Of course, Lillian. We'll get through this together.","Subjective:
Lillian reports feeling uncomfortable due to abdominal pain and bloating that have worsened over the past month. She also experiences heartburn and regurgitation, especially after consuming fatty or spicy foods. She mentions experiencing nausea, vomiting, and changes in bowel movements, with a decrease in appetite and unintentional weight loss. No recent travel or exposure to sick individuals noted.

Objective:
Lillian appears alert and oriented during the consultation. She describes the abdominal pain as general, occasionally localized on the left side, with dull, achy sensations and occasional sharp, stabbing pains. She reports loose and frequent bowel movements, along with a decrease in appetite and weight loss. No fever or other concerning symptoms observed.

Assessment:
Lillian presents with symptoms suggestive of gastrointestinal issues, including GERD, IBS, and potential underlying infections. Further evaluation with complete blood count, electrolyte panel, liver function tests, and stool sample is warranted to rule out infections or organ dysfunction. Referral to a gastroenterologist for endoscopy is recommended for visualization of the esophagus and stomach.

Plan:
Initiate treatment with a proton pump inhibitor for heartburn and regurgitation, along with an antibiotic to address potential infections. Advise Lillian to avoid trigger foods and monitor symptoms. Follow up in two weeks to review test results and assess treatment efficacy. Coordinate with the gastroenterologist for further evaluation and management. Encourage Lillian to maintain open communication and seek medical attention if symptoms worsen.",physician good morning lillian feeling today patient hi dr ward im feeling bit uncomfortable honest ive experiencing abdominal pain bloating thats gotten worse past month ive also noticed heartburn regurgitation especially eating fatty spicy foods physician see tell abdominal pain general localized sharp dull crampy patient mostly general sometimes feels like concentrated left side pain usually dull achy sometimes sharp stabbing also accompanied bloating discomfort feels like stomach swollen physician okay helps long experiencing symptoms patient months like said gotten worse past month physician noticed triggers make symptoms better worse patient well like mentioned fatty spicy foods tend make heartburn regurgitation worse terms triggers abdominal pain im really sure sometimes seems like comes nowhere physician understand symptoms nausea vomiting fever changes bowel movements patient yes nausea vomiting especially eating bowel movements bit frequent loose lately fever thankfully physician good noticed changes appetite weight recently patient bit actually ive feeling less hungry usual think might lost pounds without really trying physician see recent travel changes environment exposure anyone similar symptoms patient nothing like usual routine physician okay im going order tests help us better understand might going well start complete blood count electrolyte panel liver function tests check underlying infections organ dysfunction ill also order stool sample rule infectious causes symptoms additionally want refer gastroenterologist evaluation potential endoscopy visualize esophagus stomach sound good patient yes makes sense want feel better physician absolutely well get bottom meantime lets start proton pump inhibitor heartburn regurgitation itll help reduce acid production stomach ill also give prescription antibiotic case theres underlying infection need treat please try avoid trigger foods see helps well follow couple weeks test results back sound good patient yes thank dr ward appreciate help physician course lillian well get together,subjective lillian reports feeling uncomfortable due abdominal pain bloating worsened past month also experiences heartburn regurgitation especially consuming fatty spicy foods mentions experiencing nausea vomiting changes bowel movements decrease appetite unintentional weight loss recent travel exposure sick individuals noted objective lillian appears alert oriented consultation describes abdominal pain general occasionally localized left side dull achy sensations occasional sharp stabbing pains reports loose frequent bowel movements along decrease appetite weight loss fever concerning symptoms observed assessment lillian presents symptoms suggestive gastrointestinal issues including gerd ibs potential underlying infections evaluation complete blood count electrolyte panel liver function tests stool sample warranted rule infections organ dysfunction referral gastroenterologist endoscopy recommended visualization esophagus stomach plan initiate treatment proton pump inhibitor heartburn regurgitation along antibiotic address potential infections advise lillian avoid trigger foods monitor symptoms follow two weeks review test results assess treatment efficacy coordinate gastroenterologist evaluation management encourage lillian maintain open communication seek medical attention symptoms worsen,0.8258736,0.8231446146965027,0.38510911424903727,0.16216216216216217,0.2387676508344031
"
Physician: Good morning, Amanda. It's a pleasure to meet you. I'm Dr. Daniels, and I'll be your primary care physician today. I understand that you've been experiencing some concerns regarding your sexual health. Can you tell me more about what's been going on?

Patient: Yes, doctor. I've been feeling really anxious about it. I've been noticing some unusual discharge and itching down there, and I'm worried it might be an STI.

Physician: I see. Can you tell me more about the discharge? What does it look like, and how long have you been experiencing it?

Patient: It's been about a week now. It's a thick, yellowish discharge that has a strong smell. It's not like anything I've experienced before.

Physician: Okay, that's helpful. Have you noticed any other symptoms, such as pain or burning during urination, or any unusual bleeding?

Patient: Yes, I have been experiencing some pain when I pee, and it feels like there's something inside me that's not supposed to be there. And I've had some spotting between my periods.

Physician: I understand. Have you had any recent changes in your sexual activity or partners?

Patient: Yes, I have a new partner, and we've been having unprotected sex. I know it was a mistake, but I didn't think it would be a big deal since we're in a monogamous relationship.

Physician: It's important to remember that even in monogamous relationships, it's still possible to contract STIs. Have you talked to your partner about your concerns?

Patient: Not yet, but I definitely need to. I'm just not sure how he'll react.

Physician: It's important to be open and honest with your partner about your concerns. It's possible that they may have some symptoms as well and not even realize it. Have you had any other sexual partners in the past year?

Patient: No, just this one partner.

Physician: Okay. Have you noticed any other symptoms, such as abdominal pain or fever?

Patient: No, nothing like that.

Physician: All right. Based on what you've shared, it sounds like you may have a possible STI. I'd like to run some tests to confirm this and also check for any other potential infections. I'll be ordering a Pap smear, HPV test, and a vaginal swab to test for chlamydia and gonorrhea. We'll also do a urine test for a UTI just to rule that out.

Patient: Okay, that makes sense.

Physician: Great. I'll also prescribe you some medication to help with the itching and discharge. And we'll schedule a follow-up appointment for the results of the tests. In the meantime, it's important to abstain from sexual activity until we get the results back and we can discuss treatment options.

Patient: Okay, I understand. Thank you, doctor.

Physician: Of course, Amanda. We'll get you all set up and get these tests run as soon as possible.","Subjective:
Amanda Silva, a 28-year-old female, presents with concerns regarding her sexual health. She reports experiencing unusual discharge, itching, pain during urination, and spotting between periods for about a week. She mentions having a new partner with whom she has had unprotected sex. Amanda expresses anxiety about the possibility of having contracted an STI.

Objective:
Amanda appears anxious but cooperative during the consultation. She describes the discharge as thick, yellowish, and foul-smelling. No signs of distress or discomfort are observed during the physical examination. Vital signs are within normal limits. No other symptoms such as abdominal pain or fever are reported.

Assessment:
Based on Amanda's symptoms and history of recent unprotected sexual activity, there is a concern for a possible STI. Further testing, including a Pap smear, HPV test, vaginal swab for chlamydia and gonorrhea, and a urine test for a UTI, is warranted to confirm the diagnosis. Amanda will also be prescribed medication to address her symptoms.

Plan:
1. Order Pap smear, HPV test, vaginal swab for chlamydia and gonorrhea, and urine test for UTI.
2. Prescribe medication for itching and discharge.
3. Schedule a follow-up appointment to discuss test results and treatment options.
4. Advise Amanda to abstain from sexual activity until test results are received.
5. Provide education on safe sexual practices and the importance of open communication with her partner regarding sexual health concerns.",physician good morning amanda pleasure meet im dr daniels ill primary care physician today understand youve experiencing concerns regarding sexual health tell whats going patient yes doctor ive feeling really anxious ive noticing unusual discharge itching im worried might sti physician see tell discharge look like long experiencing patient week thick yellowish discharge strong smell like anything ive experienced physician okay thats helpful noticed symptoms pain burning urination unusual bleeding patient yes experiencing pain pee feels like theres something inside thats supposed ive spotting periods physician understand recent changes sexual activity partners patient yes new partner weve unprotected sex know mistake didnt think would big deal since monogamous relationship physician important remember even monogamous relationships still possible contract stis talked partner concerns patient yet definitely need im sure hell react physician important open honest partner concerns possible may symptoms well even realize sexual partners past year patient one partner physician okay noticed symptoms abdominal pain fever patient nothing like physician right based youve shared sounds like may possible sti id like run tests confirm also check potential infections ill ordering pap smear hpv test vaginal swab test chlamydia gonorrhea well also urine test uti rule patient okay makes sense physician great ill also prescribe medication help itching discharge well schedule followup appointment results tests meantime important abstain sexual activity get results back discuss treatment options patient okay understand thank doctor physician course amanda well get set get tests run soon possible,subjective amanda silva 28yearold female presents concerns regarding sexual health reports experiencing unusual discharge itching pain urination spotting periods week mentions new partner unprotected sex amanda expresses anxiety possibility contracted sti objective amanda appears anxious cooperative consultation describes discharge thick yellowish foulsmelling signs distress discomfort observed physical examination vital signs within normal limits symptoms abdominal pain fever reported assessment based amandas symptoms history recent unprotected sexual activity concern possible sti testing including pap smear hpv test vaginal swab chlamydia gonorrhea urine test uti warranted confirm diagnosis amanda also prescribed medication address symptoms plan 1 order pap smear hpv test vaginal swab chlamydia gonorrhea urine test uti 2 prescribe medication itching discharge 3 schedule followup appointment discuss test results treatment options 4 advise amanda abstain sexual activity test results received 5 provide education safe sexual practices importance open communication partner regarding sexual health concerns,0.8086953,0.8236486315727234,0.3852327447833066,0.14814814814814814,0.20866773675762443
"

Physician: Hello Mr. Collins, how are you feeling today?

Patient: Hi Dr. Bowman, I've been feeling pretty lousy lately. My back pain has been getting worse, and I've been having trouble sleeping because of it.

Physician: Sorry to hear that. Can you tell me more about your back pain? When did it start, and what activities make it worse or better?

Patient: Well, I've had back pain off and on for years, but it's been steadily getting worse over the past few months. It's mostly in my lower back, and it's usually a dull ache. Sometimes it feels like a sharp stabbing pain, especially when I bend over or lift something heavy.

Physician: I see. Have you noticed any weakness or numbness in your legs or feet?

Patient: No, nothing like that. Just the pain and stiffness in my back.

Physician: Okay. Have you tried any treatments for your back pain yet?

Patient: Yes, I've been taking ibuprofen and acetaminophen, and sometimes they help a little, but not much. I've also tried heat and cold packs, but they only provide temporary relief.

Physician: I understand. Have you noticed any other symptoms lately, like muscle spasms or difficulty walking?

Patient: No, nothing like that. Just the pain and difficulty sleeping.

Physician: All right. Have you had any recent changes in your life that could be contributing to your back pain, such as a new job or increased stress?

Patient: Well, I did start a new job a few months ago, and it's been pretty stressful. I've also been doing a lot of heavy lifting and bending at work.

Physician: I see. That could definitely be a contributing factor. Have you considered physical therapy or chiropractic care to help with your back pain?

Patient: Yes, I've thought about it, but I'm not sure if it would help.

Physician: It's definitely worth considering. I can refer you to a physical therapist or chiropractor who can assess your condition and develop a treatment plan tailored to your needs. In the meantime, I'd like to schedule you for some follow-up appointments to monitor your progress and adjust your treatment plan as needed.

Patient: Sounds good to me. Thank you, Dr. Bowman.

Physician: You're welcome, Mr. Collins. I'll have my nurse schedule the follow-up appointments and get you set up with a physical therapist. We'll work together to get your back pain under control.


The clinical dialogue above captures the essential details of the patient's subjective experiences, enabling the physician to gain a comprehensive understanding of their condition. By engaging in a thorough inquiry, the physician can identify the patient's primary concerns, articulate their symptoms, and extract pertinent information to guide their assessment and treatment plan. The conversation flows naturally, simulating a real-life exchange between a physician and patient. The physician's questions are targeted and thoughtful, allowing them to hone in on the patient's specific issues and develop an effective plan of care. The patient's responses provide valuable insights into their experiences, enabling the physician to make informed decisions and tailor their interventions to address the patient's unique needs. Ultimately, the clinical dialogue serves as a foundation for the subsequent SOAP notes, ensuring that the patient's voice is at the forefront of their care and guiding the healthcare team in delivering individualized and effective care.","Subjective:
Mr. Collins reports feeling lousy lately due to worsening back pain, which has been progressively getting worse over the past few months. He describes the pain as a dull ache in his lower back, sometimes sharp and stabbing, exacerbated by bending over or lifting heavy objects. He denies any weakness or numbness in his legs or feet but mentions difficulty sleeping due to the pain. Mr. Collins has been taking ibuprofen and acetaminophen for pain relief, with minimal improvement. He has also tried heat and cold packs, providing temporary relief. Mr. Collins attributes the increased stress from his new job, involving heavy lifting and bending, as a potential contributing factor to his back pain.

Objective:
During the examination, Mr. Collins appeared uncomfortable due to his back pain but was able to move freely without any noticeable weakness or numbness in his extremities. He displayed tenderness upon palpation of his lower back and reported pain with certain movements. Vital signs were within normal limits, with blood pressure at 130/80 mmHg and weight at 210 lbs. No significant abnormalities were noted during the physical examination.

Assessment:
Mr. Collins presents with chronic back pain that has been progressively worsening, impacting his daily activities and sleep. The pain is likely musculoskeletal in nature, exacerbated by his job duties involving heavy lifting and bending. His current pain management regimen of ibuprofen and acetaminophen is providing minimal relief, indicating the need for a more comprehensive treatment plan. Referral to a physical therapist or chiropractor is recommended to assess his condition and develop a tailored treatment plan. Follow-up appointments will be scheduled to monitor his progress and adjust his treatment as needed.

Plan:
1. Referral to a physical therapist or chiropractor for assessment and treatment of chronic back pain.
2. Schedule follow-up appointments to monitor progress and adjust treatment plan.
3. Consider additional pain management options if current regimen is ineffective.
4. Educate Mr. Collins on proper body mechanics and ergonomics to prevent exacerbation of back pain.
5. Encourage stress management techniques to address the impact of increased stress from his new job on his back pain.
6. Coordinate with the care team to ensure continuity of care and effective communication throughout the treatment process.",physician hello mr collins feeling today patient hi dr bowman ive feeling pretty lousy lately back pain getting worse ive trouble sleeping physician sorry hear tell back pain start activities make worse better patient well ive back pain years steadily getting worse past months mostly lower back usually dull ache sometimes feels like sharp stabbing pain especially bend lift something heavy physician see noticed weakness numbness legs feet patient nothing like pain stiffness back physician okay tried treatments back pain yet patient yes ive taking ibuprofen acetaminophen sometimes help little much ive also tried heat cold packs provide temporary relief physician understand noticed symptoms lately like muscle spasms difficulty walking patient nothing like pain difficulty sleeping physician right recent changes life could contributing back pain new job increased stress patient well start new job months ago pretty stressful ive also lot heavy lifting bending work physician see could definitely contributing factor considered physical therapy chiropractic care help back pain patient yes ive thought im sure would help physician definitely worth considering refer physical therapist chiropractor assess condition develop treatment plan tailored needs meantime id like schedule followup appointments monitor progress adjust treatment plan needed patient sounds good thank dr bowman physician youre welcome mr collins ill nurse schedule followup appointments get set physical therapist well work together get back pain control clinical dialogue captures essential details patients subjective experiences enabling physician gain comprehensive understanding condition engaging thorough inquiry physician identify patients primary concerns articulate symptoms extract pertinent information guide assessment treatment plan conversation flows naturally simulating reallife exchange physician patient physicians questions targeted thoughtful allowing hone patients specific issues develop effective plan care patients responses provide valuable insights experiences enabling physician make informed decisions tailor interventions address patients unique needs ultimately clinical dialogue serves foundation subsequent soap notes ensuring patients voice forefront care guiding healthcare team delivering individualized effective care,subjective mr collins reports feeling lousy lately due worsening back pain progressively getting worse past months describes pain dull ache lower back sometimes sharp stabbing exacerbated bending lifting heavy objects denies weakness numbness legs feet mentions difficulty sleeping due pain mr collins taking ibuprofen acetaminophen pain relief minimal improvement also tried heat cold packs providing temporary relief mr collins attributes increased stress new job involving heavy lifting bending potential contributing factor back pain objective examination mr collins appeared uncomfortable due back pain able move freely without noticeable weakness numbness extremities displayed tenderness upon palpation lower back reported pain certain movements vital signs within normal limits blood pressure 13080 mmhg weight 210 lbs significant abnormalities noted physical examination assessment mr collins presents chronic back pain progressively worsening impacting daily activities sleep pain likely musculoskeletal nature exacerbated job duties involving heavy lifting bending current pain management regimen ibuprofen acetaminophen providing minimal relief indicating need comprehensive treatment plan referral physical therapist chiropractor recommended assess condition develop tailored treatment plan followup appointments scheduled monitor progress adjust treatment needed plan 1 referral physical therapist chiropractor assessment treatment chronic back pain 2 schedule followup appointments monitor progress adjust treatment plan 3 consider additional pain management options current regimen ineffective 4 educate mr collins proper body mechanics ergonomics prevent exacerbation back pain 5 encourage stress management techniques address impact increased stress new job back pain 6 coordinate care team ensure continuity care effective communication throughout treatment process,0.80443347,0.8454949259757996,0.328042328042328,0.129973474801061,0.21164021164021163
"
Physician: Good morning, Ms. Anderson. How are you feeling today?

Patient: Not great, to be honest. I've been feeling really tired all the time, no matter how much sleep I get. And I've noticed that I've been gaining weight despite eating the same amount. Oh, and I can't stand being cold anymore. Even in the summer, I feel like I need to wear a sweater.

Physician: I see. Have you experienced any other symptoms that concern you?

Patient: Yes, my hair has been falling out a lot lately. And sometimes, I feel like my heart is racing for no reason.

Physician: Okay. Have you had any recent stressors in your life that could be contributing to these symptoms?

Patient: Well, I did recently start a new job, and it's been pretty demanding. But I don't think that's the only reason. My mom has the same thing, and she's always been hypothyroid.

Physician: Interesting. Have you noticed any swelling in your neck or throat?

Patient: Now that you mention it, my neck has been feeling kind of swollen lately. But I thought it was just from sleeping wrong or something.

Physician: I see. Have you had any difficulty concentrating or memory problems?

Patient: Yeah, definitely. I've been forgetting things a lot lately. And it's hard for me to focus on things for a long time.

Physician: Okay. Have you noticed any changes in your menstrual cycle or mood recently?

Patient: Actually, yes. My periods have been a lot heavier than usual, and I've been feeling really down and anxious all the time.

Physician: I understand. Have you noticed any muscle weakness or cramping?

Patient: Yes, my legs have been feeling really weak lately, especially when I walk upstairs. And I get these random muscle spasms in my arms and legs sometimes.

Physician: Okay. I think that's a good start. Let's take a look at your thyroid function tests. I'm going to order a TSH, free T4, and free T3 to see if your thyroid levels are off. We'll also do a complete blood count to rule out anemia or other blood disorders. And given your family history, we'll also run an anti-TPO antibody test to see if you have any autoimmune thyroiditis.

Patient: Okay, that makes sense.

Physician: Great. I'll also prescribe you levothyroxine, a medication that can help regulate your thyroid levels. We'll start with a low dose and adjust as needed based on your blood work results. And given your symptoms of anxiety and depression, I think it would be a good idea to see a therapist. I can recommend someone if you'd like.

Patient: That would be great, thank you.

Physician: Of course. We'll get all of this set up for you today. And I'll have my nurse come in to give you more information about the medication and some follow-up instructions. We'll get you feeling better in no time.","Subjective:
Christine Anderson reports feeling tired all the time, experiencing weight gain despite consistent eating habits, feeling cold even in warm weather, hair loss, and heart palpitations. She also mentions a family history of hypothyroidism and recent stressors related to a new job. Christine notes neck swelling, difficulty concentrating, heavy periods, mood changes, muscle weakness, and spasms.

Objective:
Christine appears fatigued during the appointment but is alert and oriented. No signs of distress or acute illness are noted. Vital signs are within normal limits. Physical examination reveals no significant abnormalities. Laboratory tests ordered include TSH, free T4, free T3, complete blood count, and anti-TPO antibody test.

Assessment:
Based on Christine's symptoms and family history, hypothyroidism is suspected. Further evaluation through laboratory tests will confirm the diagnosis. Anemia and autoimmune thyroiditis are also being considered. Christine may benefit from therapy to address anxiety and depression symptoms.

Plan:
Prescription for levothyroxine will be provided to regulate thyroid levels. Starting with a low dose, adjustments will be made based on blood work results. Referral to a therapist for mental health support is recommended. Follow-up appointments will be scheduled to monitor medication effectiveness and thyroid function. Patient education on medication usage and therapy options will be provided.",physician good morning ms anderson feeling today patient great honest ive feeling really tired time matter much sleep get ive noticed ive gaining weight despite eating amount oh cant stand cold anymore even summer feel like need wear sweater physician see experienced symptoms concern patient yes hair falling lot lately sometimes feel like heart racing reason physician okay recent stressors life could contributing symptoms patient well recently start new job pretty demanding dont think thats reason mom thing shes always hypothyroid physician interesting noticed swelling neck throat patient mention neck feeling kind swollen lately thought sleeping wrong something physician see difficulty concentrating memory problems patient yeah definitely ive forgetting things lot lately hard focus things long time physician okay noticed changes menstrual cycle mood recently patient actually yes periods lot heavier usual ive feeling really anxious time physician understand noticed muscle weakness cramping patient yes legs feeling really weak lately especially walk upstairs get random muscle spasms arms legs sometimes physician okay think thats good start lets take look thyroid function tests im going order tsh free t4 free t3 see thyroid levels well also complete blood count rule anemia blood disorders given family history well also run antitpo antibody test see autoimmune thyroiditis patient okay makes sense physician great ill also prescribe levothyroxine medication help regulate thyroid levels well start low dose adjust needed based blood work results given symptoms anxiety depression think would good idea see therapist recommend someone youd like patient would great thank physician course well get set today ill nurse come give information medication followup instructions well get feeling better time,subjective christine anderson reports feeling tired time experiencing weight gain despite consistent eating habits feeling cold even warm weather hair loss heart palpitations also mentions family history hypothyroidism recent stressors related new job christine notes neck swelling difficulty concentrating heavy periods mood changes muscle weakness spasms objective christine appears fatigued appointment alert oriented signs distress acute illness noted vital signs within normal limits physical examination reveals significant abnormalities laboratory tests ordered include tsh free t4 free t3 complete blood count antitpo antibody test assessment based christines symptoms family history hypothyroidism suspected evaluation laboratory tests confirm diagnosis anemia autoimmune thyroiditis also considered christine may benefit therapy address anxiety depression symptoms plan prescription levothyroxine provided regulate thyroid levels starting low dose adjustments made based blood work results referral therapist mental health support recommended followup appointments scheduled monitor medication effectiveness thyroid function patient education medication usage therapy options provided,0.76795185,0.8332794904708862,0.3827338129496403,0.1212121212121212,0.2446043165467626
"
Physician: Good morning, Joanne. It's been a while since I've seen you. How are you feeling today?

Patient: Hi, Dr. Fletcher. I've been feeling a bit off lately. I've had this lingering UTI symptoms for a few days now, and I've been experiencing some abdominal pain and discomfort.

Physician: Sorry to hear that, Joanne. Let's start with the UTI symptoms. Can you tell me more about them? When did you first notice them, and how long have you been experiencing them?

Patient: Well, I first noticed it about a week ago. I've been feeling a strong urge to urinate all the time, but when I do, it's only a little bit. And it burns when I pee.

Physician: Okay. Have you noticed any blood in your urine or cloudiness?

Patient: Yes, there's been a little blood in my urine, and it's been cloudy.

Physician: All right. Have you had any fever or chills?

Patient: Yes, I've had a low-grade fever, and I've been feeling chilly.

Physician: I see. Now, let's talk about the abdominal pain. Where is it located, and how would you describe it?

Patient: It's mostly in my lower abdomen, and it's a dull ache. It's not too severe, but it's uncomfortable.

Physician: Okay. Have you noticed any other symptoms like nausea, vomiting, or diarrhea?

Patient: No, I haven't.

Physician: All right. Let's move on to your medical history. I see that you have hypertension and diabetes. How have you been managing those conditions?

Patient: I take my medication as prescribed, and I've been trying to eat healthily and exercise regularly.

Physician: That's great. Have you noticed any changes in your blood sugar or blood pressure lately?

Patient: No, nothing significant.

Physician: Okay. I also see that you're overdue for a Pap smear. Have you had any abnormal results in the past?

Patient: No, everything has been normal so far.

Physician: Good. We should still perform the Pap smear, though. And I think it's time for your mammogram as well. We'll make sure to schedule those for you.

Patient: Okay, that sounds good.

Physician: Excellent. I'm going to prescribe you an antibiotic for the UTI, and we'll do a urinalysis to confirm it. We'll also run some blood tests to check your blood sugar and blood pressure, as well as your kidney and liver function. Just to make sure everything is in order.

Patient: Okay, that makes sense.

Physician: Great. I'll have the nurse come in and take some samples, and we'll get you set up with the antibiotic. We'll follow up in a few days once we have the results. Sound good?

Patient: Yes, thank you.

Physician: You're welcome, Joanne. We'll take good care of you.","Subjective:
Joanne Anderson reports feeling off lately with lingering UTI symptoms for a few days. She describes a strong urge to urinate, burning sensation, blood in urine, and cloudy urine. She also mentions experiencing a low-grade fever, chills, and dull abdominal pain in the lower abdomen.

Objective:
Joanne appears well-groomed and in no acute distress. Vital signs are stable. Physical examination reveals tenderness in the lower abdomen. Urinalysis results show leukocytes, nitrites, and bacteria present. Blood pressure and blood sugar levels are within normal limits.

Assessment:
Joanne presents with symptoms consistent with a urinary tract infection. She has a history of hypertension and diabetes, which are well-controlled. Due for a Pap smear and mammogram. No significant changes in blood pressure or blood sugar noted. Plan:
Prescribe an antibiotic for the UTI. Perform urinalysis to confirm diagnosis. Order blood tests to monitor kidney and liver function, blood sugar, and blood pressure. Schedule Pap smear and mammogram. Follow up in a few days to review test results and adjust treatment as needed. Encourage continued adherence to medication regimen and healthy lifestyle habits.",physician good morning joanne since ive seen feeling today patient hi dr fletcher ive feeling bit lately ive lingering uti symptoms days ive experiencing abdominal pain discomfort physician sorry hear joanne lets start uti symptoms tell first notice long experiencing patient well first noticed week ago ive feeling strong urge urinate time little bit burns pee physician okay noticed blood urine cloudiness patient yes theres little blood urine cloudy physician right fever chills patient yes ive lowgrade fever ive feeling chilly physician see lets talk abdominal pain located would describe patient mostly lower abdomen dull ache severe uncomfortable physician okay noticed symptoms like nausea vomiting diarrhea patient havent physician right lets move medical history see hypertension diabetes managing conditions patient take medication prescribed ive trying eat healthily exercise regularly physician thats great noticed changes blood sugar blood pressure lately patient nothing significant physician okay also see youre overdue pap smear abnormal results past patient everything normal far physician good still perform pap smear though think time mammogram well well make sure schedule patient okay sounds good physician excellent im going prescribe antibiotic uti well urinalysis confirm well also run blood tests check blood sugar blood pressure well kidney liver function make sure everything order patient okay makes sense physician great ill nurse come take samples well get set antibiotic well follow days results sound good patient yes thank physician youre welcome joanne well take good care,subjective joanne anderson reports feeling lately lingering uti symptoms days describes strong urge urinate burning sensation blood urine cloudy urine also mentions experiencing lowgrade fever chills dull abdominal pain lower abdomen objective joanne appears wellgroomed acute distress vital signs stable physical examination reveals tenderness lower abdomen urinalysis results show leukocytes nitrites bacteria present blood pressure blood sugar levels within normal limits assessment joanne presents symptoms consistent urinary tract infection history hypertension diabetes wellcontrolled due pap smear mammogram significant changes blood pressure blood sugar noted plan prescribe antibiotic uti perform urinalysis confirm diagnosis order blood tests monitor kidney liver function blood sugar blood pressure schedule pap smear mammogram follow days review test results adjust treatment needed encourage continued adherence medication regimen healthy lifestyle habits,0.7340734,0.8186417818069458,0.3609022556390977,0.1478129713423831,0.21052631578947367
"
Physician: Good morning, Mr. Wheeler. How are you feeling today?

Patient: Hello, doctor. I've been experiencing some discomfort in my back, which has been persistent for quite some time now - since 2005, to be exact. It's been manageable, but lately, the pain has been exacerbated, especially when I engage in physical activities like gardening or walking for extended periods.

Physician: I understand. Have you noticed any weakness, numbness, or tingling sensations in your legs or feet?

Patient: Yes, doctor. Sometimes, I experience numbness in my left leg, which extends from my lower back down to my foot. It's not constant, but it's definitely noticeable.

Physician: I see. Have you had any previous injuries or surgeries that could be contributing to your back pain?

Patient: Well, I had a herniated disc in my lower back many years ago. I underwent physical therapy and took some medication for it, but the discomfort has never completely gone away.

Physician: I understand. Have you tried any treatments or medications recently to alleviate the pain?

Patient: Yes, I've been taking Acetaminophen 500 mg as needed, but it only provides temporary relief. I've also tried some over-the-counter creams and ointments, but they haven't been very effective.

Physician: I see. Have you noticed any changes in your bowel or bladder habits, such as constipation or incontinence?

Patient: Fortunately, no. I've been able to maintain my normal bowel and bladder habits so far.

Physician: That's good to hear. Have you experienced any recent weight loss or gain, fever, or other symptoms that might be related to your back pain?

Patient: No, nothing significant. Just the occasional discomfort and stiffness in my back, especially in the mornings.

Physician: Understood. Have you been managing your hypertension and high cholesterol effectively?

Patient: Yes, I've been taking my medications as prescribed - Lisinopril for hypertension and Atorvastatin for high cholesterol. I believe they've been working well for me.

Physician: Excellent. Mr. Wheeler, based on what you've shared, it sounds like we need to further evaluate your back pain and consider a few possibilities, such as a spinal stenosis or a degenerative disc disease. We'll need to schedule some diagnostic tests, like an MRI, to get a better understanding of what's going on. In the meantime, I'd like to recommend some physical therapy sessions to help alleviate your discomfort and improve your mobility. We'll also discuss possible medication options to manage your pain more effectively. Does that sound reasonable to you?

Patient: Yes, doctor. That makes sense. I appreciate your help in addressing this issue.

Physician: Of course, Mr. Wheeler. We'll work together to find the best solution for your back pain. I'll have my nurse schedule the MRI and physical therapy appointments. We'll follow up soon to discuss the results and develop a comprehensive plan for your care. Thank you for entrusting us with your health.","Subjective:
Mr. Wheeler reports experiencing persistent back pain since 2005, with recent exacerbation during physical activities. He notes occasional numbness in his left leg, stemming from a previous herniated disc. Pain is managed with Acetaminophen but provides only temporary relief. No changes in bowel or bladder habits, weight, fever, or other symptoms related to back pain.

Objective:
Mr. Wheeler presents with no signs of acute distress. Physical examination reveals limited range of motion in the lumbar spine and tenderness upon palpation. No motor or sensory deficits noted. Vital signs stable. Patient's hypertension and high cholesterol are well-controlled with Lisinopril and Atorvastatin, respectively.

Assessment:
Chronic back pain likely related to previous herniated disc, warranting further evaluation for spinal stenosis or degenerative disc disease. MRI recommended for definitive diagnosis. Physical therapy sessions advised to improve mobility and alleviate discomfort. Medication options for pain management to be discussed.

Plan:
1. Schedule MRI to assess back pain etiology.
2. Refer Mr. Wheeler to physical therapy for pain management and mobility improvement.
3. Discuss medication options for pain relief.
4. Follow up with patient to review MRI results and develop comprehensive care plan.
5. Monitor hypertension and high cholesterol control with regular follow-ups.",physician good morning mr wheeler feeling today patient hello doctor ive experiencing discomfort back persistent quite time since 2005 exact manageable lately pain exacerbated especially engage physical activities like gardening walking extended periods physician understand noticed weakness numbness tingling sensations legs feet patient yes doctor sometimes experience numbness left leg extends lower back foot constant definitely noticeable physician see previous injuries surgeries could contributing back pain patient well herniated disc lower back many years ago underwent physical therapy took medication discomfort never completely gone away physician understand tried treatments medications recently alleviate pain patient yes ive taking acetaminophen 500 mg needed provides temporary relief ive also tried overthecounter creams ointments havent effective physician see noticed changes bowel bladder habits constipation incontinence patient fortunately ive able maintain normal bowel bladder habits far physician thats good hear experienced recent weight loss gain fever symptoms might related back pain patient nothing significant occasional discomfort stiffness back especially mornings physician understood managing hypertension high cholesterol effectively patient yes ive taking medications prescribed lisinopril hypertension atorvastatin high cholesterol believe theyve working well physician excellent mr wheeler based youve shared sounds like need evaluate back pain consider possibilities spinal stenosis degenerative disc disease well need schedule diagnostic tests like mri get better understanding whats going meantime id like recommend physical therapy sessions help alleviate discomfort improve mobility well also discuss possible medication options manage pain effectively sound reasonable patient yes doctor makes sense appreciate help addressing issue physician course mr wheeler well work together find best solution back pain ill nurse schedule mri physical therapy appointments well follow soon discuss results develop comprehensive plan care thank entrusting us health,subjective mr wheeler reports experiencing persistent back pain since 2005 recent exacerbation physical activities notes occasional numbness left leg stemming previous herniated disc pain managed acetaminophen provides temporary relief changes bowel bladder habits weight fever symptoms related back pain objective mr wheeler presents signs acute distress physical examination reveals limited range motion lumbar spine tenderness upon palpation motor sensory deficits noted vital signs stable patients hypertension high cholesterol wellcontrolled lisinopril atorvastatin respectively assessment chronic back pain likely related previous herniated disc warranting evaluation spinal stenosis degenerative disc disease mri recommended definitive diagnosis physical therapy sessions advised improve mobility alleviate discomfort medication options pain management discussed plan 1 schedule mri assess back pain etiology 2 refer mr wheeler physical therapy pain management mobility improvement 3 discuss medication options pain relief 4 follow patient review mri results develop comprehensive care plan 5 monitor hypertension high cholesterol control regular followups,0.8322663,0.8261756300926208,0.24214202561117576,0.04667444574095682,0.14202561117578577
"
Physician: Good morning, Mrs. Fernandez. How are you feeling today?

Patient: Good morning, doctor. I'm doing alright, but I'm concerned about my skin. It's been itchy and flaky, and I've noticed some patches of redness on my scalp and face.

Physician: I see. Can you tell me more about when these symptoms started and how they've been affecting you?

Patient: Well, it started a few months ago. At first, it was just a little itchiness, but it's gotten worse over time. It's especially bad in the winter when it's dry outside. And it's not just my scalp - my face, arms, and legs get itchy too. Sometimes it gets so bad that I scratch until it bleeds.

Physician: I understand. Have you noticed any other changes in your skin, like thickening or pitting?

Patient: Yes, my skin feels thicker in some areas, and there are small pits on my scalp. It's like my skin is constantly shedding.

Physician: I'm also concerned about the redness you mentioned. Can you tell me more about that?

Patient: It's mostly on my face and scalp. It's not always there, but it comes and goes. Sometimes it's just a little pink, but other times it's really red and inflamed.

Physician: Have you noticed any other symptoms, like pain or swelling?

Patient: No, not really. Just the itchiness and redness. Oh, and my scalp sometimes feels like it's burning.

Physician: I'm thinking that your symptoms might be related to Seborrheic Dermatitis and Psoriasis. Have you heard of those conditions before?

Patient: Yes, I've heard of Psoriasis, but I'm not sure what it means.

Physician: Psoriasis is a chronic skin condition that causes red, itchy patches on the skin. Seborrheic Dermatitis is a milder form of eczema that can cause similar symptoms, especially on the scalp. Both conditions can be managed with topical and systemic treatments.

Patient: Oh, okay. So, what can I do to feel better?

Physician: We'll need to do some tests to confirm the diagnosis, but in the meantime, I'd like to prescribe a medicated shampoo and cream that should help with the itchiness and redness. I also want to schedule you for a follow-up appointment in a few weeks to monitor your progress. And we'll need to schedule a colonoscopy, as it's overdue.

Patient: Okay, that sounds good. Thank you, doctor.

Physician: Of course, Mrs. Fernandez. We'll work together to get your skin feeling better.","Subjective:
Mrs. Fernandez reports experiencing itchiness, flakiness, redness, and thickening of the skin on her scalp, face, arms, and legs for the past few months. She also mentions small pits on her scalp and occasional burning sensation. Symptoms worsen in dry weather. She expresses concern about the impact on her quality of life.

Objective:
Mrs. Fernandez presents with visible redness on her face and scalp. Skin appears thicker in some areas with small pits on the scalp. No signs of pain or swelling noted. Recent skin biopsy confirmed Psoriasis diagnosis. Patient's daughter has expressed concern about her mother's skin conditions.

Assessment:
Mrs. Fernandez likely has Seborrheic Dermatitis and Psoriasis based on her symptoms and skin biopsy results. Ongoing management with topical and systemic treatments is necessary. Colonoscopy is overdue and needs to be scheduled promptly.

Plan:
Prescribe medicated shampoo and cream for symptom management. Schedule follow-up appointment in a few weeks to monitor progress. Schedule colonoscopy for 04/15/2025. Coordinate care with Dermatologist Dr. John Kim for ongoing skin condition management. Educate patient on Psoriasis and Seborrheic Dermatitis. Follow up with patient's daughter to address concerns and provide updates on treatment plan.",physician good morning mrs fernandez feeling today patient good morning doctor im alright im concerned skin itchy flaky ive noticed patches redness scalp face physician see tell symptoms started theyve affecting patient well started months ago first little itchiness gotten worse time especially bad winter dry outside scalp face arms legs get itchy sometimes gets bad scratch bleeds physician understand noticed changes skin like thickening pitting patient yes skin feels thicker areas small pits scalp like skin constantly shedding physician im also concerned redness mentioned tell patient mostly face scalp always comes goes sometimes little pink times really red inflamed physician noticed symptoms like pain swelling patient really itchiness redness oh scalp sometimes feels like burning physician im thinking symptoms might related seborrheic dermatitis psoriasis heard conditions patient yes ive heard psoriasis im sure means physician psoriasis chronic skin condition causes red itchy patches skin seborrheic dermatitis milder form eczema cause similar symptoms especially scalp conditions managed topical systemic treatments patient oh okay feel better physician well need tests confirm diagnosis meantime id like prescribe medicated shampoo cream help itchiness redness also want schedule followup appointment weeks monitor progress well need schedule colonoscopy overdue patient okay sounds good thank doctor physician course mrs fernandez well work together get skin feeling better,subjective mrs fernandez reports experiencing itchiness flakiness redness thickening skin scalp face arms legs past months also mentions small pits scalp occasional burning sensation symptoms worsen dry weather expresses concern impact quality life objective mrs fernandez presents visible redness face scalp skin appears thicker areas small pits scalp signs pain swelling noted recent skin biopsy confirmed psoriasis diagnosis patients daughter expressed concern mothers skin conditions assessment mrs fernandez likely seborrheic dermatitis psoriasis based symptoms skin biopsy results ongoing management topical systemic treatments necessary colonoscopy overdue needs scheduled promptly plan prescribe medicated shampoo cream symptom management schedule followup appointment weeks monitor progress schedule colonoscopy 04152025 coordinate care dermatologist dr john kim ongoing skin condition management educate patient psoriasis seborrheic dermatitis follow patients daughter address concerns provide updates treatment plan,0.8145323,0.8442928194999695,0.43668122270742354,0.1781021897810219,0.282387190684134
"
Physician: Good morning, Mrs. Rhodes. I'm Dr. Barrett, your primary care physician. I see that you've been experiencing some symptoms lately. Can you tell me more about what's been going on?

Patient: Yes, doctor. I've been feeling really tired and short of breath, even when I haven't been doing anything strenuous. And sometimes, I get this tightness in my chest that goes away when I rest. It's been happening on and off for a few weeks now.

Physician: I see. Have you noticed any patterns or triggers that make these symptoms worse? For example, does it happen more often when you're under stress or exerting yourself physically?

Patient: Well, I have been under a lot of stress lately, trying to balance work and taking care of my kids. And yes, it does seem to get worse when I'm doing things like housework or running errands. But even when I'm just sitting still, I sometimes feel like I can't catch my breath.

Physician: I understand. Have you experienced any other symptoms, such as dizziness, lightheadedness, or pain in your arms or legs?

Patient: No, nothing like that. Just the fatigue, shortness of breath, and occasional chest tightness.

Physician: Okay. Have you noticed any changes in your exercise tolerance or activity level recently? For instance, have you had to stop doing things you normally do because of your symptoms?

Patient: Yes, unfortunately. I used to go for walks or jogging, but lately, I've had to cut back on that because I get winded so easily. And even simple things like vacuuming or mopping the floor leave me feeling exhausted.

Physician: I see. Have you experienced any nighttime symptoms, such as difficulty sleeping or waking up with shortness of breath?

Patient: Yes, doctor. I've been waking up in the middle of the night feeling like I can't breathe. It's really scary.

Physician: I understand. Have you had any recent illnesses or infections that could be contributing to these symptoms?

Patient: No, nothing recent. I did have a cold a few months ago, but it wasn't anything serious.

Physician: Okay. I'm going to order some tests to help us better understand what's going on. We'll do a blood workup to check your lipid levels, thyroid function, and rule out anemia. We'll also schedule you for a stress test to assess your heart function and an echocardiogram to evaluate your heart structure. In the meantime, I'd like to increase your atorvastatin dosage to 80 mg once daily, as recommended by Dr. Chen, your cardiologist. Does that sound good to you?

Patient: Yes, doctor. I just want to feel better and make sure my heart is healthy.

Physician: Of course. We'll monitor your symptoms and adjust your treatment plan as needed. I'll also coordinate with Dr. Chen to ensure we're all on the same page. Let's schedule a follow-up appointment in two weeks to reassess your symptoms and review the results of your tests. Does that work for you?

Patient: Yes, that works. Thank you, doctor. I feel better knowing that we're doing something about this.

Physician: You're welcome, Mrs. Rhodes. We'll take good care of you.","SOAP Note:

Subjective:
Mrs. Rhodes reports feeling tired and short of breath, even at rest. She experiences occasional chest tightness that resolves with rest. Symptoms worsen with physical exertion and stress. No dizziness, lightheadedness, or pain in extremities noted. Nighttime symptoms include waking up feeling breathless. Denies recent illnesses or infections.

Objective:
Vital signs stable. Lipid panel results show high total and LDL cholesterol levels. EKG shows normal sinus rhythm with no signs of ischemia or arrhythmia. Physical exam unremarkable. Patient appears fatigued but alert during the visit.

Assessment:
Mrs. Rhodes presents with symptoms of fatigue, shortness of breath, and occasional chest tightness. Elevated lipid levels indicate a need for increased atorvastatin dosage. Further cardiac evaluation with stress test and echocardiogram recommended to assess heart function. Symptoms may be related to cardiovascular issues.

Plan:
1. Increase atorvastatin dosage to 80 mg once daily as per cardiologist's recommendation.
2. Order blood workup to assess lipid levels, thyroid function, and rule out anemia.
3. Schedule stress test and echocardiogram for further cardiac evaluation.
4. Follow up in two weeks to reassess symptoms and review test results.
5. Coordinate care with cardiologist Dr. Chen to ensure comprehensive management of patient's cardiovascular health.",physician good morning mrs rhodes im dr barrett primary care physician see youve experiencing symptoms lately tell whats going patient yes doctor ive feeling really tired short breath even havent anything strenuous sometimes get tightness chest goes away rest happening weeks physician see noticed patterns triggers make symptoms worse example happen often youre stress exerting physically patient well lot stress lately trying balance work taking care kids yes seem get worse im things like housework running errands even im sitting still sometimes feel like cant catch breath physician understand experienced symptoms dizziness lightheadedness pain arms legs patient nothing like fatigue shortness breath occasional chest tightness physician okay noticed changes exercise tolerance activity level recently instance stop things normally symptoms patient yes unfortunately used go walks jogging lately ive cut back get winded easily even simple things like vacuuming mopping floor leave feeling exhausted physician see experienced nighttime symptoms difficulty sleeping waking shortness breath patient yes doctor ive waking middle night feeling like cant breathe really scary physician understand recent illnesses infections could contributing symptoms patient nothing recent cold months ago wasnt anything serious physician okay im going order tests help us better understand whats going well blood workup check lipid levels thyroid function rule anemia well also schedule stress test assess heart function echocardiogram evaluate heart structure meantime id like increase atorvastatin dosage 80 mg daily recommended dr chen cardiologist sound good patient yes doctor want feel better make sure heart healthy physician course well monitor symptoms adjust treatment plan needed ill also coordinate dr chen ensure page lets schedule followup appointment two weeks reassess symptoms review results tests work patient yes works thank doctor feel better knowing something physician youre welcome mrs rhodes well take good care,soap note subjective mrs rhodes reports feeling tired short breath even rest experiences occasional chest tightness resolves rest symptoms worsen physical exertion stress dizziness lightheadedness pain extremities noted nighttime symptoms include waking feeling breathless denies recent illnesses infections objective vital signs stable lipid panel results show high total ldl cholesterol levels ekg shows normal sinus rhythm signs ischemia arrhythmia physical exam unremarkable patient appears fatigued alert visit assessment mrs rhodes presents symptoms fatigue shortness breath occasional chest tightness elevated lipid levels indicate need increased atorvastatin dosage cardiac evaluation stress test echocardiogram recommended assess heart function symptoms may related cardiovascular issues plan 1 increase atorvastatin dosage 80 mg daily per cardiologists recommendation 2 order blood workup assess lipid levels thyroid function rule anemia 3 schedule stress test echocardiogram cardiac evaluation 4 follow two weeks reassess symptoms review test results 5 coordinate care cardiologist dr chen ensure comprehensive management patients cardiovascular health,0.7269011,0.8265032768249512,0.3250975292587776,0.08344198174706649,0.1612483745123537
"
Physician: Good morning, Brandon. How are you feeling today?

Patient: Hi, Doc. I've been feeling alright, but my right knee has been bothering me for a while now. It's been hurting on and off for the past few months, and lately, it's been getting worse.

Physician: I see. Can you tell me more about the pain? Is it sharp, dull, or throbbing? And how would you rate it on a scale of one to ten?

Patient: It's a dull ache, almost like a pressure, and it's hard to move around when it flares up. I'd say it's around a seven or eight out of ten.

Physician: Okay, that helps. Have you noticed any swelling, redness, or warmth in the knee?

Patient: No, nothing like that. Just the pain and stiffness.

Physician: Alright. Have you recently experienced any injuries or trauma to the knee?

Patient: No, nothing recent. I did twist it pretty badly about a year ago, but it seemed to heal okay.

Physician: I see. How has your mobility been lately? Are you having trouble walking, climbing stairs, or doing any activities that you normally do?

Patient: Yeah, definitely. I've been avoiding stairs as much as possible, and even walking has been a bit of a struggle. I used to love playing basketball, but I haven't been able to do that much lately.

Physician: I understand. Have you noticed any locking or clicking sensations in the knee?

Patient: Yes, sometimes it feels like it's catching or locking up, especially when I bend it.

Physician: Okay, that's helpful. Have you experienced any night pain or trouble sleeping due to the knee discomfort?

Patient: Yes, I've been waking up in the middle of the night because of the pain, and it's been hard to get back to sleep.

Physician: I see. Have you tried any treatments or medications for the knee pain?

Patient: I've been taking ibuprofen here and there, but it doesn't seem to be helping that much.

Physician: Okay. Have you noticed any other symptoms, like fever, chills, or redness in the knee?

Patient: No, nothing like that.

Physician: Alright. I'm going to examine your knee and take a look at your medical history. In the meantime, I'll order some imaging tests to get a better understanding of what's going on. We'll also discuss some treatment options, including physical therapy and medication, to help manage your symptoms.

Patient: Sounds good, Doc. I appreciate your help.

Physician: Of course, Brandon. We'll work together to figure out the best course of action for you.","Subjective:
Brandon reports experiencing a dull ache in his right knee for the past few months, with recent worsening of the pain. He rates the pain as a seven to eight out of ten and describes it as a pressure-like sensation. He notes difficulty with mobility, especially when walking and climbing stairs. Brandon mentions a history of twisting his knee a year ago but denies recent injuries. He also reports night pain and sleep disturbances due to knee discomfort.

Objective:
During the examination, no swelling, redness, or warmth is noted in the right knee. Brandon mentions occasional locking or catching sensations when bending the knee. His mobility is limited, and he experiences difficulty with activities like walking and playing basketball. No other symptoms such as fever or chills are present. Brandon's medical history includes chronic joint pain in the right knee and obesity.

Assessment:
Brandon presents with chronic joint pain in the right knee, impacting his mobility and daily activities. Imaging tests will be ordered to further evaluate the knee condition. Treatment options, including physical therapy and medication adjustments, will be discussed to manage his symptoms effectively.

Plan:
1. Order imaging tests to assess the underlying cause of the knee pain.
2. Discuss treatment options, including physical therapy and potential medication changes, to alleviate symptoms and improve mobility.
3. Follow up with Brandon to review imaging results and adjust the treatment plan accordingly.
4. Encourage continued adherence to the prescribed medications and exercises recommended by the physical therapist.
5. Address any concerns or questions Brandon may have regarding his knee pain and treatment options.",physician good morning brandon feeling today patient hi doc ive feeling alright right knee bothering hurting past months lately getting worse physician see tell pain sharp dull throbbing would rate scale one ten patient dull ache almost like pressure hard move around flares id say around seven eight ten physician okay helps noticed swelling redness warmth knee patient nothing like pain stiffness physician alright recently experienced injuries trauma knee patient nothing recent twist pretty badly year ago seemed heal okay physician see mobility lately trouble walking climbing stairs activities normally patient yeah definitely ive avoiding stairs much possible even walking bit struggle used love playing basketball havent able much lately physician understand noticed locking clicking sensations knee patient yes sometimes feels like catching locking especially bend physician okay thats helpful experienced night pain trouble sleeping due knee discomfort patient yes ive waking middle night pain hard get back sleep physician see tried treatments medications knee pain patient ive taking ibuprofen doesnt seem helping much physician okay noticed symptoms like fever chills redness knee patient nothing like physician alright im going examine knee take look medical history meantime ill order imaging tests get better understanding whats going well also discuss treatment options including physical therapy medication help manage symptoms patient sounds good doc appreciate help physician course brandon well work together figure best course action,subjective brandon reports experiencing dull ache right knee past months recent worsening pain rates pain seven eight ten describes pressurelike sensation notes difficulty mobility especially walking climbing stairs brandon mentions history twisting knee year ago denies recent injuries also reports night pain sleep disturbances due knee discomfort objective examination swelling redness warmth noted right knee brandon mentions occasional locking catching sensations bending knee mobility limited experiences difficulty activities like walking playing basketball symptoms fever chills present brandons medical history includes chronic joint pain right knee obesity assessment brandon presents chronic joint pain right knee impacting mobility daily activities imaging tests ordered evaluate knee condition treatment options including physical therapy medication adjustments discussed manage symptoms effectively plan 1 order imaging tests assess underlying cause knee pain 2 discuss treatment options including physical therapy potential medication changes alleviate symptoms improve mobility 3 follow brandon review imaging results adjust treatment plan accordingly 4 encourage continued adherence prescribed medications exercises recommended physical therapist 5 address concerns questions brandon may regarding knee pain treatment options,0.7481581,0.8324212431907654,0.2974910394265233,0.10791366906474822,0.18996415770609318
"
Physician: Good morning, Mrs. Morrison. How are you feeling today?

Patient: Hi, Dr. Harris. I've been feeling pretty unwell lately. I've had this constant heartburn that just won't go away, and I've been experiencing a lot of abdominal pain and nausea. It's been getting worse over the past few weeks.

Physician: I see. Have you noticed any triggers that make your heartburn worse? For example, certain foods or drinks?

Patient: Well, I've tried avoiding spicy foods and citrus fruits, but it doesn't seem to make much of a difference. And I've cut back on coffee and alcohol, but that hasn't helped either.

Physician: Okay. Have you noticed any difficulty swallowing or regurgitation of food?

Patient: Yes, I have difficulty swallowing sometimes, and I've had some regurgitation, especially at night. It's really uncomfortable and disrupts my sleep.

Physician: I understand. How about your abdominal pain? Is it general or localized to one area?

Patient: It's mostly general, but sometimes it feels like it's coming from my upper right abdomen. It's a dull ache that doesn't go away, even after I take my medication.

Physician: And your nausea, is it constant or does it come and go?

Patient: It's mostly constant, but it's worse in the mornings. I've been feeling like I'm going to throw up all the time.

Physician: I see. Have you noticed any other symptoms? Fatigue, weight loss, fever?

Patient: Yes, I've been feeling really tired lately, and I've lost a bit of weight without trying. I haven't had a fever, though.

Physician: Okay. I'm going to order some tests to help us figure out what's going on. In the meantime, I'd like to increase your Omeprazole dosage to twice a day and add a medication for nausea. I'll also schedule you for an endoscopy to take a closer look at your esophagus and stomach. Does that sound good to you?

Patient: Yes, that sounds good. Thank you, Dr. Harris. I just want to feel better.

Physician: Of course, Mrs. Morrison. We'll do everything we can to help you. I'll have my nurse come in to go over the medication instructions and schedule the endoscopy.","Subjective:
Kaylee Morrison reports feeling unwell lately, experiencing constant heartburn, abdominal pain, nausea, difficulty swallowing, regurgitation, and weight loss. She has tried avoiding triggers such as spicy foods and citrus fruits, as well as cutting back on coffee and alcohol, with no relief. She also mentions feeling tired and experiencing a dull ache in her upper right abdomen.

Objective:
Kaylee Morrison appears fatigued but is alert and oriented. She denies any fever. Physical examination reveals tenderness in the upper right abdomen. Vital signs are within normal limits. Kaylee's weight loss is noted.

Assessment:
Kaylee Morrison presents with symptoms consistent with worsening GERD, including persistent heartburn, regurgitation, abdominal pain, and nausea. Weight loss and fatigue are concerning. Further evaluation with an endoscopy is warranted to assess the extent of esophageal and gastric involvement.

Plan:
1. Increase Omeprazole dosage to twice daily for GERD.
2. Add medication for nausea.
3. Schedule an endoscopy to investigate upper gastrointestinal symptoms.
4. Educate patient on medication instructions and follow-up care.
5. Nurse to schedule the endoscopy and provide further instructions.",physician good morning mrs morrison feeling today patient hi dr harris ive feeling pretty unwell lately ive constant heartburn wont go away ive experiencing lot abdominal pain nausea getting worse past weeks physician see noticed triggers make heartburn worse example certain foods drinks patient well ive tried avoiding spicy foods citrus fruits doesnt seem make much difference ive cut back coffee alcohol hasnt helped either physician okay noticed difficulty swallowing regurgitation food patient yes difficulty swallowing sometimes ive regurgitation especially night really uncomfortable disrupts sleep physician understand abdominal pain general localized one area patient mostly general sometimes feels like coming upper right abdomen dull ache doesnt go away even take medication physician nausea constant come go patient mostly constant worse mornings ive feeling like im going throw time physician see noticed symptoms fatigue weight loss fever patient yes ive feeling really tired lately ive lost bit weight without trying havent fever though physician okay im going order tests help us figure whats going meantime id like increase omeprazole dosage twice day add medication nausea ill also schedule endoscopy take closer look esophagus stomach sound good patient yes sounds good thank dr harris want feel better physician course mrs morrison well everything help ill nurse come go medication instructions schedule endoscopy,subjective kaylee morrison reports feeling unwell lately experiencing constant heartburn abdominal pain nausea difficulty swallowing regurgitation weight loss tried avoiding triggers spicy foods citrus fruits well cutting back coffee alcohol relief also mentions feeling tired experiencing dull ache upper right abdomen objective kaylee morrison appears fatigued alert oriented denies fever physical examination reveals tenderness upper right abdomen vital signs within normal limits kaylees weight loss noted assessment kaylee morrison presents symptoms consistent worsening gerd including persistent heartburn regurgitation abdominal pain nausea weight loss fatigue concerning evaluation endoscopy warranted assess extent esophageal gastric involvement plan 1 increase omeprazole dosage twice daily gerd 2 add medication nausea 3 schedule endoscopy investigate upper gastrointestinal symptoms 4 educate patient medication instructions followup care 5 nurse schedule endoscopy provide instructions,0.76456785,0.8293491005897522,0.37247924080664296,0.12604042806183113,0.19928825622775798
"
Physician: Good afternoon, Valerie. How are you feeling today?

Patient: Hi, Dr. Hernandez. I've been feeling pretty lousy for the past week. I've had a persistent cough, and my chest has been feeling tight. It's been hard to breathe, especially in the morning.

Physician: I see. Have you noticed any wheezing or shortness of breath?

Patient: Yes, definitely. The wheezing has been pretty bad, especially when I exhale. And I've been feeling short of breath even when I'm sitting still.

Physician: Okay. Have you had any recent colds or respiratory infections?

Patient: No, nothing recent. But I did have a cold a few weeks ago, and I thought it was just a lingering cough from that. But it's been persisting, so I thought I should come in and get checked out.

Physician: That's a good idea. Have you noticed any other symptoms? Fatigue, fever, or headaches?

Patient: No, nothing like that. Just the cough and the tightness in my chest. Oh, and my inhaler hasn't been working as well as it usually does.

Physician: I see. Have you been taking it correctly?

Patient: Yeah, I'm pretty sure I have. I've been using it twice a day like usual.

Physician: Okay. Have you noticed any triggers that make your symptoms worse, like exposure to dust, pollen, or pets?

Patient: Well, I do have a cat, but I don't think that's the problem. I've had him for years, and I've never had any issues before.

Physician: Okay. Have you noticed any changes in your environment or routine that could be contributing to your symptoms?

Patient: Actually, yes. I recently started a new job, and I've been working in a cubicle with a lot of people nearby. Maybe it's something in the air there?

Physician: That's definitely possible. We'll need to investigate that further. In the meantime, I'd like to schedule you for a few tests to get a better idea of what's going on with your asthma. We'll do a peak flow meter test and a spirometry test to assess your lung function. And we'll also run a nasal swab to rule out any respiratory viruses or infections.

Patient: Sure, that sounds good.

Physician: Great. I'll also prescribe you a course of prednisone to help get your symptoms under control. And let's schedule a follow-up appointment for next week to review the results of the tests and discuss any further treatment options.

Patient: Okay, that sounds good. Thank you, Dr. Hernandez.

Physician: You're welcome, Valerie. We'll get to the bottom of this and get you feeling better soon.","Subjective:
Valerie Pierce, a 41-year-old female, presents with a persistent cough, tightness in the chest, wheezing, and shortness of breath. She reports that her symptoms have been ongoing for the past week and have been particularly troublesome in the mornings. She denies any recent colds or respiratory infections but notes that her inhaler has been less effective than usual. Valerie also mentions that she recently started a new job working in a crowded cubicle environment.

Objective:
During the examination, Valerie appeared uncomfortable due to her cough and chest tightness. She demonstrated audible wheezing upon exhalation. Vital signs were within normal limits. Peak flow meter and spirometry tests are scheduled to assess lung function, and a nasal swab will be conducted to rule out respiratory infections. Valerie will be prescribed a course of prednisone to manage her symptoms.

Assessment:
Valerie presents with exacerbation of asthma symptoms, likely triggered by environmental factors in her new workplace. Further testing is needed to determine the extent of her lung function impairment and rule out any underlying infections. Prednisone will be initiated to alleviate her symptoms in the interim.

Plan:
1. Schedule peak flow meter and spirometry tests, as well as a nasal swab.
2. Prescribe prednisone for symptom management.
3. Follow-up appointment scheduled for next week to review test results and discuss further treatment options.
4. Advise Valerie to monitor her symptoms closely and report any changes or worsening of her condition.",physician good afternoon valerie feeling today patient hi dr hernandez ive feeling pretty lousy past week ive persistent cough chest feeling tight hard breathe especially morning physician see noticed wheezing shortness breath patient yes definitely wheezing pretty bad especially exhale ive feeling short breath even im sitting still physician okay recent colds respiratory infections patient nothing recent cold weeks ago thought lingering cough persisting thought come get checked physician thats good idea noticed symptoms fatigue fever headaches patient nothing like cough tightness chest oh inhaler hasnt working well usually physician see taking correctly patient yeah im pretty sure ive using twice day like usual physician okay noticed triggers make symptoms worse like exposure dust pollen pets patient well cat dont think thats problem ive years ive never issues physician okay noticed changes environment routine could contributing symptoms patient actually yes recently started new job ive working cubicle lot people nearby maybe something air physician thats definitely possible well need investigate meantime id like schedule tests get better idea whats going asthma well peak flow meter test spirometry test assess lung function well also run nasal swab rule respiratory viruses infections patient sure sounds good physician great ill also prescribe course prednisone help get symptoms control lets schedule followup appointment next week review results tests discuss treatment options patient okay sounds good thank dr hernandez physician youre welcome valerie well get bottom get feeling better soon,subjective valerie pierce 41yearold female presents persistent cough tightness chest wheezing shortness breath reports symptoms ongoing past week particularly troublesome mornings denies recent colds respiratory infections notes inhaler less effective usual valerie also mentions recently started new job working crowded cubicle environment objective examination valerie appeared uncomfortable due cough chest tightness demonstrated audible wheezing upon exhalation vital signs within normal limits peak flow meter spirometry tests scheduled assess lung function nasal swab conducted rule respiratory infections valerie prescribed course prednisone manage symptoms assessment valerie presents exacerbation asthma symptoms likely triggered environmental factors new workplace testing needed determine extent lung function impairment rule underlying infections prednisone initiated alleviate symptoms interim plan 1 schedule peak flow meter spirometry tests well nasal swab 2 prescribe prednisone symptom management 3 followup appointment scheduled next week review test results discuss treatment options 4 advise valerie monitor symptoms closely report changes worsening condition,0.743202,0.8256089687347412,0.39457831325301207,0.16314199395770393,0.26506024096385544
"
Physician: Good morning, Tracey. How can I help you today?

Patient: Hi, Dr. Jenkins. I've been experiencing some issues with my blood pressure. It's been feeling really high, and I've noticed some headaches and dizziness.

Physician: I see. Have you noticed any other symptoms?

Patient: Yes, I've been feeling really tired and out of breath lately, even when I haven't been doing much physical activity. And sometimes, I get this pounding sensation in my chest.

Physician: I understand. Have you experienced any chest pain or discomfort?

Patient: A little bit, yes. It's not severe, but it's definitely noticeable.

Physician: Okay. Have you had any recent changes in your diet or exercise routine?

Patient: No, not really. I've been trying to eat healthier and exercise more, but I haven't made any significant changes recently.

Physician: All right. Have you noticed any swelling in your legs or feet?

Patient: Yes, actually. My ankles have been feeling pretty swollen lately.

Physician: I see. Have you experienced any shortness of breath or coughing?

Patient: Yes, a little bit of shortness of breath, especially when I lie down or bend over. And I've had a bit of a cough, but it's not persistent.

Physician: Okay. Have you had any recent illnesses or infections?

Patient: No, not recently. I had a cold a few months ago, but that's it.

Physician: All right. Let's take a look at your medication regimen. Are you taking your Lisinopril and Hydrochlorothiazide as prescribed?

Patient: Yes, I take them every day.

Physician: Good. Have you noticed any side effects from the medications?

Patient: No, not that I can think of.

Physician: Okay. I'm going to order some lab tests to check your blood pressure and see if there's anything else going on. In the meantime, I'd like you to start keeping a blood pressure log to track your readings throughout the day. And let's schedule a follow-up appointment for next week to discuss the results and see how you're doing. Does that sound good to you?

Patient: Sure, that sounds great. Thank you, Dr. Jenkins.

Physician: You're welcome, Tracey. I'll have the nurse come in and take your blood pressure again, and then we'll get you set up with the lab tests and a follow-up appointment.","Subjective:
Tracey Austin, a 30-year-old female, presents with complaints of high blood pressure, headaches, dizziness, fatigue, shortness of breath, chest discomfort, ankle swelling, and occasional cough. She reports no recent changes in diet or exercise and denies recent illnesses or infections. She is compliant with her Lisinopril and Hydrochlorothiazide medications.

Objective:
During the examination, Tracey appeared alert and oriented. Blood pressure reading was elevated. No signs of distress were noted. Ankle swelling was observed. No abnormal lung sounds were detected.

Assessment:
Tracey presents with symptoms consistent with uncontrolled hypertension. Further evaluation is needed to determine the underlying cause of her symptoms and to assess the effectiveness of her current medication regimen.

Plan:
Order lab tests to assess blood pressure levels and evaluate for any underlying conditions. Instruct Tracey to keep a blood pressure log. Schedule a follow-up appointment for next week to review lab results and adjust treatment plan as needed. Encourage continued compliance with medication regimen.",physician good morning tracey help today patient hi dr jenkins ive experiencing issues blood pressure feeling really high ive noticed headaches dizziness physician see noticed symptoms patient yes ive feeling really tired breath lately even havent much physical activity sometimes get pounding sensation chest physician understand experienced chest pain discomfort patient little bit yes severe definitely noticeable physician okay recent changes diet exercise routine patient really ive trying eat healthier exercise havent made significant changes recently physician right noticed swelling legs feet patient yes actually ankles feeling pretty swollen lately physician see experienced shortness breath coughing patient yes little bit shortness breath especially lie bend ive bit cough persistent physician okay recent illnesses infections patient recently cold months ago thats physician right lets take look medication regimen taking lisinopril hydrochlorothiazide prescribed patient yes take every day physician good noticed side effects medications patient think physician okay im going order lab tests check blood pressure see theres anything else going meantime id like start keeping blood pressure log track readings throughout day lets schedule followup appointment next week discuss results see youre sound good patient sure sounds great thank dr jenkins physician youre welcome tracey ill nurse come take blood pressure well get set lab tests followup appointment,subjective tracey austin 30yearold female presents complaints high blood pressure headaches dizziness fatigue shortness breath chest discomfort ankle swelling occasional cough reports recent changes diet exercise denies recent illnesses infections compliant lisinopril hydrochlorothiazide medications objective examination tracey appeared alert oriented blood pressure reading elevated signs distress noted ankle swelling observed abnormal lung sounds detected assessment tracey presents symptoms consistent uncontrolled hypertension evaluation needed determine underlying cause symptoms assess effectiveness current medication regimen plan order lab tests assess blood pressure levels evaluate underlying conditions instruct tracey keep blood pressure log schedule followup appointment next week review lab results adjust treatment plan needed encourage continued compliance medication regimen,0.70532256,0.8137664794921875,0.43670886075949367,0.1733615221987315,0.23839662447257387
"
Physician: Good morning, Miriam. How are you feeling today?

Patient: Hi, Dr. Stevens. I'm doing okay, I guess. I've been feeling really congested and sneezing a lot lately. It's been worse this past week.

Physician: I see. Have you noticed any other symptoms? Like a runny nose or coughing?

Patient: Yeah, my nose has been running nonstop, and I've had a persistent cough, especially at night. It's been keeping me up.

Physician: I understand. Have you experienced any shortness of breath or chest tightness?

Patient: A little bit, but nothing too severe. It's mostly just been annoying.

Physician: Okay. Have you tried any over-the-counter medications or remedies for your symptoms?

Patient: I've been using Flonase and Singulair as prescribed, but I haven't tried anything else.

Physician: That's good. Have you noticed any triggers that make your symptoms worse, like pollen or dust?

Patient: Definitely. I've been noticing that my symptoms flare up more when I'm outside, especially during the spring.

Physician: That's helpful information. Have you had any recent travel or exposure to illness?

Patient: No, nothing recent. I did go on a trip to California a few months ago, but that's it.

Physician: Okay. Have you noticed any changes in your asthma symptoms recently?

Patient: Actually, yes. My asthma has been feeling a bit more controlled lately. I've only had to use my albuterol inhaler a few times in the past month.

Physician: That's great to hear. Have you experienced any other symptoms, like headaches or fatigue?

Patient: No, nothing significant. Just the usual seasonal allergy stuff.

Physician: Alright, Miriam. Based on what you've shared, it sounds like your allergies are causing most of your symptoms. I think we should continue with your current medication regimen and consider adding an antihistamine to help manage your symptoms further. We'll also schedule you for an appointment with an allergist to discuss possible immunotherapy options. Does that sound good to you?

Patient: Yes, that sounds great. Thank you, Dr. Stevens.

Physician: You're welcome, Miriam. We'll also make sure to schedule your annual physical and flu shot reminder for the upcoming season. We'll follow up in a few weeks to reassess your symptoms and make any necessary adjustments.","Subjective:
Miriam Hopkins reports feeling congested and experiencing frequent sneezing. She notes that her symptoms have worsened over the past week, with a persistent cough that disrupts her sleep. Miriam also mentions experiencing mild shortness of breath and chest tightness. She has been using Flonase and Singulair as prescribed but has not tried any other remedies. Miriam identifies outdoor triggers, such as pollen, as exacerbating her symptoms. She denies recent travel or exposure to illness and reports improved asthma control, requiring minimal albuterol inhaler use.

Objective:
Miriam Hopkins presents with nasal congestion, sneezing, a runny nose, and a persistent cough during the clinical examination. She appears alert and oriented with no signs of distress. Miriam's vital signs are within normal limits. Physical examination reveals no abnormalities. Miriam's asthma is well-controlled, with minimal albuterol inhaler use in the past month.

Assessment:
Miriam Hopkins is experiencing exacerbated seasonal allergy symptoms, including nasal congestion, sneezing, and coughing. Her asthma is well-controlled, with minimal rescue inhaler use. Based on her history and current presentation, it is recommended to continue her current medication regimen and consider adding an antihistamine for further symptom management. Referral to an allergist for potential immunotherapy options is also advised.

Plan:
Miriam Hopkins will continue using Flonase and Singulair as prescribed. An antihistamine will be added to her treatment plan to address her seasonal allergy symptoms. A referral to an allergist will be made for further evaluation and discussion of immunotherapy options. Miriam will be scheduled for her annual physical and flu shot reminder. Follow-up in a few weeks will be conducted to reassess her symptoms and adjust the treatment plan as needed.",physician good morning miriam feeling today patient hi dr stevens im okay guess ive feeling really congested sneezing lot lately worse past week physician see noticed symptoms like runny nose coughing patient yeah nose running nonstop ive persistent cough especially night keeping physician understand experienced shortness breath chest tightness patient little bit nothing severe mostly annoying physician okay tried overthecounter medications remedies symptoms patient ive using flonase singulair prescribed havent tried anything else physician thats good noticed triggers make symptoms worse like pollen dust patient definitely ive noticing symptoms flare im outside especially spring physician thats helpful information recent travel exposure illness patient nothing recent go trip california months ago thats physician okay noticed changes asthma symptoms recently patient actually yes asthma feeling bit controlled lately ive use albuterol inhaler times past month physician thats great hear experienced symptoms like headaches fatigue patient nothing significant usual seasonal allergy stuff physician alright miriam based youve shared sounds like allergies causing symptoms think continue current medication regimen consider adding antihistamine help manage symptoms well also schedule appointment allergist discuss possible immunotherapy options sound good patient yes sounds great thank dr stevens physician youre welcome miriam well also make sure schedule annual physical flu shot reminder upcoming season well follow weeks reassess symptoms make necessary adjustments,subjective miriam hopkins reports feeling congested experiencing frequent sneezing notes symptoms worsened past week persistent cough disrupts sleep miriam also mentions experiencing mild shortness breath chest tightness using flonase singulair prescribed tried remedies miriam identifies outdoor triggers pollen exacerbating symptoms denies recent travel exposure illness reports improved asthma control requiring minimal albuterol inhaler use objective miriam hopkins presents nasal congestion sneezing runny nose persistent cough clinical examination appears alert oriented signs distress miriams vital signs within normal limits physical examination reveals abnormalities miriams asthma wellcontrolled minimal albuterol inhaler use past month assessment miriam hopkins experiencing exacerbated seasonal allergy symptoms including nasal congestion sneezing coughing asthma wellcontrolled minimal rescue inhaler use based history current presentation recommended continue current medication regimen consider adding antihistamine symptom management referral allergist potential immunotherapy options also advised plan miriam hopkins continue using flonase singulair prescribed antihistamine added treatment plan address seasonal allergy symptoms referral allergist made evaluation discussion immunotherapy options miriam scheduled annual physical flu shot reminder followup weeks conducted reassess symptoms adjust treatment plan needed,0.7414744,0.8308593034744263,0.40634005763688763,0.15895953757225434,0.23919308357348704
"
Physician: Good morning, Bertha. How are you feeling today?

Patient: Hi, Dr. Simpson. I've been feeling a bit unwell lately. I've been experiencing shortness of breath, and it seems to get worse when I'm exposed to dust or pollen.

Physician: I see. Can you tell me more about your shortness of breath? Is it constant or does it come and go?

Patient: It comes and goes, but it's been happening more frequently lately. It's especially bad when I'm outside during peak pollen seasons or when I'm cleaning my house and exposed to dust.

Physician: Okay, that helps me understand. Have you noticed any other symptoms, such as coughing, wheezing, or chest tightness?

Patient: Yes, I've been experiencing some wheezing and chest tightness, especially when I'm lying down or bending over. And sometimes, I feel like I can't take deep breaths.

Physician: I see. Have you had any recent respiratory infections or illnesses that may be contributing to these symptoms?

Patient: Yes, I had a upper respiratory infection a few weeks ago, which seemed to trigger these symptoms.

Physician: I understand. Have you noticed any patterns or triggers that make your symptoms worse or better?

Patient: Well, as I mentioned, pollen and dust seem to make it worse. But I've also noticed that my symptoms tend to be better when I'm using my inhaler regularly and avoiding exposure to allergens.

Physician: That's helpful information. Have you had any changes in your environment or routine that may be contributing to your symptoms?

Patient: Actually, yes. My daughter recently moved back home, and she has a cat. I'm not sure if that's a factor, but I've noticed my symptoms have gotten worse since she arrived.

Physician: That's definitely worth considering. Have you talked to your allergist about your symptoms?

Patient: Yes, I've been seeing Dr. Johnson for my allergies, and she recommended that I come see you for a check-up and to discuss my symptoms further.

Physician: Great, I'll make sure to follow up with her. In terms of your medical history, you mentioned that you have a history of respiratory allergies and asthma. Can you tell me more about that?

Patient: Sure. I was diagnosed with asthma when I was a child, and I've had to manage it ever since. I've had my share of flare-ups over the years, but it's been relatively under control until recently.

Physician: I see. And have you noticed any other symptoms or concerns that may be related to your respiratory issues?

Patient: Well, I've been experiencing some fatigue and insomnia lately, which I'm not sure is related. But I thought it was worth mentioning.

Physician: Absolutely. I'll make sure to include that in our assessment. Lastly, have you had any changes in your medications or dosages recently?

Patient: No, nothing has changed. I've been taking my medications as prescribed, but I'm not sure if they're still effective.

Physician: We'll definitely discuss that further. Thank you for sharing all this information, Bertha. I'll review your test results and discuss them with Dr. Johnson. We'll work together to develop a plan to manage your symptoms and prevent any further complications.","Subjective:
Bertha reports feeling unwell lately, experiencing intermittent shortness of breath and wheezing that worsens during pollen season and dust exposure. She also mentions chest tightness, difficulty taking deep breaths, and recent upper respiratory infection triggering symptoms. Bertha notes potential exacerbation due to her daughter's cat moving in. She expresses concerns about medication effectiveness and mentions fatigue and insomnia.

Objective:
Bertha presents with intermittent shortness of breath and wheezing during the examination. Vital signs are within normal limits. Spirometry and allergy test results are awaited. Bertha's daughter's history of respiratory allergies and asthma is noted.

Assessment:
Bertha is a 56-year-old female with a history of asthma, respiratory allergies, and hypertension. She is currently experiencing worsening respiratory symptoms triggered by pollen, dust, and recent upper respiratory infection. Potential exacerbation due to environmental changes is considered. Fatigue and insomnia are additional concerns.

Plan:
1. Follow up with Dr. Johnson regarding allergy management and potential triggers.
2. Review spirometry and allergy test results to guide treatment.
3. Discuss medication effectiveness and potential adjustments with Bertha.
4. Develop a plan to manage respiratory symptoms, including environmental control measures.
5. Address fatigue and insomnia concerns through further evaluation and management.
6. Schedule a follow-up appointment to monitor progress and adjust treatment as needed.",physician good morning bertha feeling today patient hi dr simpson ive feeling bit unwell lately ive experiencing shortness breath seems get worse im exposed dust pollen physician see tell shortness breath constant come go patient comes goes happening frequently lately especially bad im outside peak pollen seasons im cleaning house exposed dust physician okay helps understand noticed symptoms coughing wheezing chest tightness patient yes ive experiencing wheezing chest tightness especially im lying bending sometimes feel like cant take deep breaths physician see recent respiratory infections illnesses may contributing symptoms patient yes upper respiratory infection weeks ago seemed trigger symptoms physician understand noticed patterns triggers make symptoms worse better patient well mentioned pollen dust seem make worse ive also noticed symptoms tend better im using inhaler regularly avoiding exposure allergens physician thats helpful information changes environment routine may contributing symptoms patient actually yes daughter recently moved back home cat im sure thats factor ive noticed symptoms gotten worse since arrived physician thats definitely worth considering talked allergist symptoms patient yes ive seeing dr johnson allergies recommended come see checkup discuss symptoms physician great ill make sure follow terms medical history mentioned history respiratory allergies asthma tell patient sure diagnosed asthma child ive manage ever since ive share flareups years relatively control recently physician see noticed symptoms concerns may related respiratory issues patient well ive experiencing fatigue insomnia lately im sure related thought worth mentioning physician absolutely ill make sure include assessment lastly changes medications dosages recently patient nothing changed ive taking medications prescribed im sure theyre still effective physician well definitely discuss thank sharing information bertha ill review test results discuss dr johnson well work together develop plan manage symptoms prevent complications,subjective bertha reports feeling unwell lately experiencing intermittent shortness breath wheezing worsens pollen season dust exposure also mentions chest tightness difficulty taking deep breaths recent upper respiratory infection triggering symptoms bertha notes potential exacerbation due daughters cat moving expresses concerns medication effectiveness mentions fatigue insomnia objective bertha presents intermittent shortness breath wheezing examination vital signs within normal limits spirometry allergy test results awaited berthas daughters history respiratory allergies asthma noted assessment bertha 56yearold female history asthma respiratory allergies hypertension currently experiencing worsening respiratory symptoms triggered pollen dust recent upper respiratory infection potential exacerbation due environmental changes considered fatigue insomnia additional concerns plan 1 follow dr johnson regarding allergy management potential triggers 2 review spirometry allergy test results guide treatment 3 discuss medication effectiveness potential adjustments bertha 4 develop plan manage respiratory symptoms including environmental control measures 5 address fatigue insomnia concerns evaluation management 6 schedule followup appointment monitor progress adjust treatment needed,0.7693752,0.8152254223823547,0.34269662921348315,0.09014084507042254,0.199438202247191
"
Physician: Good morning, Mr. Henry. I'm Dr. Daniels, your primary care provider. I've reviewed your medical history and test results. I'd like to discuss your symptoms and health concerns with you today. How are you feeling?

Patient: Hello, Dr. Daniels. Lately, I've been feeling quite tired, even after getting a full night's sleep. And occasionally, I get muscle cramps in my legs.

Physician: I see. Can you tell me more about your fatigue? Is it a new symptom, or has it been ongoing? And how would you describe the muscle cramps? Are they severe or mild?

Patient: Well, the fatigue has been bothering me for a few months now. It's not extreme, but it's definitely noticeable. As for the muscle cramps, they're not too severe, but they're annoying. They usually occur after I've been sitting or lying down for a while.

Physician: I understand. Have you noticed any other symptoms, such as weight changes, hair loss, or cold intolerance?

Patient: Yes, I have lost a bit of weight recently, about 10 pounds or so. And my hair has been shedding more than usual. But I haven't noticed any significant changes in my tolerance to cold temperatures.

Physician: Thank you for sharing that. Now, I'd like to discuss your medications. You're currently taking Levothyroxine for hypothyroidism. Have you noticed any changes in your symptoms since starting the medication?

Patient: To be honest, I'm not sure. I thought I was feeling a bit better initially, but the fatigue has persisted. And I've been experiencing some constipation, which I don't think is related to the medication.

Physician: I see. We'll need to monitor your thyroid levels closely to ensure the medication is effective. I'd like to schedule you for a follow-up appointment in two weeks to recheck your TSH and T4 levels. In the meantime, I recommend increasing your Levothyroxine dosage to 125 mcg, as recommended by your endocrinologist, Dr. Smith.

Patient: Okay, that sounds good. But what about the muscle cramps? Shouldn't I be taking something for those?

Physician: We can certainly consider medication options for the muscle cramps. However, given your history of hypertension and hypothyroidism, we need to ensure that any medication we prescribe won't interact with your current medications or worsen your condition. Let's discuss this further with your endocrinologist and pharmacist to determine the best course of action.

Patient: Alright, that makes sense. Thank you, Dr. Daniels.

Physician: You're welcome, Mr. Henry. I'll also recommend that you schedule a colonoscopy to address your overdue colorectal cancer screening. We'll coordinate with your insurance to ensure the process goes smoothly. Finally, please make sure to get your influenza vaccine soon. We'll provide you with information on that as well.

Patient: Okay, I'll take care of it. Thank you for your help, Dr. Daniels.

Physician: You're welcome, Mr. Henry. We'll work together to address your health concerns and ensure you're feeling your best. We'll follow up with you in two weeks. Have a good day.","Subjective:
Mr. Henry reports feeling tired despite getting a full night's sleep and experiencing occasional muscle cramps in his legs. He mentions losing about 10 pounds recently and increased hair shedding. He denies any significant changes in cold intolerance.

Objective:
Mr. Henry appears alert and cooperative during the appointment. Vital signs are within normal limits. He has a history of hypothyroidism, type 2 diabetes, and hypertension. Recent lab results show TSH levels at 8.0 mIU/L and T4 levels at 4.9 mcg/dL. He is currently taking Levothyroxine 100 mcg, Metformin 1000 mg, and Lisinopril 20 mg.

Assessment:
Mr. Henry's symptoms of fatigue, weight loss, and hair shedding may be related to his hypothyroidism. The muscle cramps could be a separate issue or related to his current medications. His TSH levels indicate hypothyroidism, and an increase in Levothyroxine dosage to 125 mcg daily has been recommended by his endocrinologist.

Plan:
Schedule a follow-up appointment in two weeks to recheck TSH and T4 levels after increasing Levothyroxine dosage. Consult with endocrinologist and pharmacist regarding medication options for muscle cramps. Coordinate a colonoscopy for overdue colorectal cancer screening. Provide information on getting the influenza vaccine. Follow up with Mr. Henry to monitor his progress and address any further concerns.",physician good morning mr henry im dr daniels primary care provider ive reviewed medical history test results id like discuss symptoms health concerns today feeling patient hello dr daniels lately ive feeling quite tired even getting full nights sleep occasionally get muscle cramps legs physician see tell fatigue new symptom ongoing would describe muscle cramps severe mild patient well fatigue bothering months extreme definitely noticeable muscle cramps theyre severe theyre annoying usually occur ive sitting lying physician understand noticed symptoms weight changes hair loss cold intolerance patient yes lost bit weight recently 10 pounds hair shedding usual havent noticed significant changes tolerance cold temperatures physician thank sharing id like discuss medications youre currently taking levothyroxine hypothyroidism noticed changes symptoms since starting medication patient honest im sure thought feeling bit better initially fatigue persisted ive experiencing constipation dont think related medication physician see well need monitor thyroid levels closely ensure medication effective id like schedule followup appointment two weeks recheck tsh t4 levels meantime recommend increasing levothyroxine dosage 125 mcg recommended endocrinologist dr smith patient okay sounds good muscle cramps shouldnt taking something physician certainly consider medication options muscle cramps however given history hypertension hypothyroidism need ensure medication prescribe wont interact current medications worsen condition lets discuss endocrinologist pharmacist determine best course action patient alright makes sense thank dr daniels physician youre welcome mr henry ill also recommend schedule colonoscopy address overdue colorectal cancer screening well coordinate insurance ensure process goes smoothly finally please make sure get influenza vaccine soon well provide information well patient okay ill take care thank help dr daniels physician youre welcome mr henry well work together address health concerns ensure youre feeling best well follow two weeks good day,subjective mr henry reports feeling tired despite getting full nights sleep experiencing occasional muscle cramps legs mentions losing 10 pounds recently increased hair shedding denies significant changes cold intolerance objective mr henry appears alert cooperative appointment vital signs within normal limits history hypothyroidism type 2 diabetes hypertension recent lab results show tsh levels 80 miul t4 levels 49 mcgdl currently taking levothyroxine 100 mcg metformin 1000 mg lisinopril 20 mg assessment mr henrys symptoms fatigue weight loss hair shedding may related hypothyroidism muscle cramps could separate issue related current medications tsh levels indicate hypothyroidism increase levothyroxine dosage 125 mcg daily recommended endocrinologist plan schedule followup appointment two weeks recheck tsh t4 levels increasing levothyroxine dosage consult endocrinologist pharmacist regarding medication options muscle cramps coordinate colonoscopy overdue colorectal cancer screening provide information getting influenza vaccine follow mr henry monitor progress address concerns,0.818761,0.832636833190918,0.3315508021390374,0.1252236135957066,0.19964349376114085
"
Physician: Good morning, Leroy. How are you feeling today?

Patient: Hi, Doc. I've been feeling a bit off lately. I've had this low-grade anxiety humming in the background all the time, and it's been hard to shake off.

Physician: I see. Can you tell me more about this anxiety? When did you first notice it, and how has it been affecting you?

Patient: Well, it's been there for as long as I can remember. But it's gotten worse over the past year or so. It's like this constant, nagging feeling that something's not quite right. I have trouble sleeping because of it, and sometimes I get these panic attacks out of the blue.

Physician: I understand. Have you noticed anything in particular that triggers these panic attacks or makes them worse?

Patient: Not really. They just seem to happen. Sometimes I'll be sitting there, doing nothing, and suddenly my heart starts racing, and I feel like I can't catch my breath. It's really scary.

Physician: That sounds very distressing. Have you experienced any other symptoms apart from the anxiety and panic attacks?

Patient: Yeah, I've been feeling pretty down lately. I don't have much interest in doing things that I used to enjoy, and I've noticed that I've been withdrawing from my friends and family.

Physician: I see. Have you had any changes in your appetite or sleep patterns?

Patient: Yeah, I've been having trouble sleeping, like I mentioned before. And my appetite's been pretty variable. Some days I'm hungry all the time, and others, I don't feel like eating much at all.

Physician: Okay. Have you noticed any changes in your concentration or memory recently?

Patient: Yeah, I've been having trouble focusing at work. I'll start doing something, and then my mind will wander off, and I'll forget what I was doing. It's really frustrating.

Physician: I can imagine. Have you experienced any physical symptoms like headaches, dizziness, or muscle tension?

Patient: Yeah, I've had some headaches, and my shoulders have been feeling pretty tense all the time.

Physician: Okay. Have you noticed any changes in your mood apart from the anxiety and depression?

Patient: Yeah, I've been feeling pretty irritable lately. Little things that wouldn't normally bother me have been getting under my skin.

Physician: I see. Have you had any suicidal thoughts or feelings of hopelessness?

Patient: No, nothing like that. But sometimes, I feel like I'm just stuck in this rut, and I don't know how to get out of it.

Physician: I understand. Leroy, based on what you've told me today, it sounds like you're experiencing some pretty significant symptoms of anxiety and depression. I'd like to recommend a few things to help you manage these symptoms better.

Patient: Okay, that sounds good. What do you have in mind?

Physician: Firstly, I think it would be helpful for you to see a therapist more frequently. We can arrange for you to see Sarah Grayson, who's a therapist here in the clinic. She can help you work through some of the underlying issues that may be contributing to your anxiety and depression.

Patient: That sounds good.

Physician: Secondly, I'd like to recommend a medication that can help with your anxiety. We can start you on a low dose of sertraline, which is an SSRI, and see how you tolerate it. We'll monitor your progress closely, and adjust the dosage as needed.

Patient: Okay.

Physician: Finally, I'd like to recommend some lifestyle changes that can help you manage your symptoms better. It's important for you to get regular exercise, eat a healthy diet, and get enough sleep. We can work on developing a plan that fits your lifestyle.

Patient: Alright, that sounds like a good plan. Thank you, Doc.

Physician: You're welcome, Leroy. We'll work together to get you feeling better. Let's schedule a follow-up appointment for two weeks from now, and we'll see how you're doing. Sound good?

Patient: Yeah, that works for me. Thanks again.","Subjective:
Leroy reports feeling off lately with a low-grade anxiety that has been persistent and worsening over the past year. He experiences panic attacks with no specific triggers and has trouble sleeping. He also notes a lack of interest in activities, withdrawal from friends and family, variable appetite, trouble focusing at work, headaches, muscle tension, irritability, and feeling stuck in a rut.

Objective:
Leroy appears alert and engaged during the appointment. He displays signs of anxiety, such as fidgeting and tense shoulders. No signs of being under the influence are noted. Vital signs are within normal limits. No acute distress is observed.

Assessment:
Leroy presents with significant symptoms of anxiety and depression. He reports experiencing panic attacks, sleep disturbances, anhedonia, irritability, concentration difficulties, and physical symptoms like headaches and muscle tension. There are no suicidal thoughts reported. Leroy's wife notes improvement in his engagement and openness.

Plan:
1. Referral to therapist Sarah Grayson for more frequent sessions to address underlying issues contributing to anxiety and depression.
2. Initiation of sertraline (SSRI) at a low dose to help with anxiety symptoms, with close monitoring and dosage adjustments as needed.
3. Lifestyle changes recommended, including regular exercise, healthy diet, and adequate sleep.
4. Follow-up appointment scheduled in two weeks to assess progress and adjust treatment plan as necessary.",physician good morning leroy feeling today patient hi doc ive feeling bit lately ive lowgrade anxiety humming background time hard shake physician see tell anxiety first notice affecting patient well long remember gotten worse past year like constant nagging feeling somethings quite right trouble sleeping sometimes get panic attacks blue physician understand noticed anything particular triggers panic attacks makes worse patient really seem happen sometimes ill sitting nothing suddenly heart starts racing feel like cant catch breath really scary physician sounds distressing experienced symptoms apart anxiety panic attacks patient yeah ive feeling pretty lately dont much interest things used enjoy ive noticed ive withdrawing friends family physician see changes appetite sleep patterns patient yeah ive trouble sleeping like mentioned appetites pretty variable days im hungry time others dont feel like eating much physician okay noticed changes concentration memory recently patient yeah ive trouble focusing work ill start something mind wander ill forget really frustrating physician imagine experienced physical symptoms like headaches dizziness muscle tension patient yeah ive headaches shoulders feeling pretty tense time physician okay noticed changes mood apart anxiety depression patient yeah ive feeling pretty irritable lately little things wouldnt normally bother getting skin physician see suicidal thoughts feelings hopelessness patient nothing like sometimes feel like im stuck rut dont know get physician understand leroy based youve told today sounds like youre experiencing pretty significant symptoms anxiety depression id like recommend things help manage symptoms better patient okay sounds good mind physician firstly think would helpful see therapist frequently arrange see sarah grayson whos therapist clinic help work underlying issues may contributing anxiety depression patient sounds good physician secondly id like recommend medication help anxiety start low dose sertraline ssri see tolerate well monitor progress closely adjust dosage needed patient okay physician finally id like recommend lifestyle changes help manage symptoms better important get regular exercise eat healthy diet get enough sleep work developing plan fits lifestyle patient alright sounds like good plan thank doc physician youre welcome leroy well work together get feeling better lets schedule followup appointment two weeks well see youre sound good patient yeah works thanks,subjective leroy reports feeling lately lowgrade anxiety persistent worsening past year experiences panic attacks specific triggers trouble sleeping also notes lack interest activities withdrawal friends family variable appetite trouble focusing work headaches muscle tension irritability feeling stuck rut objective leroy appears alert engaged appointment displays signs anxiety fidgeting tense shoulders signs influence noted vital signs within normal limits acute distress observed assessment leroy presents significant symptoms anxiety depression reports experiencing panic attacks sleep disturbances anhedonia irritability concentration difficulties physical symptoms like headaches muscle tension suicidal thoughts reported leroys wife notes improvement engagement openness plan 1 referral therapist sarah grayson frequent sessions address underlying issues contributing anxiety depression 2 initiation sertraline ssri low dose help anxiety symptoms close monitoring dosage adjustments needed 3 lifestyle changes recommended including regular exercise healthy diet adequate sleep 4 followup appointment scheduled two weeks assess progress adjust treatment plan necessary,0.6453988,0.8178278207778931,0.3636363636363637,0.15238095238095237,0.20895522388059698
"
Physician: Good morning, Mrs. Brewer. How are you feeling today?

Patient: Good morning, doctor. I'm doing alright, I guess. I've been feeling a bit tired lately, and my joints have been aching more than usual.

Physician: I see. Can you tell me more about your fatigue? Is it a new symptom, or has it been ongoing?

Patient: It's been on and off for a while now, but it seems to have gotten worse over the past few weeks. Some days, I feel like I can barely get out of bed.

Physician: I understand. Have you noticed any other symptoms, such as weight gain or loss, changes in your appetite, or difficulty concentrating?

Patient: Yes, I have lost a little weight recently, and my appetite has been decreased. And yes, I have had trouble concentrating.

Physician: Thank you for mentioning that. Now, regarding your joint pain, can you specify which joints are affected and how long you've been experiencing this discomfort?

Patient: My knees, hips, and fingers hurt. It's been about a year now.

Physician: I see. Have you noticed any swelling, redness, or warmth in the affected joints?

Patient: No, nothing like that. Just pain and stiffness, especially in the mornings.

Physician: I understand. Have you experienced any other symptoms, such as fever, chills, or night sweats?

Patient: No, nothing like that.

Physician: Good. Now, I know you have a history of hyperthyroidism, osteoarthritis, and hypertension. Can you tell me about your current medications and how well they seem to be managing your conditions?

Patient: Sure. I take levothyroxine for my thyroid, naproxen for my joint pain, and lisinopril for my blood pressure. Honestly, I'm not sure how well they're working. Sometimes I feel like they're helping, but other times, I don't notice much of a difference.

Physician: I see. Have you noticed any side effects from your medications?

Patient: No, nothing significant.

Physician: Alright. I'd like to perform a physical examination and run some tests to get a better understanding of your symptoms. In the meantime, I'd like to schedule you for a follow-up appointment with your specialists to ensure we're managing your conditions effectively. Does that sound good to you?

Patient: Yes, that sounds fine. Thank you, doctor.

Physician: You're welcome, Mrs. Brewer. We'll do our best to figure out what's going on and get you feeling better soon.","Subjective:
Mrs. Brewer reports feeling tired lately, with increased joint pain and stiffness in her knees, hips, and fingers. She has experienced on-and-off fatigue, weight loss, decreased appetite, and difficulty concentrating. Mrs. Brewer mentions that her symptoms have worsened over the past few weeks.

Objective:
Mrs. Brewer presents with no signs of swelling, redness, or warmth in her joints. She has a history of hyperthyroidism, osteoarthritis, and hypertension, managed with levothyroxine, naproxen, and lisinopril, respectively. Physical examination and further tests are planned to assess her current condition.

Assessment:
Mrs. Brewer's symptoms of fatigue, weight loss, decreased appetite, and joint pain may be indicative of underlying issues related to her chronic conditions. Further evaluation is necessary to determine the cause of her worsening symptoms and to optimize her treatment plan.

Plan:
1. Schedule follow-up appointments with Mrs. Brewer's specialists (Endocrinologist, Rheumatologist, Cardiologist) to review her current treatment plan.
2. Perform physical examination and additional tests to assess her symptoms and overall health.
3. Monitor Mrs. Brewer's response to her current medications and consider adjustments if needed.
4. Provide Mrs. Brewer with support and guidance to address her symptoms and improve her quality of life.",physician good morning mrs brewer feeling today patient good morning doctor im alright guess ive feeling bit tired lately joints aching usual physician see tell fatigue new symptom ongoing patient seems gotten worse past weeks days feel like barely get bed physician understand noticed symptoms weight gain loss changes appetite difficulty concentrating patient yes lost little weight recently appetite decreased yes trouble concentrating physician thank mentioning regarding joint pain specify joints affected long youve experiencing discomfort patient knees hips fingers hurt year physician see noticed swelling redness warmth affected joints patient nothing like pain stiffness especially mornings physician understand experienced symptoms fever chills night sweats patient nothing like physician good know history hyperthyroidism osteoarthritis hypertension tell current medications well seem managing conditions patient sure take levothyroxine thyroid naproxen joint pain lisinopril blood pressure honestly im sure well theyre working sometimes feel like theyre helping times dont notice much difference physician see noticed side effects medications patient nothing significant physician alright id like perform physical examination run tests get better understanding symptoms meantime id like schedule followup appointment specialists ensure managing conditions effectively sound good patient yes sounds fine thank doctor physician youre welcome mrs brewer well best figure whats going get feeling better soon,subjective mrs brewer reports feeling tired lately increased joint pain stiffness knees hips fingers experienced onandoff fatigue weight loss decreased appetite difficulty concentrating mrs brewer mentions symptoms worsened past weeks objective mrs brewer presents signs swelling redness warmth joints history hyperthyroidism osteoarthritis hypertension managed levothyroxine naproxen lisinopril respectively physical examination tests planned assess current condition assessment mrs brewers symptoms fatigue weight loss decreased appetite joint pain may indicative underlying issues related chronic conditions evaluation necessary determine cause worsening symptoms optimize treatment plan plan 1 schedule followup appointments mrs brewers specialists endocrinologist rheumatologist cardiologist review current treatment plan 2 perform physical examination additional tests assess symptoms overall health 3 monitor mrs brewers response current medications consider adjustments needed 4 provide mrs brewer support guidance address symptoms improve quality life,0.78192234,0.8255307674407959,0.28082191780821913,0.06872852233676975,0.15753424657534246
"
Physician: Good morning, Mrs. Harper. It's great to see you today. How have you been feeling lately?

Patient: (sighs) I've been feeling pretty terrible, to be honest. I've been experiencing fatigue, weight gain, and just generally feeling slow and sluggish. And my migraines have been getting worse.

Physician: I see. Can you tell me more about your fatigue? Is it something that's been gradually increasing over time, or has it been sudden?

Patient: It's been gradual, I'd say. Over the past year or so, I've noticed that I've been needing to take more naps during the day and feeling like I can't keep up with my usual routine.

Physician: I understand. And what about your weight gain? Have you noticed any changes in your appetite or eating habits?

Patient: Yes, I've definitely been eating more than usual. I've always been a bit of a stress eater, but it seems like lately, I can't stop myself from snacking all the time. And my portions have gotten bigger too.

Physician: I see. Have you noticed any other symptoms, like changes in your mood or energy levels?

Patient: Yes, definitely. I've been feeling really down and hopeless lately. And I've noticed that I've been getting winded more easily, even when I'm just walking around the house.

Physician: I understand. Can you tell me more about your migraines? Have they been getting worse or more frequent?

Patient: Yes, definitely. I've been getting them more often, and they've been getting worse. I've been using sumatriptan as needed, but it doesn't seem to be working as well as it used to.

Physician: I see. Have you noticed any triggers for your migraines, like certain foods or stress?

Patient: Yes, definitely. I've noticed that they tend to happen more often when I'm under a lot of stress or when I eat certain foods, like chocolate or cheese.

Physician: I understand. Can you tell me more about your thyroid history? When were you diagnosed with hypothyroidism, and how have you been managing it?

Patient: I was diagnosed in 2019. I've been taking levothyroxine ever since, but I've been having trouble remembering to take it every day. And sometimes I feel like it's not working as well as it should be.

Physician: I see. Have you noticed any other symptoms related to your thyroid, like changes in your skin or hair?

Patient: Yes, definitely. My skin has been feeling really dry and itchy lately, and my hair has been falling out more than usual.

Physician: I understand. Can you tell me more about your allergies? Have you had any recent allergic reactions or concerns?

Patient: Yes, I have a moderate allergy to penicillin. I had a bad reaction to it a few years ago, and I've been avoiding it ever since.

Physician: I see. Have you noticed any other symptoms or concerns that we haven't talked about yet?

Patient: (pauses) Yes, actually. I've been having some trouble swallowing lately. It feels like food is getting stuck in my throat, and I have to cough to get it down.

Physician: I understand. Thank you for sharing that. I'm going to recommend that we run some tests to check your thyroid levels and see if there's anything else going on that might be contributing to your symptoms. In the meantime, I'd like to increase your levothyroxine dosage and add a medication to help with your migraines. We'll also schedule a follow-up appointment to discuss the results of your tests and see how you're doing. Does that sound good to you?

Patient: Yes, that sounds great. Thank you for listening and for helping me figure this out.","Subjective:
Mrs. Harper reports feeling fatigued, experiencing weight gain, feeling slow and sluggish, and worsening migraines. She mentions increased need for naps, excessive snacking, feeling down and hopeless, and getting winded easily. She also notes using sumatriptan for migraines with decreasing effectiveness. Mrs. Harper expresses concerns about her thyroid management, including forgetfulness in taking levothyroxine and skin/hair changes. She discloses a moderate penicillin allergy and recent trouble swallowing.

Objective:
Mrs. Harper presents as a 45-year-old female with a history of hypothyroidism, obesity, migraines, and allergic rhinitis. Vital signs are within normal limits. Physical examination reveals dry, itchy skin, hair loss, and signs of weight gain. Neurological examination shows no focal deficits. Thyroid function tests from 03/15/2023 indicate elevated TSH levels. Mrs. Harper's current medications include levothyroxine, sumatriptan, and omeprazole.

Assessment:
Mrs. Harper's symptoms suggest poorly controlled hypothyroidism, potential medication non-adherence, and uncontrolled migraines. The recent thyroid function test shows elevated TSH levels, indicating the need for a dosage adjustment. Her migraines may benefit from a preventative medication. Further evaluation is needed for her swallowing difficulties.

Plan:
1. Increase levothyroxine dosage to address elevated TSH levels.
2. Add a preventative medication for migraines to improve symptom control.
3. Schedule further tests to investigate swallowing difficulties.
4. Follow up with Mrs. Harper to discuss test results and treatment effectiveness.
5. Educate Mrs. Harper on the importance of medication adherence and lifestyle modifications for weight management.",physician good morning mrs harper great see today feeling lately patient sighs ive feeling pretty terrible honest ive experiencing fatigue weight gain generally feeling slow sluggish migraines getting worse physician see tell fatigue something thats gradually increasing time sudden patient gradual id say past year ive noticed ive needing take naps day feeling like cant keep usual routine physician understand weight gain noticed changes appetite eating habits patient yes ive definitely eating usual ive always bit stress eater seems like lately cant stop snacking time portions gotten bigger physician see noticed symptoms like changes mood energy levels patient yes definitely ive feeling really hopeless lately ive noticed ive getting winded easily even im walking around house physician understand tell migraines getting worse frequent patient yes definitely ive getting often theyve getting worse ive using sumatriptan needed doesnt seem working well used physician see noticed triggers migraines like certain foods stress patient yes definitely ive noticed tend happen often im lot stress eat certain foods like chocolate cheese physician understand tell thyroid history diagnosed hypothyroidism managing patient diagnosed 2019 ive taking levothyroxine ever since ive trouble remembering take every day sometimes feel like working well physician see noticed symptoms related thyroid like changes skin hair patient yes definitely skin feeling really dry itchy lately hair falling usual physician understand tell allergies recent allergic reactions concerns patient yes moderate allergy penicillin bad reaction years ago ive avoiding ever since physician see noticed symptoms concerns havent talked yet patient pauses yes actually ive trouble swallowing lately feels like food getting stuck throat cough get physician understand thank sharing im going recommend run tests check thyroid levels see theres anything else going might contributing symptoms meantime id like increase levothyroxine dosage add medication help migraines well also schedule followup appointment discuss results tests see youre sound good patient yes sounds great thank listening helping figure,subjective mrs harper reports feeling fatigued experiencing weight gain feeling slow sluggish worsening migraines mentions increased need naps excessive snacking feeling hopeless getting winded easily also notes using sumatriptan migraines decreasing effectiveness mrs harper expresses concerns thyroid management including forgetfulness taking levothyroxine skinhair changes discloses moderate penicillin allergy recent trouble swallowing objective mrs harper presents 45yearold female history hypothyroidism obesity migraines allergic rhinitis vital signs within normal limits physical examination reveals dry itchy skin hair loss signs weight gain neurological examination shows focal deficits thyroid function tests 03152023 indicate elevated tsh levels mrs harpers current medications include levothyroxine sumatriptan omeprazole assessment mrs harpers symptoms suggest poorly controlled hypothyroidism potential medication nonadherence uncontrolled migraines recent thyroid function test shows elevated tsh levels indicating need dosage adjustment migraines may benefit preventative medication evaluation needed swallowing difficulties plan 1 increase levothyroxine dosage address elevated tsh levels 2 add preventative medication migraines improve symptom control 3 schedule tests investigate swallowing difficulties 4 follow mrs harper discuss test results treatment effectiveness 5 educate mrs harper importance medication adherence lifestyle modifications weight management,0.76153564,0.8040065765380859,0.4300441826215022,0.17134416543574596,0.28571428571428575
"
Physician: Good morning, Ruben. How are you feeling today?

Patient: Hi, doctor. I'm doing alright, I guess. I've been feeling a little off lately, and I wanted to talk to someone about it.

Physician: Of course. Can you tell me more about what's been going on? When did you first notice these changes?

Patient: Well, it's mostly been in the past few months. I've been having some trouble getting it up, you know? And when I do, it doesn't last very long. It's like my body just isn't responding the way it used to.

Physician: I see. Have you noticed any other symptoms? Pain, discomfort, or anything unusual during urination or ejaculation?

Patient: Yeah, actually. It's been kind of painful when I pee, and sometimes I feel this burning sensation after I come. It's really uncomfortable.

Physician: Okay, that's helpful information. Have you had any recent sexual encounters that might have caused this?

Patient: Uh, yeah. I've been seeing someone pretty regularly. But we've both been tested, and we're clean. At least, that's what the tests said.

Physician: That's good to know. Have you noticed any discharge or unusual smells?

Patient: No, nothing like that. Just the pain and the trouble getting it up.

Physician: Alright. Have you been under any stress lately? Work, relationships, anything like that?

Patient: Yeah, definitely. Work's been pretty crazy, and my girlfriend and I have been having some issues. But I don't know if that's really related.

Physician: It's possible. Stress can affect your body in a lot of ways, especially when it comes to sexual health.

Patient: Yeah, I guess that makes sense.

Physician: Okay, Ruben. Based on what you've told me, it's possible that you might be experiencing some sexual dysfunction related to stress or maybe even a minor infection. I'd like to run some tests to rule out any underlying conditions, and we can go from there.

Patient: Sounds good, doctor. I just want to get this figured out.

Physician: Absolutely. We'll get you set up with an appointment for the tests, and we'll go over the results when they're ready. In the meantime, I recommend abstaining from sexual activity until we can get to the bottom of this.

Patient: Alright, doctor. Thanks for your help.

Physician: No problem, Ruben. We'll get you feeling better in no time.","Subjective:
Ruben reports feeling off lately and experiencing trouble with erectile dysfunction. He mentions pain during urination and a burning sensation after ejaculation. Ruben has been sexually active with a partner who has tested negative for STIs. He attributes his symptoms to stress from work and relationship issues.

Objective:
Ruben appears anxious but cooperative during the appointment. He denies any discharge or unusual smells. Physical examination reveals no abnormalities. Vital signs are within normal limits.

Assessment:
Ruben presents with symptoms of erectile dysfunction, pain during urination, and a burning sensation after ejaculation. Stress from work and relationship issues may be contributing factors. Further testing is recommended to rule out any underlying infections or conditions.

Plan:
1. Order tests to investigate possible infections or underlying conditions.
2. Advise Ruben to abstain from sexual activity until test results are available.
3. Schedule a follow-up appointment to discuss test results and determine the next steps in treatment.
4. Provide resources for stress management techniques and offer support for relationship issues if needed.",physician good morning ruben feeling today patient hi doctor im alright guess ive feeling little lately wanted talk someone physician course tell whats going first notice changes patient well mostly past months ive trouble getting know doesnt last long like body isnt responding way used physician see noticed symptoms pain discomfort anything unusual urination ejaculation patient yeah actually kind painful pee sometimes feel burning sensation come really uncomfortable physician okay thats helpful information recent sexual encounters might caused patient uh yeah ive seeing someone pretty regularly weve tested clean least thats tests said physician thats good know noticed discharge unusual smells patient nothing like pain trouble getting physician alright stress lately work relationships anything like patient yeah definitely works pretty crazy girlfriend issues dont know thats really related physician possible stress affect body lot ways especially comes sexual health patient yeah guess makes sense physician okay ruben based youve told possible might experiencing sexual dysfunction related stress maybe even minor infection id like run tests rule underlying conditions go patient sounds good doctor want get figured physician absolutely well get set appointment tests well go results theyre ready meantime recommend abstaining sexual activity get bottom patient alright doctor thanks help physician problem ruben well get feeling better time,subjective ruben reports feeling lately experiencing trouble erectile dysfunction mentions pain urination burning sensation ejaculation ruben sexually active partner tested negative stis attributes symptoms stress work relationship issues objective ruben appears anxious cooperative appointment denies discharge unusual smells physical examination reveals abnormalities vital signs within normal limits assessment ruben presents symptoms erectile dysfunction pain urination burning sensation ejaculation stress work relationship issues may contributing factors testing recommended rule underlying infections conditions plan 1 order tests investigate possible infections underlying conditions 2 advise ruben abstain sexual activity test results available 3 schedule followup appointment discuss test results determine next steps treatment 4 provide resources stress management techniques offer support relationship issues needed,0.6503416,0.8042985796928406,0.3908045977011494,0.16714697406340057,0.24712643678160923
"
Physician: Good morning, April. How are you feeling today?

Patient: Hi, Dr. Barrett. I've been feeling pretty run down lately. I've had this constant fatigue that doesn't seem to go away, even when I get a full night's sleep. And my stomach has been acting up again - I've had a lot of heartburn and abdominal pain.

Physician: I see. Can you tell me more about your fatigue? Is it a general feeling of tiredness or do you experience any specific symptoms, such as dizziness or weakness?

Patient: It's mostly just a feeling of being really tired all the time. I don't feel like I can ever fully wake up, even after a good night's sleep. And sometimes I get this feeling of being lightheaded or dizzy, especially when I stand up too quickly.

Physician: Okay. And your stomach symptoms - have you noticed any patterns or triggers that make them worse?

Patient: Yeah, definitely. If I eat anything too spicy or fatty, it seems to set off a chain reaction of heartburn and abdominal pain. And sometimes I feel bloated and gassy, like there's a balloon in my stomach that's about to pop.

Physician: I understand. Have you experienced any other symptoms that might be related to your gastrointestinal issues? For example, nausea, vomiting, diarrhea, or constipation?

Patient: Yes, actually. I've had some nausea and vomiting, especially in the mornings. And I've been having some trouble with constipation too. It's like my body just decided to stop digesting food properly.

Physician: I see. Have you noticed any other symptoms that might be related to your overall health, such as fever, chills, night sweats, or weight loss?

Patient: No, nothing like that. Just the usual stuff that comes with having a chronic condition, I guess.

Physician: Okay. Well, April, based on what you've told me today, it sounds like your symptoms are consistent with a worsening of your gastroesophageal reflux disease and irritable bowel syndrome. We'll need to monitor your condition closely and adjust your medications as needed. I'd like to schedule you for a follow-up appointment with Dr. Cunningham, your gastroenterologist, to get her input on your treatment plan. And we should also schedule you for a colonoscopy to rule out any other potential gastrointestinal issues. In the meantime, I recommend that you avoid trigger foods and focus on eating a balanced diet that's easy on your stomach. We can also discuss stress management techniques to help you cope with your symptoms. Does that sound good to you?

Patient: Yes, that sounds like a good plan. Thank you, Dr. Barrett. I just want to feel better again.

Physician: Of course, April. We'll do everything we can to help you manage your symptoms and improve your quality of life.","Subjective:
April Russell, a 53-year-old female, reports feeling run down lately with constant fatigue that does not improve even with adequate sleep. She also mentions experiencing heartburn, abdominal pain, bloating, and gassiness triggered by spicy or fatty foods. Additionally, she has been dealing with nausea, vomiting, and constipation. April denies fever, chills, night sweats, or weight loss.

Objective:
During the examination, April appears fatigued but alert. She displays no signs of distress or acute pain. Vital signs are within normal limits. Physical examination reveals tenderness upon palpation of the abdomen. No other abnormalities are noted.

Assessment:
April's symptoms are consistent with exacerbation of her gastroesophageal reflux disease (GERD) and irritable bowel syndrome (IBS). Further evaluation is needed to rule out other gastrointestinal issues. Medication adjustment and close monitoring are recommended. A follow-up appointment with Dr. Cunningham, the gastroenterologist, is advised, along with scheduling a colonoscopy.

Plan:
1. Schedule a follow-up appointment with Dr. Cunningham for input on treatment plan.
2. Arrange for a colonoscopy to investigate potential gastrointestinal issues.
3. Adjust medications as needed for GERD and IBS management.
4. Advise April to avoid trigger foods and focus on a balanced diet.
5. Discuss stress management techniques to help cope with symptoms.
6. Monitor April's progress closely and provide ongoing support for symptom management.",physician good morning april feeling today patient hi dr barrett ive feeling pretty run lately ive constant fatigue doesnt seem go away even get full nights sleep stomach acting ive lot heartburn abdominal pain physician see tell fatigue general feeling tiredness experience specific symptoms dizziness weakness patient mostly feeling really tired time dont feel like ever fully wake even good nights sleep sometimes get feeling lightheaded dizzy especially stand quickly physician okay stomach symptoms noticed patterns triggers make worse patient yeah definitely eat anything spicy fatty seems set chain reaction heartburn abdominal pain sometimes feel bloated gassy like theres balloon stomach thats pop physician understand experienced symptoms might related gastrointestinal issues example nausea vomiting diarrhea constipation patient yes actually ive nausea vomiting especially mornings ive trouble constipation like body decided stop digesting food properly physician see noticed symptoms might related overall health fever chills night sweats weight loss patient nothing like usual stuff comes chronic condition guess physician okay well april based youve told today sounds like symptoms consistent worsening gastroesophageal reflux disease irritable bowel syndrome well need monitor condition closely adjust medications needed id like schedule followup appointment dr cunningham gastroenterologist get input treatment plan also schedule colonoscopy rule potential gastrointestinal issues meantime recommend avoid trigger foods focus eating balanced diet thats easy stomach also discuss stress management techniques help cope symptoms sound good patient yes sounds like good plan thank dr barrett want feel better physician course april well everything help manage symptoms improve quality life,subjective april russell 53yearold female reports feeling run lately constant fatigue improve even adequate sleep also mentions experiencing heartburn abdominal pain bloating gassiness triggered spicy fatty foods additionally dealing nausea vomiting constipation april denies fever chills night sweats weight loss objective examination april appears fatigued alert displays signs distress acute pain vital signs within normal limits physical examination reveals tenderness upon palpation abdomen abnormalities noted assessment aprils symptoms consistent exacerbation gastroesophageal reflux disease gerd irritable bowel syndrome ibs evaluation needed rule gastrointestinal issues medication adjustment close monitoring recommended followup appointment dr cunningham gastroenterologist advised along scheduling colonoscopy plan 1 schedule followup appointment dr cunningham input treatment plan 2 arrange colonoscopy investigate potential gastrointestinal issues 3 adjust medications needed gerd ibs management 4 advise april avoid trigger foods focus balanced diet 5 discuss stress management techniques help cope symptoms 6 monitor aprils progress closely provide ongoing support symptom management,0.77687883,0.8326082229614258,0.2568181818181818,0.04555808656036446,0.15000000000000002
"
Physician: Good afternoon, Ms. Jordan. How are you feeling today?

Patient: Hi, Dr. Lucas. I've been feeling pretty uncomfortable lately. My back has been hurting me a lot, especially when I wake up in the morning or after I've been sitting for a while.

Physician: I see. Can you tell me more about the pain? Is it a sharp pain, a dull ache, or does it feel like a burning sensation?

Patient: It's more of a dull ache, but it can become sharp if I move wrong or bend down. It's mostly in my lower back, but sometimes it feels like it's all the way down my legs.

Physician: Okay. Have you noticed any weakness or numbness in your legs?

Patient: A little bit of numbness, mostly in my left leg. It's not constant, but it's definitely there.

Physician: I understand. Have you had any trouble controlling your bladder or bowels?

Patient: No, nothing like that. Just the pain and numbness.

Physician: Good. Have you recently experienced any change in your bowel movements or bladder habits?

Patient: No, everything seems normal in that department.

Physician: Okay. Can you tell me about your sleep patterns? Are you having any trouble falling or staying asleep?

Patient: Yes, I've been having a lot of trouble sleeping lately. I wake up a lot during the night because of the pain, and it's hard for me to get back to sleep.

Physician: I see. Have you tried anything to help with the pain at night?

Patient: My son suggested I try a heating pad, so I've been using that a bit. It seems to help a little bit, but not too much.

Physician: That's good that you've been trying some self-care measures. Have you noticed any relief with the heating pad?

Patient: Like I said, it helps a little bit, but it doesn't take the pain away completely.

Physician: I understand. Have you experienced any recent weight loss, fever, or malaise?

Patient: No, nothing like that. Just the pain and difficulty sleeping.

Physician: Okay. Let's take a look at your medical history. I see that you have a history of hypertension and osteoarthritis. Have you noticed any changes in your blood pressure recently?

Patient: No, I don't think so. I've been taking my medication like I'm supposed to, and I had my blood pressure checked a few months ago and it was fine.

Physician: That's good to hear. Have you had any recent changes in your exercise routine or daily activities?

Patient: Not really. I've been trying to stay active, but the pain has been making it harder for me to do the things I want to do.

Physician: I understand. I'm going to recommend that you see a physical therapist to help with your pain management. In the meantime, I'm going to prescribe you a medication that should help with the pain and inflammation. We'll also schedule you for a follow-up appointment in a few weeks to check in on your progress. Does that sound good to you?

Patient: Yes, that sounds great. Thank you, Dr. Lucas.

Physician: You're welcome, Ms. Jordan. We'll get you feeling better in no time.","Subjective:
Ms. Jordan reports feeling uncomfortable lately due to significant back pain, especially in the lower back that radiates down her legs. She describes the pain as a dull ache that can become sharp with certain movements. She also experiences numbness in her left leg but denies any weakness, changes in bowel or bladder habits, weight loss, fever, or malaise. Ms. Jordan mentions having trouble sleeping due to the pain and has been using a heating pad for relief, which provides some help but does not alleviate the pain completely.

Objective:
Ms. Jordan presents with tenderness in the lower back upon examination. She has limited range of motion due to pain but does not exhibit signs of weakness or neurological deficits. Vital signs are within normal limits, and her weight has remained stable. There are no signs of fever or malaise. Ms. Jordan's blood pressure is well-controlled, and she has been compliant with her medications for hypertension and osteoarthritis.

Assessment:
Ms. Jordan is experiencing significant back pain attributed to osteoarthritis, leading to discomfort and difficulty sleeping. The pain management plan includes prescribing medication for pain and inflammation and recommending physical therapy to address her symptoms effectively. Follow-up appointment scheduled in a few weeks to monitor progress.

Plan:
1. Prescribe medication for pain and inflammation.
2. Refer Ms. Jordan to a physical therapist for pain management.
3. Schedule a follow-up appointment in a few weeks to assess treatment effectiveness and make any necessary adjustments.
4. Encourage continued use of the heating pad for symptom relief.
5. Educate Ms. Jordan on self-care measures to manage back pain at home.
6. Discuss the importance of maintaining regular physical activity within the limits of her pain tolerance.",physician good afternoon ms jordan feeling today patient hi dr lucas ive feeling pretty uncomfortable lately back hurting lot especially wake morning ive sitting physician see tell pain sharp pain dull ache feel like burning sensation patient dull ache become sharp move wrong bend mostly lower back sometimes feels like way legs physician okay noticed weakness numbness legs patient little bit numbness mostly left leg constant definitely physician understand trouble controlling bladder bowels patient nothing like pain numbness physician good recently experienced change bowel movements bladder habits patient everything seems normal department physician okay tell sleep patterns trouble falling staying asleep patient yes ive lot trouble sleeping lately wake lot night pain hard get back sleep physician see tried anything help pain night patient son suggested try heating pad ive using bit seems help little bit much physician thats good youve trying selfcare measures noticed relief heating pad patient like said helps little bit doesnt take pain away completely physician understand experienced recent weight loss fever malaise patient nothing like pain difficulty sleeping physician okay lets take look medical history see history hypertension osteoarthritis noticed changes blood pressure recently patient dont think ive taking medication like im supposed blood pressure checked months ago fine physician thats good hear recent changes exercise routine daily activities patient really ive trying stay active pain making harder things want physician understand im going recommend see physical therapist help pain management meantime im going prescribe medication help pain inflammation well also schedule followup appointment weeks check progress sound good patient yes sounds great thank dr lucas physician youre welcome ms jordan well get feeling better time,subjective ms jordan reports feeling uncomfortable lately due significant back pain especially lower back radiates legs describes pain dull ache become sharp certain movements also experiences numbness left leg denies weakness changes bowel bladder habits weight loss fever malaise ms jordan mentions trouble sleeping due pain using heating pad relief provides help alleviate pain completely objective ms jordan presents tenderness lower back upon examination limited range motion due pain exhibit signs weakness neurological deficits vital signs within normal limits weight remained stable signs fever malaise ms jordans blood pressure wellcontrolled compliant medications hypertension osteoarthritis assessment ms jordan experiencing significant back pain attributed osteoarthritis leading discomfort difficulty sleeping pain management plan includes prescribing medication pain inflammation recommending physical therapy address symptoms effectively followup appointment scheduled weeks monitor progress plan 1 prescribe medication pain inflammation 2 refer ms jordan physical therapist pain management 3 schedule followup appointment weeks assess treatment effectiveness make necessary adjustments 4 encourage continued use heating pad symptom relief 5 educate ms jordan selfcare measures manage back pain home 6 discuss importance maintaining regular physical activity within limits pain tolerance,0.765604,0.8192641139030457,0.3148751357220413,0.1044613710554951,0.18241042345276873
"
Physician: Good morning, Mr. Patterson. I'm Dr. Hernandez. I understand you've been feeling unwell lately. Can you tell me more about your symptoms?

Patient: Yes, doctor. I've had a fever, cough, sore throat, and my muscles ache. I'm also feeling pretty fatigued.

Physician: I see. Can you give me a sense of when these symptoms started?

Patient: Well, the fever and cough started about three days ago, but the sore throat and muscle aches have been bothering me for the past week or so. The fatigue is something I've been experiencing for a while now.

Physician: I understand. Have you noticed any shortness of breath or chest pain?

Patient: No, doctor, nothing like that. Just a lot of congestion and coughing.

Physician: Okay. Have you had any recent travel or been exposed to anyone with similar symptoms?

Patient: No, I haven't traveled recently, and I don't think anyone in my household has been sick.

Physician: That's good to know. Have you noticed any changes in your appetite or sleep patterns?

Patient: Yes, doctor. I've been having a bit of trouble sleeping at night because of the coughing, and my appetite has been a bit off lately.

Physician: I see. Have you experienced any recent stressors or changes in your life that might be contributing to your symptoms?

Patient: Well, I did recently lose my job, and that's been causing me a lot of stress.

Physician: Sorry to hear that. Stress can certainly affect your physical health. Have you noticed any other symptoms, such as headaches or dizziness?

Patient: Yes, doctor. I've had some headaches, and I've felt a bit dizzy when I stand up too quickly.

Physician: I understand. Mr. Patterson, based on what you've told me, it's possible that you have a viral infection, such as the flu. We'll need to run some tests to confirm that, but in the meantime, I'd like to prescribe some medication to help manage your symptoms.

Patient: Okay, that sounds good.

Physician: I'm going to prescribe a medication for your cough and another for your fever and body aches. I'd also like to schedule you for a follow-up appointment in a few days to reassess your condition and see how you're responding to the medication. In the meantime, it's important that you rest as much as possible, stay hydrated, and avoid any strenuous activities.

Patient: Okay, that makes sense. Thank you, doctor.

Physician: Of course, Mr. Patterson. I'll have my nurse come in to take your vital signs and get the prescriptions ready. We'll also schedule that follow-up appointment before you leave.","Subjective:
Mr. Patterson reports experiencing a fever, cough, sore throat, muscle aches, and fatigue. Symptoms started three days ago with fever and cough, while sore throat and muscle aches have been present for about a week. He also mentions having trouble sleeping due to coughing and a decreased appetite. Mr. Patterson attributes his recent stress from losing his job to his symptoms. He denies shortness of breath, chest pain, recent travel, or exposure to sick individuals.

Objective:
Vital signs reveal a temperature of 101.5°F, blood pressure of 142/88 mmHg, pulse of 92 bpm, respiratory rate of 20 bpm, and oxygen saturation of 95% on room air. Mr. Patterson's weight is 235 lbs, and height is 5'10"". Physical examination shows signs of congestion and coughing.

Assessment:
Based on Mr. Patterson's symptoms and physical examination, he likely has a viral infection, such as the flu. Further testing is needed to confirm the diagnosis. Medication will be prescribed to manage symptoms, and a follow-up appointment is scheduled to reassess his condition.

Plan:
Prescribe medication for cough, fever, and body aches. Schedule a follow-up appointment in a few days to monitor response to treatment. Advise rest, hydration, and avoidance of strenuous activities. Nurse will take vital signs and prepare prescriptions. Follow-up appointment will be scheduled before Mr. Patterson leaves the office.",physician good morning mr patterson im dr hernandez understand youve feeling unwell lately tell symptoms patient yes doctor ive fever cough sore throat muscles ache im also feeling pretty fatigued physician see give sense symptoms started patient well fever cough started three days ago sore throat muscle aches bothering past week fatigue something ive experiencing physician understand noticed shortness breath chest pain patient doctor nothing like lot congestion coughing physician okay recent travel exposed anyone similar symptoms patient havent traveled recently dont think anyone household sick physician thats good know noticed changes appetite sleep patterns patient yes doctor ive bit trouble sleeping night coughing appetite bit lately physician see experienced recent stressors changes life might contributing symptoms patient well recently lose job thats causing lot stress physician sorry hear stress certainly affect physical health noticed symptoms headaches dizziness patient yes doctor ive headaches ive felt bit dizzy stand quickly physician understand mr patterson based youve told possible viral infection flu well need run tests confirm meantime id like prescribe medication help manage symptoms patient okay sounds good physician im going prescribe medication cough another fever body aches id also like schedule followup appointment days reassess condition see youre responding medication meantime important rest much possible stay hydrated avoid strenuous activities patient okay makes sense thank doctor physician course mr patterson ill nurse come take vital signs get prescriptions ready well also schedule followup appointment leave,subjective mr patterson reports experiencing fever cough sore throat muscle aches fatigue symptoms started three days ago fever cough sore throat muscle aches present week also mentions trouble sleeping due coughing decreased appetite mr patterson attributes recent stress losing job symptoms denies shortness breath chest pain recent travel exposure sick individuals objective vital signs reveal temperature 1015f blood pressure 14288 mmhg pulse 92 bpm respiratory rate 20 bpm oxygen saturation 95 room air mr pattersons weight 235 lbs height 510 physical examination shows signs congestion coughing assessment based mr pattersons symptoms physical examination likely viral infection flu testing needed confirm diagnosis medication prescribed manage symptoms followup appointment scheduled reassess condition plan prescribe medication cough fever body aches schedule followup appointment days monitor response treatment advise rest hydration avoidance strenuous activities nurse take vital signs prepare prescriptions followup appointment scheduled mr patterson leaves office,0.77745414,0.8262408971786499,0.3904761904761904,0.13842482100238662,0.1976190476190476
"
Physician: Good morning, Mr. Neal. How are you feeling today?

Patient: (groans) Not great, doc. My back's been killin' me for weeks now. It started out just being a little stiff in the mornings, but it's gotten a lot worse. I can't even bend over to tie my shoes anymore.

Physician: I see. Have you noticed any other symptoms? Maybe some numbness or tingling down your legs?

Patient: Yeah, that's been happenin' too. It's like pins and needles, you know? And it's not just in my legs, it's also in my feet. It's like my whole lower back is just... dead, I guess.

Physician: Okay, that's helpful. Have you had any recent falls or injuries that might've triggered this?

Patient: No, nothing like that. I mean, I did lift a heavy box a few weeks ago, but I didn't think much of it at the time. Maybe that's what started it all?

Physician: That's certainly possible. Have you noticed any weakness in your legs or difficulty walking?

Patient: Yeah, definitely. I've been gettin' tired a lot easier, and my legs just feel like jelly sometimes. It's like they can't support my weight no more. And walkin'... well, it's like I'm waddlin' around like a duck. It's pretty embarrassin', to be honest.

Physician: I understand. Have you experienced any pain or discomfort in other areas of your body?

Patient: Well, my shoulders and neck have been killin' me too, but that's been goin' on for years. Just figured it was from workin' too many years at the factory. But now, with this back pain, I'm not sure what's what anymore.

Physician: I see. Have you noticed any changes in your bowel or bladder habits?

Patient: No, not that I can think of. But, you know, I've been havin' some trouble sleepin' at night because of the pain. I've been takin' some over-the-counter stuff for it, but it's not really helpin' much.

Physician: Okay, that's good to know. Have you noticed any fevers or chills?

Patient: No, nothin' like that. Just pain, pain, pain. It's like my whole body's one big ache.

Physician: Alright, Mr. Neal. I think that gives me a pretty good idea of what's goin' on. I'm gonna order some tests to get a better look at what's happenin' with your back. In the meantime, I'm gonna give you a prescription for some medication that should help with the pain. I'll also set you up with a physical therapist who can work with you on some exercises to help strengthen your core and back muscles. And we'll go from there, okay?

Patient: Sounds good, doc. Just, please, somethin's gotta help. This pain's killin' me.","Subjective:
Mr. Neal reports experiencing severe back pain that has worsened over the past few weeks. He describes stiffness in the mornings, numbness and tingling in his legs and feet, weakness in his legs, and difficulty walking. He also mentions chronic pain in his shoulders and neck. Mr. Neal states that the pain is affecting his sleep and daily activities, and he has been taking over-the-counter medications with limited relief.

Objective:
During the examination, Mr. Neal appeared uncomfortable and had limited range of motion due to pain. He did not display signs of fever or chills. Physical examination revealed tenderness in the lower back region and limited strength in the lower extremities. Mr. Neal's vital signs were within normal limits. He has a history of chronic back pain and shoulder/neck pain.

Assessment:
Mr. Neal presents with worsening chronic back pain, numbness and tingling in the legs and feet, weakness in the legs, and difficulty walking. The pain is impacting his daily activities and sleep. Further diagnostic tests are needed to determine the underlying cause of his symptoms. Mr. Neal may benefit from pain management interventions and physical therapy to improve his functional status.

Plan:
1. Order diagnostic tests (e.g., MRI, X-rays) to evaluate the source of Mr. Neal's back pain.
2. Prescribe pain medication to help manage his symptoms.
3. Refer Mr. Neal to a physical therapist for core strengthening exercises and stretches.
4. Schedule a follow-up appointment to review test results and adjust the treatment plan accordingly.
5. Educate Mr. Neal on proper body mechanics and lifestyle modifications to prevent exacerbation of his symptoms.",physician good morning mr neal feeling today patient groans great doc backs killin weeks started little stiff mornings gotten lot worse cant even bend tie shoes anymore physician see noticed symptoms maybe numbness tingling legs patient yeah thats happenin like pins needles know legs also feet like whole lower back dead guess physician okay thats helpful recent falls injuries mightve triggered patient nothing like mean lift heavy box weeks ago didnt think much time maybe thats started physician thats certainly possible noticed weakness legs difficulty walking patient yeah definitely ive gettin tired lot easier legs feel like jelly sometimes like cant support weight walkin well like im waddlin around like duck pretty embarrassin honest physician understand experienced pain discomfort areas body patient well shoulders neck killin thats goin years figured workin many years factory back pain im sure whats anymore physician see noticed changes bowel bladder habits patient think know ive havin trouble sleepin night pain ive takin overthecounter stuff really helpin much physician okay thats good know noticed fevers chills patient nothin like pain pain pain like whole bodys one big ache physician alright mr neal think gives pretty good idea whats goin im gonna order tests get better look whats happenin back meantime im gonna give prescription medication help pain ill also set physical therapist work exercises help strengthen core back muscles well go okay patient sounds good doc please somethins gotta help pains killin,subjective mr neal reports experiencing severe back pain worsened past weeks describes stiffness mornings numbness tingling legs feet weakness legs difficulty walking also mentions chronic pain shoulders neck mr neal states pain affecting sleep daily activities taking overthecounter medications limited relief objective examination mr neal appeared uncomfortable limited range motion due pain display signs fever chills physical examination revealed tenderness lower back region limited strength lower extremities mr neals vital signs within normal limits history chronic back pain shoulderneck pain assessment mr neal presents worsening chronic back pain numbness tingling legs feet weakness legs difficulty walking pain impacting daily activities sleep diagnostic tests needed determine underlying cause symptoms mr neal may benefit pain management interventions physical therapy improve functional status plan 1 order diagnostic tests eg mri xrays evaluate source mr neals back pain 2 prescribe pain medication help manage symptoms 3 refer mr neal physical therapist core strengthening exercises stretches 4 schedule followup appointment review test results adjust treatment plan accordingly 5 educate mr neal proper body mechanics lifestyle modifications prevent exacerbation symptoms,0.7118349,0.7944773435592651,0.2724867724867725,0.058355437665782495,0.1402116402116402
"
Physician: Good afternoon, Mrs. Gibson. How are you feeling today?

Patient: (sighs) I've been feeling pretty miserable, to be honest. I've had this rash on my neck and arms for the past month, and it's not going away. It's itchy and uncomfortable, and I'm worried it might be something serious.

Physician: I understand your concern. Can you tell me more about the rash? What does it look like? Is it red, blotchy, or raised?

Patient: It's red and blotchy, and it feels like it's burning. It's mostly on my neck and arms, but it's starting to spread to my chest and back too.

Physician: Have you noticed any other symptoms? Fever, headache, or fatigue?

Patient: Yes, I've been feeling really tired and run down lately. And sometimes I feel like I have a low-grade fever, but I haven't taken my temperature recently.

Physician: I see. Have you been using any new soaps, lotions, or detergents that could be irritating your skin?

Patient: Actually, yes. I started using a new laundry detergent a few weeks ago, and I've been using a different soap than usual. Could that be the cause?

Physician: It's possible. Sometimes, new products can cause skin irritation or allergic reactions. Have you noticed any other changes in your environment or routine that could be contributing to the rash?

Patient: Well, I did start working in a new building a few months ago. It's an older building, and I've noticed that the air quality isn't great. Could that be a factor?

Physician: That's definitely worth considering. Poor air quality can exacerbate skin conditions. Have you noticed any other symptoms related to your respiratory system?

Patient: Now that you mention it, I have been experiencing some congestion and coughing lately.

Physician: I see. I'd like to take a closer look at your skin and also check your blood pressure and pulse. Can you tell me a little bit more about your medical history? Have you had any skin conditions in the past?

Patient: Yes, I've had eczema on and off since I was a child. And I've had some skin allergies too.

Physician: I understand. I'd like to schedule you for a follow-up appointment with a dermatologist to get a better idea of what's going on with your skin. In the meantime, I recommend avoiding any potential irritants, such as the new laundry detergent and soap, and using a gentle, fragrance-free cleanser instead. I'll also prescribe a topical cream that should help with the itching and inflammation.

Patient: That sounds good. Thank you so much for your help, doctor. I really appreciate it.

Physician: You're welcome, Mrs. Gibson. We'll get to the bottom of this and get you feeling better soon.","Subjective:
Anita Gibson reports feeling miserable due to a rash on her neck and arms that has been present for the past month. She describes the rash as red, blotchy, and burning, with symptoms of itching and discomfort. Anita also mentions feeling tired, run down, and experiencing a low-grade fever. She suspects the rash may be related to using new laundry detergent and soap, as well as poor air quality in her workplace. Anita has a history of eczema and skin allergies.

Objective:
Upon examination, Anita's skin shows red, blotchy patches on her neck and arms, with signs of inflammation and itching. Vital signs including blood pressure and pulse are within normal limits. Anita mentions experiencing congestion and coughing, indicating potential respiratory symptoms.

Assessment:
Anita Gibson presents with a skin rash likely triggered by new products and poor air quality in her workplace. Her history of eczema and skin allergies predisposes her to skin conditions. Further evaluation by a dermatologist is recommended to determine the underlying cause of the rash and provide appropriate treatment. Symptomatic relief with a topical cream and avoidance of potential irritants are advised.

Plan:
1. Schedule a follow-up appointment with a dermatologist for further evaluation of the skin rash.
2. Prescribe a topical cream to alleviate itching and inflammation.
3. Advise Anita to avoid potential irritants such as new laundry detergent and soap, and use a gentle, fragrance-free cleanser.
4. Monitor Anita's symptoms and follow up on her respiratory symptoms.
5. Educate Anita on skin care practices and the importance of identifying and avoiding triggers for her skin condition.
6. Provide reassurance and support to address Anita's concerns and ensure her comfort and well-being.",physician good afternoon mrs gibson feeling today patient sighs ive feeling pretty miserable honest ive rash neck arms past month going away itchy uncomfortable im worried might something serious physician understand concern tell rash look like red blotchy raised patient red blotchy feels like burning mostly neck arms starting spread chest back physician noticed symptoms fever headache fatigue patient yes ive feeling really tired run lately sometimes feel like lowgrade fever havent taken temperature recently physician see using new soaps lotions detergents could irritating skin patient actually yes started using new laundry detergent weeks ago ive using different soap usual could cause physician possible sometimes new products cause skin irritation allergic reactions noticed changes environment routine could contributing rash patient well start working new building months ago older building ive noticed air quality isnt great could factor physician thats definitely worth considering poor air quality exacerbate skin conditions noticed symptoms related respiratory system patient mention experiencing congestion coughing lately physician see id like take closer look skin also check blood pressure pulse tell little bit medical history skin conditions past patient yes ive eczema since child ive skin allergies physician understand id like schedule followup appointment dermatologist get better idea whats going skin meantime recommend avoiding potential irritants new laundry detergent soap using gentle fragrancefree cleanser instead ill also prescribe topical cream help itching inflammation patient sounds good thank much help doctor really appreciate physician youre welcome mrs gibson well get bottom get feeling better soon,subjective anita gibson reports feeling miserable due rash neck arms present past month describes rash red blotchy burning symptoms itching discomfort anita also mentions feeling tired run experiencing lowgrade fever suspects rash may related using new laundry detergent soap well poor air quality workplace anita history eczema skin allergies objective upon examination anitas skin shows red blotchy patches neck arms signs inflammation itching vital signs including blood pressure pulse within normal limits anita mentions experiencing congestion coughing indicating potential respiratory symptoms assessment anita gibson presents skin rash likely triggered new products poor air quality workplace history eczema skin allergies predisposes skin conditions evaluation dermatologist recommended determine underlying cause rash provide appropriate treatment symptomatic relief topical cream avoidance potential irritants advised plan 1 schedule followup appointment dermatologist evaluation skin rash 2 prescribe topical cream alleviate itching inflammation 3 advise anita avoid potential irritants new laundry detergent soap use gentle fragrancefree cleanser 4 monitor anitas symptoms follow respiratory symptoms 5 educate anita skin care practices importance identifying avoiding triggers skin condition 6 provide reassurance support address anitas concerns ensure comfort wellbeing,0.76709557,0.8294960856437683,0.37880794701986753,0.08233731739707835,0.16423841059602648
"
Physician: Good morning, Mrs. Reed. I'm Dr. Long, your primary care physician. I've reviewed your medical history and noticed that you've been experiencing some symptoms that concern you. Can you tell me more about what's been going on?

Patient: Yes, doctor. I've been having a lot of trouble sleeping lately. I have a hard time falling asleep, and when I do, I wake up multiple times during the night and can't get back to sleep. It's like my brain just won't shut off.

Physician: I see. Can you tell me more about your sleep patterns? Do you have any nighttime rituals or habits that help you wind down before bed?

Patient: Well, I usually try to relax by reading a book or watching TV, but it doesn't seem to make a difference. And sometimes, I'll take a warm bath or drink some tea to help me unwind.

Physician: That's helpful. Have you noticed any patterns or triggers that might be contributing to your sleep issues? For example, do you tend to feel more anxious or stressed at certain times of the day or in certain situations?

Patient: Yes, I think so. I've been under a lot of stress lately with work and family responsibilities. And I've noticed that when I'm feeling anxious or overwhelmed, it's harder for me to fall asleep and stay asleep.

Physician: I understand. It's possible that your sleep issues could be related to an underlying anxiety disorder or depression. Have you experienced any other symptoms that might be related to these conditions, such as mood changes, difficulty concentrating, or feelings of hopelessness?

Patient: Yes, I have been feeling pretty down lately and have had trouble concentrating. And sometimes, I just feel like I can't do anything right or that everything is just too much for me to handle.

Physician: I see. Have you experienced any physical symptoms that might be related to your sleep issues or other health concerns, such as headaches, fatigue, or muscle tension?

Patient: Yes, I've been feeling really tired and fatigued lately, and sometimes I get headaches from lack of sleep. And my muscles feel tense and achy, especially in the mornings.

Physician: Thank you for sharing that information. Based on what you've told me, it sounds like you might be experiencing some symptoms of insomnia, as well as possible anxiety or depression. I'd like to refer you to a specialist, Dr. Adams, who can help you address these issues further. In the meantime, I'd like to recommend some changes to your sleep habits that might help improve your sleep quality.

Patient: That sounds great, doctor. Thank you for your help.

Physician: Of course, Mrs. Reed. I'll work with Dr. Adams and our care team to develop a plan that's tailored to your needs. We'll follow up with you soon to discuss the next steps.","Subjective:
Louella Reed reports experiencing significant trouble sleeping lately. She describes difficulty falling asleep, frequent nighttime awakenings, and an inability to get back to sleep. She attributes these issues to stress from work and family responsibilities, which have also led to feelings of anxiety, difficulty concentrating, and low mood. Louella also reports feeling fatigued, experiencing headaches, and muscle tension.

Objective:
During the consultation, Louella appeared fatigued but was able to engage in the conversation. She expressed her concerns clearly and cooperated with the physician's inquiries. Louella's vital signs were within normal limits. No signs of acute distress were noted during the examination.

Assessment:
Louella Reed presents with symptoms consistent with insomnia, anxiety, and depression. These issues may be interrelated, contributing to her sleep disturbances and overall well-being. Referral to Dr. Adams, a specialist in sleep disorders, is recommended for further evaluation and management. Additionally, implementing changes to Louella's sleep habits and addressing her stress levels are crucial for improving her sleep quality and mental health.

Plan:
1. Referral to Dr. Adams for a comprehensive evaluation of Louella's sleep issues and potential underlying conditions.
2. Implementing changes to Louella's sleep hygiene practices, such as establishing a bedtime routine, limiting screen time before bed, and creating a relaxing sleep environment.
3. Follow-up appointment with Louella to discuss Dr. Adams' recommendations and adjust the treatment plan accordingly.
4. Collaboration with the care team to provide holistic support for Louella's sleep disorder and related comorbidities, including monitoring her progress and addressing any emerging concerns.",physician good morning mrs reed im dr long primary care physician ive reviewed medical history noticed youve experiencing symptoms concern tell whats going patient yes doctor ive lot trouble sleeping lately hard time falling asleep wake multiple times night cant get back sleep like brain wont shut physician see tell sleep patterns nighttime rituals habits help wind bed patient well usually try relax reading book watching tv doesnt seem make difference sometimes ill take warm bath drink tea help unwind physician thats helpful noticed patterns triggers might contributing sleep issues example tend feel anxious stressed certain times day certain situations patient yes think ive lot stress lately work family responsibilities ive noticed im feeling anxious overwhelmed harder fall asleep stay asleep physician understand possible sleep issues could related underlying anxiety disorder depression experienced symptoms might related conditions mood changes difficulty concentrating feelings hopelessness patient yes feeling pretty lately trouble concentrating sometimes feel like cant anything right everything much handle physician see experienced physical symptoms might related sleep issues health concerns headaches fatigue muscle tension patient yes ive feeling really tired fatigued lately sometimes get headaches lack sleep muscles feel tense achy especially mornings physician thank sharing information based youve told sounds like might experiencing symptoms insomnia well possible anxiety depression id like refer specialist dr adams help address issues meantime id like recommend changes sleep habits might help improve sleep quality patient sounds great doctor thank help physician course mrs reed ill work dr adams care team develop plan thats tailored needs well follow soon discuss next steps,subjective louella reed reports experiencing significant trouble sleeping lately describes difficulty falling asleep frequent nighttime awakenings inability get back sleep attributes issues stress work family responsibilities also led feelings anxiety difficulty concentrating low mood louella also reports feeling fatigued experiencing headaches muscle tension objective consultation louella appeared fatigued able engage conversation expressed concerns clearly cooperated physicians inquiries louellas vital signs within normal limits signs acute distress noted examination assessment louella reed presents symptoms consistent insomnia anxiety depression issues may interrelated contributing sleep disturbances overall wellbeing referral dr adams specialist sleep disorders recommended evaluation management additionally implementing changes louellas sleep habits addressing stress levels crucial improving sleep quality mental health plan 1 referral dr adams comprehensive evaluation louellas sleep issues potential underlying conditions 2 implementing changes louellas sleep hygiene practices establishing bedtime routine limiting screen time bed creating relaxing sleep environment 3 followup appointment louella discuss dr adams recommendations adjust treatment plan accordingly 4 collaboration care team provide holistic support louellas sleep disorder related comorbidities including monitoring progress addressing emerging concerns,0.75986505,0.8176557421684265,0.40654843110504774,0.17510259917920656,0.24556616643929063
"
Physician: Good morning, Noah. How can I assist you today?

Patient: Hi, Doc. I've been experiencing some issues with my breathing lately. It's been feeling tight and heavy, and I've been coughing a lot, especially at night.

Physician: I see. Have you noticed any triggers that seem to make your symptoms worse, such as exposure to allergens or certain activities?

Patient: Well, I've been feeling worse when I'm outside, especially when there's a lot of pollen in the air. And yes, it does seem to get worse when I exert myself, like when I'm doing yard work or exercising.

Physician: That's helpful information. Have you experienced any chest pain or tightness, and have you noticed any patterns in your coughing - such as if it's worse in the morning or during specific times of the day?

Patient: Yes, I have had some chest tightness, and my coughing has been pretty persistent throughout the day, but it does seem to ease up a bit in the afternoon. And no, I haven't had any chest pain, thankfully.

Physician: That's reassuring. Have you noticed any other symptoms, such as shortness of breath or wheezing?

Patient: Yes, I have been feeling a bit winded when I climb stairs or do anything physical. And yes, I have been wheezing, especially when I exhale.

Physician: I understand. Have you had any recent respiratory infections, such as a cold or flu, that may be contributing to your symptoms?

Patient: As a matter of fact, I did have the flu a few weeks ago. It was a pretty rough bout, but I thought I had fully recovered. Could that still be affecting me?

Physician: It's possible. Sometimes, respiratory viruses can linger and trigger or exacerbate underlying conditions like asthma. Have you noticed any other symptoms, such as runny nose, congestion, or sneezing?

Patient: Now that you mention it, I have had some lingering congestion and a bit of a runny nose. But honestly, I thought it was just allergies.

Physician: That's understandable. Have you experienced any eye symptoms, such as itchiness, redness, or tearing?

Patient: Yes, my eyes have been feeling pretty itchy and watery lately.

Physician: That's helpful to know. Have you noticed any changes in your voice or throat, such as hoarseness or a sore throat?

Patient: No, nothing like that. But my wife did mention that my voice has been sounding a bit different lately.

Physician: I see. Have you experienced any recent stress or anxiety that could be contributing to your symptoms?

Patient: Well, I did have a pretty big project at work that's been keeping me up at night, but I don't know if that's related.

Physician: It's possible. Stress and anxiety can affect your respiratory system, so it's worth considering. Have you noticed any other symptoms that might be relevant?

Patient: No, I don't think so. But I did want to mention that my son was recently diagnosed with ADHD, and my wife has a history of asthma, so I'm wondering if there could be some sort of genetic component to my symptoms.

Physician: That's definitely worth considering. I'll make a note of that in your file.























































































































































































































































































































































































































































































































































































































































































","Subjective:
Noah Boyd reports experiencing tightness and heaviness in his chest, along with persistent coughing, especially at night. He notes that symptoms worsen outdoors, particularly when exposed to pollen, and during physical exertion. He also mentions feeling winded when climbing stairs and wheezing upon exhalation. Noah had the flu a few weeks ago and has since experienced lingering congestion and a runny nose, along with itchy and watery eyes. He denies chest pain, hoarseness, or sore throat but acknowledges recent work-related stress. Noah discloses a family history of asthma in his wife and ADHD in his son, prompting him to consider a potential genetic component to his symptoms.

Objective:
Noah Boyd presents as a 40-year-old male with a history of asthma and hypertension. His vital signs are within normal limits, with a blood pressure reading of 140/90 (high). Physical examination reveals no acute distress, and lung auscultation indicates wheezing upon exhalation. Noah's medical history includes recent flu infection and ongoing stress related to work. He is a former smoker and social drinker, with no current tobacco or alcohol use. Noah's asthma is well-controlled with Advair Diskus 250/50 inhaler and Losartan 50 mg for hypertension.

Assessment:
Noah Boyd presents with exacerbation of asthma symptoms following a recent flu infection and exposure to environmental triggers. His family history of asthma and current stress levels may also contribute to his respiratory distress. Given his symptoms and history, further evaluation is warranted to determine the extent of asthma exacerbation and potential treatment adjustments.

Plan:
1. Prescribe a short-acting bronchodilator for acute symptom relief.
2. Schedule a follow-up appointment for spirometry testing to assess lung function.
3. Recommend environmental control measures to minimize exposure to allergens.
4. Discuss stress management techniques and consider referral to a counselor or therapist.
5. Review asthma action plan and ensure proper inhaler technique.
6. Monitor blood pressure closely and consider medication adjustment if necessary.
7. Educate Noah on the importance of regular follow-up and adherence to treatment recommendations.",physician good morning noah assist today patient hi doc ive experiencing issues breathing lately feeling tight heavy ive coughing lot especially night physician see noticed triggers seem make symptoms worse exposure allergens certain activities patient well ive feeling worse im outside especially theres lot pollen air yes seem get worse exert like im yard work exercising physician thats helpful information experienced chest pain tightness noticed patterns coughing worse morning specific times day patient yes chest tightness coughing pretty persistent throughout day seem ease bit afternoon havent chest pain thankfully physician thats reassuring noticed symptoms shortness breath wheezing patient yes feeling bit winded climb stairs anything physical yes wheezing especially exhale physician understand recent respiratory infections cold flu may contributing symptoms patient matter fact flu weeks ago pretty rough bout thought fully recovered could still affecting physician possible sometimes respiratory viruses linger trigger exacerbate underlying conditions like asthma noticed symptoms runny nose congestion sneezing patient mention lingering congestion bit runny nose honestly thought allergies physician thats understandable experienced eye symptoms itchiness redness tearing patient yes eyes feeling pretty itchy watery lately physician thats helpful know noticed changes voice throat hoarseness sore throat patient nothing like wife mention voice sounding bit different lately physician see experienced recent stress anxiety could contributing symptoms patient well pretty big project work thats keeping night dont know thats related physician possible stress anxiety affect respiratory system worth considering noticed symptoms might relevant patient dont think want mention son recently diagnosed adhd wife history asthma im wondering could sort genetic component symptoms physician thats definitely worth considering ill make note file,subjective noah boyd reports experiencing tightness heaviness chest along persistent coughing especially night notes symptoms worsen outdoors particularly exposed pollen physical exertion also mentions feeling winded climbing stairs wheezing upon exhalation noah flu weeks ago since experienced lingering congestion runny nose along itchy watery eyes denies chest pain hoarseness sore throat acknowledges recent workrelated stress noah discloses family history asthma wife adhd son prompting consider potential genetic component symptoms objective noah boyd presents 40yearold male history asthma hypertension vital signs within normal limits blood pressure reading 14090 high physical examination reveals acute distress lung auscultation indicates wheezing upon exhalation noahs medical history includes recent flu infection ongoing stress related work former smoker social drinker current tobacco alcohol use noahs asthma wellcontrolled advair diskus 25050 inhaler losartan 50 mg hypertension assessment noah boyd presents exacerbation asthma symptoms following recent flu infection exposure environmental triggers family history asthma current stress levels may also contribute respiratory distress given symptoms history evaluation warranted determine extent asthma exacerbation potential treatment adjustments plan 1 prescribe shortacting bronchodilator acute symptom relief 2 schedule followup appointment spirometry testing assess lung function 3 recommend environmental control measures minimize exposure allergens 4 discuss stress management techniques consider referral counselor therapist 5 review asthma action plan ensure proper inhaler technique 6 monitor blood pressure closely consider medication adjustment necessary 7 educate noah importance regular followup adherence treatment recommendations,0.71016645,0.7961347699165344,0.4162303664921466,0.14698162729658792,0.23298429319371727
"

Physician: Good morning, Mrs. Lynch. It's a pleasure to meet you. How are you feeling today?

Patient: Hi, Dr. McDonald. I've been feeling pretty miserable lately. I've had this constant abdominal pain that's been going on for months now, and it's been getting worse. It's like a sharp, stabbing pain that doesn't go away.

Physician: I see. Can you tell me more about the pain? Is it constant, or does it come and go? Does it radiate to other areas of your body?

Patient: It's mostly constant, but it can get worse after I eat. Sometimes it feels like it's all the way through my back, too.

Physician: Okay, that helps. Have you noticed any other symptoms, like nausea, vomiting, fever, or changes in your bowel movements?

Patient: Yes, I've had a lot of diarrhea lately, and I've been feeling really bloated and gassy. Sometimes I feel like I'm going to throw up.

Physician: I understand. Have you noticed any triggers that make your symptoms worse, like certain foods or stress?

Patient: Well, I've been trying to avoid spicy or fatty foods because they seem to make me feel worse. But other than that, I can't think of anything specific that sets it off.

Physician: That's helpful to know. Have you had any recent changes in your medications or supplements?

Patient: Just my usual medications for my acid reflux. I take omeprazole twice a day, and loperamide as needed for diarrhea.

Physician: Okay, that's good to know. Have you had any recent travel, changes in your living situation, or exposure to anyone with similar symptoms?

Patient: No, nothing like that. Just the usual stuff.

Physician: Alright. I'm going to order some more tests to help us get a better idea of what's going on. In the meantime, I'd like you to start keeping a food diary to track your symptoms and any possible triggers. We'll follow up in a few days once we get the results back. Does that sound good to you?

Patient: Sure, that sounds good. Thank you, Dr. McDonald.

Physician: You're welcome, Mrs. Lynch. We'll get to the bottom of this and figure out a plan to make you feel better.","Subjective:
Mrs. Lynch reports feeling miserable due to constant abdominal pain that has been worsening over the past few months. She describes the pain as sharp and stabbing, exacerbated after eating and radiating to her back. She also experiences diarrhea, bloating, gas, and occasional nausea. Mrs. Lynch has been avoiding spicy and fatty foods as they seem to worsen her symptoms.

Objective:
Mrs. Lynch appears distressed during the consultation but is cooperative and engaged in the conversation. She denies any recent changes in medications, travel, or exposure to individuals with similar symptoms. Vital signs are within normal limits. Mrs. Lynch's significant history includes chronic GERD and intermittent abdominal pain and diarrhea, as per the gastroenterologist's notes.

Assessment:
Mrs. Lynch presents with chronic GERD, abdominal pain, diarrhea, bloating, and nausea. Further diagnostic tests are warranted to determine the underlying cause of her symptoms. A food diary will be initiated to track symptoms and potential triggers. Follow-up will be scheduled to discuss test results and formulate a treatment plan.

Plan:
1. Order additional diagnostic tests to investigate the cause of Mrs. Lynch's symptoms.
2. Initiate a food diary to monitor symptoms and identify potential triggers.
3. Schedule a follow-up appointment to review test results and develop a treatment plan.
4. Encourage Mrs. Lynch to continue taking her prescribed medications for GERD as directed.
5. Provide Mrs. Lynch with contact information for any questions or concerns before the follow-up appointment.",physician good morning mrs lynch pleasure meet feeling today patient hi dr mcdonald ive feeling pretty miserable lately ive constant abdominal pain thats going months getting worse like sharp stabbing pain doesnt go away physician see tell pain constant come go radiate areas body patient mostly constant get worse eat sometimes feels like way back physician okay helps noticed symptoms like nausea vomiting fever changes bowel movements patient yes ive lot diarrhea lately ive feeling really bloated gassy sometimes feel like im going throw physician understand noticed triggers make symptoms worse like certain foods stress patient well ive trying avoid spicy fatty foods seem make feel worse cant think anything specific sets physician thats helpful know recent changes medications supplements patient usual medications acid reflux take omeprazole twice day loperamide needed diarrhea physician okay thats good know recent travel changes living situation exposure anyone similar symptoms patient nothing like usual stuff physician alright im going order tests help us get better idea whats going meantime id like start keeping food diary track symptoms possible triggers well follow days get results back sound good patient sure sounds good thank dr mcdonald physician youre welcome mrs lynch well get bottom figure plan make feel better,subjective mrs lynch reports feeling miserable due constant abdominal pain worsening past months describes pain sharp stabbing exacerbated eating radiating back also experiences diarrhea bloating gas occasional nausea mrs lynch avoiding spicy fatty foods seem worsen symptoms objective mrs lynch appears distressed consultation cooperative engaged conversation denies recent changes medications travel exposure individuals similar symptoms vital signs within normal limits mrs lynchs significant history includes chronic gerd intermittent abdominal pain diarrhea per gastroenterologists notes assessment mrs lynch presents chronic gerd abdominal pain diarrhea bloating nausea diagnostic tests warranted determine underlying cause symptoms food diary initiated track symptoms potential triggers followup scheduled discuss test results formulate treatment plan plan 1 order additional diagnostic tests investigate cause mrs lynchs symptoms 2 initiate food diary monitor symptoms identify potential triggers 3 schedule followup appointment review test results develop treatment plan 4 encourage mrs lynch continue taking prescribed medications gerd directed 5 provide mrs lynch contact information questions concerns followup appointment,0.7574694,0.81502765417099,0.3306836248012719,0.08931419457735247,0.2003179650238474
"
Physician: Good morning, Ms. Burton. How are you feeling today?

Patient: Hi, Dr. Kuhn. I'm not feeling too well, to be honest. I've had a runny nose, sore throat, and I've been feeling really tired for the past few days.

Physician: I see. Have you had any fever or chills?

Patient: Yes, I've had a low-grade fever, around 100.3, and I've been feeling chilly, especially in the evenings.

Physician: Okay. Have you noticed any other symptoms, such as cough, shortness of breath, or headache?

Patient: Yes, I've had a bit of a cough, and my head has been feeling kind of heavy.

Physician: I understand. How long have you been experiencing these symptoms?

Patient: Like I said, it's been going on for about three days now. It started with a scratchy throat, and then the other symptoms gradually developed.

Physician: Have you tried any over-the-counter medications or remedies for your symptoms?

Patient: Yes, I've been taking some Tylenol for the fever and Advil for the headache, but they don't seem to be helping much.

Physician: I see. Have you recently traveled or been exposed to anyone with similar symptoms?

Patient: No, I haven't traveled recently, and I don't think anyone in my household has been sick.

Physician: Okay. Have you noticed any changes in your appetite, sleep patterns, or energy levels recently?

Patient: Well, I have been feeling more tired than usual, and I've had a bit of trouble sleeping at night. My appetite has been okay, but I haven't been feeling like eating much.

Physician: I understand. Ms. Burton, based on what you've told me, it's possible that you have a viral upper respiratory tract infection, also known as the common cold.

Patient: Oh, okay. Is that serious?

Physician: Not usually. Most people recover from the common cold on their own within a week or so. However, we'll need to run some tests to confirm the diagnosis and rule out any other potential causes of your symptoms.

Patient: Sure, whatever you need to do.

Physician: Great. I'm going to order a complete blood count and a nasal swab to check for any viral infections. In the meantime, I recommend that you continue taking over-the-counter medications for your symptoms and make sure to rest and stay hydrated.

Patient: Okay, that sounds good.

Physician: If the test results confirm the diagnosis of a viral infection, we'll focus on managing your symptoms and supporting your immune system while your body fights off the infection. If the tests reveal a different diagnosis, we'll adjust your treatment plan accordingly.

Patient: Alright, I appreciate your help, Dr. Kuhn.

Physician: Of course, Ms. Burton. We'll get you feeling better soon. Our medical assistant will come in to take your blood sample and nasal swab. Please let us know if you have any further questions or concerns.","Subjective:
Ms. Burton presents with symptoms of a runny nose, sore throat, fatigue, low-grade fever, cough, and headache for the past three days. She reports taking Tylenol and Advil with minimal relief. No recent travel or exposure to sick individuals noted. She mentions feeling more tired than usual, experiencing trouble sleeping, and a decreased appetite.

Objective:
Ms. Burton appears fatigued during the consultation but is alert and oriented. Vital signs show a low-grade fever of 100.3 degrees Fahrenheit. Physical examination reveals nasal congestion, mild throat redness, and a productive cough. No signs of respiratory distress noted. Ms. Burton's overall appearance is consistent with a viral upper respiratory tract infection.

Assessment:
Based on the clinical presentation and history provided by Ms. Burton, the likely diagnosis is a viral upper respiratory tract infection (common cold). Further diagnostic tests, including a complete blood count and nasal swab, have been ordered to confirm the diagnosis and rule out other potential causes of her symptoms.

Plan:
Ms. Burton will continue symptomatic treatment with over-the-counter medications for pain and fever. She is advised to rest, stay hydrated, and monitor her symptoms. Diagnostic test results will guide further management, with a focus on symptom relief and immune support if the diagnosis is confirmed. Follow-up appointment scheduled to discuss test results and adjust treatment plan accordingly. Patient instructed to contact the clinic with any worsening symptoms or concerns.",physician good morning ms burton feeling today patient hi dr kuhn im feeling well honest ive runny nose sore throat ive feeling really tired past days physician see fever chills patient yes ive lowgrade fever around 1003 ive feeling chilly especially evenings physician okay noticed symptoms cough shortness breath headache patient yes ive bit cough head feeling kind heavy physician understand long experiencing symptoms patient like said going three days started scratchy throat symptoms gradually developed physician tried overthecounter medications remedies symptoms patient yes ive taking tylenol fever advil headache dont seem helping much physician see recently traveled exposed anyone similar symptoms patient havent traveled recently dont think anyone household sick physician okay noticed changes appetite sleep patterns energy levels recently patient well feeling tired usual ive bit trouble sleeping night appetite okay havent feeling like eating much physician understand ms burton based youve told possible viral upper respiratory tract infection also known common cold patient oh okay serious physician usually people recover common cold within week however well need run tests confirm diagnosis rule potential causes symptoms patient sure whatever need physician great im going order complete blood count nasal swab check viral infections meantime recommend continue taking overthecounter medications symptoms make sure rest stay hydrated patient okay sounds good physician test results confirm diagnosis viral infection well focus managing symptoms supporting immune system body fights infection tests reveal different diagnosis well adjust treatment plan accordingly patient alright appreciate help dr kuhn physician course ms burton well get feeling better soon medical assistant come take blood sample nasal swab please let us know questions concerns,subjective ms burton presents symptoms runny nose sore throat fatigue lowgrade fever cough headache past three days reports taking tylenol advil minimal relief recent travel exposure sick individuals noted mentions feeling tired usual experiencing trouble sleeping decreased appetite objective ms burton appears fatigued consultation alert oriented vital signs show lowgrade fever 1003 degrees fahrenheit physical examination reveals nasal congestion mild throat redness productive cough signs respiratory distress noted ms burtons overall appearance consistent viral upper respiratory tract infection assessment based clinical presentation history provided ms burton likely diagnosis viral upper respiratory tract infection common cold diagnostic tests including complete blood count nasal swab ordered confirm diagnosis rule potential causes symptoms plan ms burton continue symptomatic treatment overthecounter medications pain fever advised rest stay hydrated monitor symptoms diagnostic test results guide management focus symptom relief immune support diagnosis confirmed followup appointment scheduled discuss test results adjust treatment plan accordingly patient instructed contact clinic worsening symptoms concerns,0.77825695,0.8302154541015625,0.33087149187592324,0.10666666666666667,0.20088626292466766
"
Physician: Hi, Chloe. I'm Dr. Morris, your primary care physician. How are you feeling today?

Patient: Hi, Dr. Morris. I've been experiencing some persistent joint pain in my right knee, especially when I climb stairs or stand for long periods. It's been bothering me for a few months now, and I've noticed it's been getting worse lately.

Physician: Sorry to hear that, Chloe. Have you experienced any joint stiffness or swelling in your knee?

Patient: Yes, my knee does get stiff at times, especially in the mornings. And I have noticed some swelling around the kneecap, especially after I've been standing or walking for a while.

Physician: I see. Have you had any recent injuries or trauma to your knee that might be contributing to the pain?

Patient: No, nothing recent. I did twist my knee a bit about a year ago while hiking, but it didn't seem like a big deal at the time, and it didn't cause any persistent pain until a few months ago.

Physician: I understand. How would you rate your pain on a scale of one to ten, with one being mild and ten being severe?

Patient: It's probably a seven or eight when I'm standing or walking, but it can get worse if I bend or twist my knee.

Physician: Okay. Have you noticed any clicking or locking sensations in your knee?

Patient: Yes, sometimes I feel a clicking sensation when I bend my knee, and it does get a bit stuck sometimes.

Physician: I'm concerned that you might have a possible internal derangement in your knee joint. We'll need to schedule you for an MRI to confirm this and determine the best course of action. In the meantime, I'd like to prescribe a medication to help manage your pain. Would you be okay with that?

Patient: Sure, that sounds good. I've been taking ibuprofen as needed, but I'm open to trying something else if it might help more.

Physician: Great. I'm going to prescribe a medication called celecoxib, which is often effective in managing joint pain. I'd like you to take it once a day, in the morning, at a dose of 200mg. We'll also schedule a follow-up appointment in a couple of weeks to check in on your progress and discuss the results of your MRI. Does that sound good to you?

Patient: Yes, that sounds great. Thank you, Dr. Morris.

Physician: You're welcome, Chloe. I'll also make sure to update your chart with the details of our conversation and the medication I've prescribed. We'll get the MRI scheduled as soon as possible.","Subjective:
Chloe Peterson, a 27-year-old female, presents with persistent joint pain in her right knee, exacerbated by climbing stairs and prolonged standing. She reports stiffness in the mornings and swelling around the kneecap after prolonged activity. Chloe denies recent trauma but recalls a minor twist in her knee while hiking a year ago. She rates her pain as a seven to eight on a scale of one to ten and notes clicking and locking sensations in her knee.

Objective:
Chloe appears in no acute distress during the examination. There is mild swelling noted around the right kneecap, and limited range of motion is observed during knee flexion. No signs of erythema or warmth are present. Vital signs are within normal limits. Chloe's medical history includes chronic joint pain in her right knee diagnosed four years ago and recent sinusitis diagnosed two weeks ago.

Assessment:
Chloe likely has an internal derangement in her right knee joint, given her symptoms and history of chronic joint pain. An MRI is recommended to confirm the diagnosis and guide treatment. Celecoxib is prescribed for pain management, with instructions to take 200mg once daily in the morning. Follow-up appointment scheduled in two weeks to review MRI results and assess treatment efficacy.

Plan:
1. Schedule MRI to evaluate for internal derangement in right knee joint.
2. Prescribe celecoxib 200mg once daily for pain management.
3. Follow-up appointment in two weeks to discuss MRI results and treatment progress.
4. Update patient chart with current information and medication details.
5. Coordinate with imaging center to expedite MRI scheduling.",physician hi chloe im dr morris primary care physician feeling today patient hi dr morris ive experiencing persistent joint pain right knee especially climb stairs stand long periods bothering months ive noticed getting worse lately physician sorry hear chloe experienced joint stiffness swelling knee patient yes knee get stiff times especially mornings noticed swelling around kneecap especially ive standing walking physician see recent injuries trauma knee might contributing pain patient nothing recent twist knee bit year ago hiking didnt seem like big deal time didnt cause persistent pain months ago physician understand would rate pain scale one ten one mild ten severe patient probably seven eight im standing walking get worse bend twist knee physician okay noticed clicking locking sensations knee patient yes sometimes feel clicking sensation bend knee get bit stuck sometimes physician im concerned might possible internal derangement knee joint well need schedule mri confirm determine best course action meantime id like prescribe medication help manage pain would okay patient sure sounds good ive taking ibuprofen needed im open trying something else might help physician great im going prescribe medication called celecoxib often effective managing joint pain id like take day morning dose 200mg well also schedule followup appointment couple weeks check progress discuss results mri sound good patient yes sounds great thank dr morris physician youre welcome chloe ill also make sure update chart details conversation medication ive prescribed well get mri scheduled soon possible,subjective chloe peterson 27yearold female presents persistent joint pain right knee exacerbated climbing stairs prolonged standing reports stiffness mornings swelling around kneecap prolonged activity chloe denies recent trauma recalls minor twist knee hiking year ago rates pain seven eight scale one ten notes clicking locking sensations knee objective chloe appears acute distress examination mild swelling noted around right kneecap limited range motion observed knee flexion signs erythema warmth present vital signs within normal limits chloes medical history includes chronic joint pain right knee diagnosed four years ago recent sinusitis diagnosed two weeks ago assessment chloe likely internal derangement right knee joint given symptoms history chronic joint pain mri recommended confirm diagnosis guide treatment celecoxib prescribed pain management instructions take 200mg daily morning followup appointment scheduled two weeks review mri results assess treatment efficacy plan 1 schedule mri evaluate internal derangement right knee joint 2 prescribe celecoxib 200mg daily pain management 3 followup appointment two weeks discuss mri results treatment progress 4 update patient chart current information medication details 5 coordinate imaging center expedite mri scheduling,0.75609183,0.829768717288971,0.38718662952646243,0.1089385474860335,0.2256267409470752
"
Physician: Good morning, Lillie. How are you feeling today?

Patient: Hi, Dr. Ford. I'm not feeling too great, to be honest. I've been experiencing some shortness of breath, and my chest has been feeling tight, especially at night. It's been on and off for the past few weeks, but it seems to be getting worse.

Physician: I see. Have you noticed any triggers that make your symptoms worse, such as exposure to allergens or certain activities?

Patient: Well, I've been noticing that my symptoms tend to flare up more when I'm around dust or pollen. And yes, sometimes when I exercise or bend down, it feels like my chest is going to collapse.

Physician: I understand. Have you experienced any coughing or wheezing?

Patient: Yes, I've been coughing a lot, especially at night, and it's been waking me up. It's not a dry cough, either - there's phlegm involved. And yes, I've noticed some wheezing when I breathe out.

Physician: Okay, that helps me to understand your respiratory symptoms better. Now, let's talk about your ankle. Can you tell me what happened and how it's been feeling lately?

Patient: Sure. I twisted my ankle about two weeks ago while going for a run. It was a pretty bad sprain, and it's been hurting ever since. It's not as painful now, but it's still a bit swollen and tender to the touch. I've been resting it and using ice as recommended, but I'm worried it's not healing as quickly as it should.

Physician: I see. Have you noticed any redness or warmth around the affected area?

Patient: No, nothing like that. Just some swelling and discomfort, especially when I put weight on it.

Physician: Okay, that's helpful. Have you had any recent travel or exposure to illnesses?

Patient: No, nothing recent. My husband and I went on a trip to California a few months ago, but that's it. And as for illnesses, nothing that I can think of.

Physician: Alright. Lillie, based on what you've shared with me today, it sounds like we need to address a few things. Firstly, we'll schedule you for a spirometry test to assess your lung function and determine the best course of action for your asthma management. We'll also conduct some allergy tests to identify specific allergens that may be exacerbating your symptoms. In the meantime, I'd like to prescribe a rescue inhaler for you to use as needed, in addition to your current Flonase nasal spray.

Patient: That sounds good.

Physician: Regarding your ankle, I'd like to schedule you for a follow-up appointment with Dr. Johnson, our orthopedist. He'll be able to assess the healing progress and provide guidance on the next steps. In the meantime, please continue with the RICE method and avoid putting too much weight on the affected ankle.

Patient: Okay, that makes sense.

Physician: Lastly, let's schedule you for a mammogram and cervical cancer screening, as you're overdue for both. We'll also make sure to update your vaccinations, including the influenza and COVID-19 boosters.

Patient: Alright, that sounds like a lot to take care of. Thank you, Dr. Ford.

Physician: You're welcome, Lillie. We'll take care of all these issues and ensure you're feeling better soon. I'll have my nurse schedule all the necessary appointments and tests.","Subjective:
Lillie Matthews reports experiencing shortness of breath and tightness in her chest, especially at night, for the past few weeks. She notes that symptoms worsen around dust or pollen and during exercise. Lillie also mentions coughing with phlegm and wheezing. Regarding her right ankle sprain, she twisted it two weeks ago while running and has been experiencing swelling and tenderness. She has been following RICE protocol but is concerned about the healing progress.

Objective:
Lillie appears alert and engaged during the conversation. She demonstrates respiratory distress with coughing and wheezing. No redness or warmth noted around the ankle. Vital signs are within normal limits. Spirometry test and allergy testing are planned. Lillie is prescribed a rescue inhaler in addition to Flonase nasal spray. Follow-up appointment with Dr. Johnson for the ankle sprain is scheduled.

Assessment:
Lillie presents with exacerbation of asthma symptoms triggered by allergens and physical activity. Ankle sprain is healing but requires monitoring. Overdue screenings for mammogram and cervical cancer need to be addressed. Vaccinations for influenza and COVID-19 boosters are recommended.

Plan:
1. Schedule spirometry test and allergy testing.
2. Prescribe rescue inhaler for asthma symptoms.
3. Follow-up appointment with Dr. Johnson for ankle sprain.
4. Schedule mammogram and cervical cancer screening.
5. Update vaccinations for influenza and COVID-19 boosters.
6. Nurse to coordinate appointments and tests for Lillie.",physician good morning lillie feeling today patient hi dr ford im feeling great honest ive experiencing shortness breath chest feeling tight especially night past weeks seems getting worse physician see noticed triggers make symptoms worse exposure allergens certain activities patient well ive noticing symptoms tend flare im around dust pollen yes sometimes exercise bend feels like chest going collapse physician understand experienced coughing wheezing patient yes ive coughing lot especially night waking dry cough either theres phlegm involved yes ive noticed wheezing breathe physician okay helps understand respiratory symptoms better lets talk ankle tell happened feeling lately patient sure twisted ankle two weeks ago going run pretty bad sprain hurting ever since painful still bit swollen tender touch ive resting using ice recommended im worried healing quickly physician see noticed redness warmth around affected area patient nothing like swelling discomfort especially put weight physician okay thats helpful recent travel exposure illnesses patient nothing recent husband went trip california months ago thats illnesses nothing think physician alright lillie based youve shared today sounds like need address things firstly well schedule spirometry test assess lung function determine best course action asthma management well also conduct allergy tests identify specific allergens may exacerbating symptoms meantime id like prescribe rescue inhaler use needed addition current flonase nasal spray patient sounds good physician regarding ankle id like schedule followup appointment dr johnson orthopedist hell able assess healing progress provide guidance next steps meantime please continue rice method avoid putting much weight affected ankle patient okay makes sense physician lastly lets schedule mammogram cervical cancer screening youre overdue well also make sure update vaccinations including influenza covid19 boosters patient alright sounds like lot take care thank dr ford physician youre welcome lillie well take care issues ensure youre feeling better soon ill nurse schedule necessary appointments tests,subjective lillie matthews reports experiencing shortness breath tightness chest especially night past weeks notes symptoms worsen around dust pollen exercise lillie also mentions coughing phlegm wheezing regarding right ankle sprain twisted two weeks ago running experiencing swelling tenderness following rice protocol concerned healing progress objective lillie appears alert engaged conversation demonstrates respiratory distress coughing wheezing redness warmth noted around ankle vital signs within normal limits spirometry test allergy testing planned lillie prescribed rescue inhaler addition flonase nasal spray followup appointment dr johnson ankle sprain scheduled assessment lillie presents exacerbation asthma symptoms triggered allergens physical activity ankle sprain healing requires monitoring overdue screenings mammogram cervical cancer need addressed vaccinations influenza covid19 boosters recommended plan 1 schedule spirometry test allergy testing 2 prescribe rescue inhaler asthma symptoms 3 followup appointment dr johnson ankle sprain 4 schedule mammogram cervical cancer screening 5 update vaccinations influenza covid19 boosters 6 nurse coordinate appointments tests lillie,0.79244304,0.8266185522079468,0.3134160090191657,0.06779661016949153,0.14656144306651633
"
Physician: Good morning, Mr. Boyd. It's a pleasure to meet you. I'm Dr. Prescott, and I'll be taking care of you today. How are you feeling today?

Patient: Good morning, Dr. Prescott. I'm not feeling too well, to be honest. I've been experiencing some vision problems lately, and it's been worrying me.

Physician: I see. Can you tell me more about your vision problems? What do you mean by ""vision problems""? Are you having trouble seeing things far away or up close?

Patient: Well, it's mostly up close. I have trouble reading texts and recognizing faces. It's like there's a veil over my eyes, and I can't seem to see things clearly.

Physician: I understand. Have you experienced any other symptoms apart from the vision problems? Perhaps some headaches or eye strain?

Patient: Yes, I have been getting headaches quite frequently, especially when I'm trying to read or focus on something. And my eyes do feel strained and tired all the time.

Physician: Okay, that's helpful information. Have you noticed any double vision or blurriness in your vision?

Patient: No, it's not like that. It's more like everything is just a little fuzzy, you know? Like there's a film over my eyes or something.

Physician: I see. Have you had any recent changes in your environment or habits that could be contributing to your vision problems? For example, have you started working on a computer or reading more than usual?

Patient: Well, I did start using a computer at work a few months ago, and I've been reading more since my wife passed away. She was the one who usually read to me, you see.

Physician: I understand. Can you tell me a little bit more about your work environment? Do you work in an office or outside?

Patient: I work in an office, but I don't think that's the problem. I mean, I've been doing the same job for years, and this only started happening recently.

Physician: Alright. Have you noticed any other symptoms apart from the vision problems? Perhaps some numbness or tingling in your face or head?

Patient: No, nothing like that. Just the headaches and eye strain.

Physician: Okay, that's good to know. Have you had any recent illnesses or injuries that could be contributing to your symptoms?

Patient: No, nothing recent. I did have a cold a few weeks ago, but it wasn't anything serious.

Physician: Alright. Can you tell me about your family medical history? Do you have any relatives with eye problems or other health issues that could be relevant to your symptoms?

Patient: Well, my mother had cataracts when she was older, but that's about it. No one in my family has any eye problems that I know of.

Physician: Okay, that's good to know. I'm going to perform a thorough physical examination and order some diagnostic tests to get to the bottom of your symptoms. In the meantime, I recommend that you avoid any strenuous activities that may exacerbate your vision problems. We'll work together to figure out what's going on and find the best course of treatment for you.

Patient: Thank you, Dr. Prescott. I really appreciate your help. I'm feeling a bit worried about all this, to be honest.

Physician: I understand, Mr. Boyd. But don't worry, we'll get to the bottom of this together. We'll work as a team to find the root cause of your symptoms and get you feeling better as soon as possible.","Subjective:
Mr. Boyd presents with concerns regarding his vision problems, reporting difficulty reading texts and recognizing faces. He describes his vision as fuzzy, with frequent headaches and eye strain. He attributes the increased reading and computer use at work, as well as the recent passing of his wife, to potentially contributing to his symptoms.

Objective:
Mr. Boyd appears alert and oriented during the consultation. He reports no other symptoms apart from the vision problems, headaches, and eye strain. Physical examination and diagnostic tests are planned to further investigate his condition.

Assessment:
Based on the clinical dialogue, Mr. Boyd's vision problems appear to be affecting his daily activities and quality of life. Further evaluation is necessary to determine the underlying cause of his symptoms and develop an appropriate treatment plan.

Plan:
1. Perform a thorough physical examination and order diagnostic tests to assess Mr. Boyd's vision problems.
2. Advise Mr. Boyd to avoid strenuous activities that may exacerbate his symptoms.
3. Collaborate with Mr. Boyd to identify potential triggers and lifestyle factors contributing to his vision problems.
4. Develop a treatment plan based on the diagnostic findings to address Mr. Boyd's vision issues effectively.
5. Provide emotional support and reassurance to Mr. Boyd throughout the diagnostic process and treatment plan development.",physician good morning mr boyd pleasure meet im dr prescott ill taking care today feeling today patient good morning dr prescott im feeling well honest ive experiencing vision problems lately worrying physician see tell vision problems mean vision problems trouble seeing things far away close patient well mostly close trouble reading texts recognizing faces like theres veil eyes cant seem see things clearly physician understand experienced symptoms apart vision problems perhaps headaches eye strain patient yes getting headaches quite frequently especially im trying read focus something eyes feel strained tired time physician okay thats helpful information noticed double vision blurriness vision patient like like everything little fuzzy know like theres film eyes something physician see recent changes environment habits could contributing vision problems example started working computer reading usual patient well start using computer work months ago ive reading since wife passed away one usually read see physician understand tell little bit work environment work office outside patient work office dont think thats problem mean ive job years started happening recently physician alright noticed symptoms apart vision problems perhaps numbness tingling face head patient nothing like headaches eye strain physician okay thats good know recent illnesses injuries could contributing symptoms patient nothing recent cold weeks ago wasnt anything serious physician alright tell family medical history relatives eye problems health issues could relevant symptoms patient well mother cataracts older thats one family eye problems know physician okay thats good know im going perform thorough physical examination order diagnostic tests get bottom symptoms meantime recommend avoid strenuous activities may exacerbate vision problems well work together figure whats going find best course treatment patient thank dr prescott really appreciate help im feeling bit worried honest physician understand mr boyd dont worry well get bottom together well work team find root cause symptoms get feeling better soon possible,subjective mr boyd presents concerns regarding vision problems reporting difficulty reading texts recognizing faces describes vision fuzzy frequent headaches eye strain attributes increased reading computer use work well recent passing wife potentially contributing symptoms objective mr boyd appears alert oriented consultation reports symptoms apart vision problems headaches eye strain physical examination diagnostic tests planned investigate condition assessment based clinical dialogue mr boyds vision problems appear affecting daily activities quality life evaluation necessary determine underlying cause symptoms develop appropriate treatment plan plan 1 perform thorough physical examination order diagnostic tests assess mr boyds vision problems 2 advise mr boyd avoid strenuous activities may exacerbate symptoms 3 collaborate mr boyd identify potential triggers lifestyle factors contributing vision problems 4 develop treatment plan based diagnostic findings address mr boyds vision issues effectively 5 provide emotional support reassurance mr boyd throughout diagnostic process treatment plan development,0.71172786,0.8253426551818848,0.36386138613861385,0.12903225806451613,0.22029702970297033
"
Physician: Good morning, Patrick. How are you feeling today?

Patient: Hi, Dr. Dixon. I've been feeling pretty miserable lately. I've had constant congestion, sneezing, and a runny nose. It's like my allergies are going crazy.

Physician: I see. Have you noticed any differences in your symptoms, such as being worse in the morning or evening, or when you're exposed to certain triggers?

Patient: Yeah, it's definitely worse in the morning when I wake up. My nose is always stuffy, and I have to blow it like 10 times before I can even function. And when I'm outside, especially when there's a lot of pollen in the air, it gets really bad.

Physician: That makes sense. Have you tried any over-the-counter medications or remedies to alleviate your symptoms?

Patient: Yeah, I've been taking some antihistamines and decongestants, but they don't seem to be working too well. And sometimes they make me feel kind of groggy.

Physician: I understand. Have you noticed any other symptoms, such as itchy eyes or throat, or any difficulty breathing?

Patient: Yeah, my eyes get itchy sometimes, and my throat feels scratchy. But the worst part is the constant congestion. It's like my nose is always clogged, and I can't breathe through it at all.

Physician: I see. Have you had any recent changes in your environment or routine that could be contributing to your symptoms?

Patient: Well, I did move into a new apartment a few months ago. And I've noticed that the carpets in my bedroom are pretty old and dusty. Could that be making my allergies worse?

Physician: It's possible. Dust mites, which are commonly found in carpets, can trigger allergic reactions. Have you thought about getting a dehumidifier or HEPA air purifier to help reduce the amount of allergens in your home?

Patient: Yeah, that's a good idea. I'll look into that.

Physician: Great. I'm going to recommend a few things to help you manage your symptoms. First, we'll start you on a nasal spray that will help to reduce the congestion and inflammation in your nasal passages. I also want to prescribe an antihistamine that's less likely to cause drowsiness. And we'll schedule you for a follow-up appointment in a few weeks to see how you're doing. In the meantime, I recommend that you avoid exposure to known allergens as much as possible, and consider using a HEPA air purifier in your home. Does that sound good to you?

Patient: Yeah, that sounds great. Thanks, Dr. Dixon. I really appreciate your help.

Physician: You're welcome, Patrick. I'm glad we could talk today. Let's get you feeling better soon.","Subjective:
Patrick Gardner reports feeling miserable lately due to constant congestion, sneezing, and a runny nose. Symptoms are worse in the morning upon waking up and exacerbated by exposure to pollen. Over-the-counter medications have provided minimal relief, with some causing grogginess. He also experiences itchy eyes, scratchy throat, and persistent nasal congestion. Patrick attributes his symptoms to potential dust mite exposure in his new apartment.

Objective:
Patrick presents with symptoms of seasonal allergies, including nasal congestion, sneezing, and itchy eyes. No signs of respiratory distress are noted. Patient appears alert and oriented. Vital signs are within normal limits. Physical examination reveals no abnormalities.

Assessment:
Patrick Gardner is experiencing exacerbation of seasonal allergies, likely triggered by dust mites in his new living environment. Current over-the-counter medications have provided inadequate relief. Further management is required to alleviate symptoms and improve quality of life.

Plan:
1. Prescribe a nasal spray to reduce nasal congestion and inflammation.
2. Initiate a non-drowsy antihistamine to address allergy symptoms.
3. Recommend avoidance of known allergens and consideration of a HEPA air purifier.
4. Schedule a follow-up appointment in a few weeks to assess treatment efficacy.
5. Educate patient on allergy management strategies and lifestyle modifications.
6. Encourage patient compliance with prescribed medications and follow-up care.",physician good morning patrick feeling today patient hi dr dixon ive feeling pretty miserable lately ive constant congestion sneezing runny nose like allergies going crazy physician see noticed differences symptoms worse morning evening youre exposed certain triggers patient yeah definitely worse morning wake nose always stuffy blow like 10 times even function im outside especially theres lot pollen air gets really bad physician makes sense tried overthecounter medications remedies alleviate symptoms patient yeah ive taking antihistamines decongestants dont seem working well sometimes make feel kind groggy physician understand noticed symptoms itchy eyes throat difficulty breathing patient yeah eyes get itchy sometimes throat feels scratchy worst part constant congestion like nose always clogged cant breathe physician see recent changes environment routine could contributing symptoms patient well move new apartment months ago ive noticed carpets bedroom pretty old dusty could making allergies worse physician possible dust mites commonly found carpets trigger allergic reactions thought getting dehumidifier hepa air purifier help reduce amount allergens home patient yeah thats good idea ill look physician great im going recommend things help manage symptoms first well start nasal spray help reduce congestion inflammation nasal passages also want prescribe antihistamine thats less likely cause drowsiness well schedule followup appointment weeks see youre meantime recommend avoid exposure known allergens much possible consider using hepa air purifier home sound good patient yeah sounds great thanks dr dixon really appreciate help physician youre welcome patrick im glad could talk today lets get feeling better soon,subjective patrick gardner reports feeling miserable lately due constant congestion sneezing runny nose symptoms worse morning upon waking exacerbated exposure pollen overthecounter medications provided minimal relief causing grogginess also experiences itchy eyes scratchy throat persistent nasal congestion patrick attributes symptoms potential dust mite exposure new apartment objective patrick presents symptoms seasonal allergies including nasal congestion sneezing itchy eyes signs respiratory distress noted patient appears alert oriented vital signs within normal limits physical examination reveals abnormalities assessment patrick gardner experiencing exacerbation seasonal allergies likely triggered dust mites new living environment current overthecounter medications provided inadequate relief management required alleviate symptoms improve quality life plan 1 prescribe nasal spray reduce nasal congestion inflammation 2 initiate nondrowsy antihistamine address allergy symptoms 3 recommend avoidance known allergens consideration hepa air purifier 4 schedule followup appointment weeks assess treatment efficacy 5 educate patient allergy management strategies lifestyle modifications 6 encourage patient compliance prescribed medications followup care,0.75143397,0.8024266362190247,0.2752740560292326,0.09523809523809525,0.15834348355663824
"
Physician: Good morning, Mrs. Steeves. How are you feeling today?

Patient: Hi, Dr. Henry. I've been feeling pretty miserable, to be honest. My allergies have been acting up badly lately.

Physician: I see. Can you tell me more about your symptoms? When did you first notice them, and how have they been affecting you?

Patient: Well, I've had a constant runny nose, and my eyes have been itchy and watery. My throat has been feeling scratchy, and I've had a few sneezing fits. It's been hard to sleep at night because of all the congestion.

Physician: Okay. Have you noticed any triggers that seem to make your symptoms worse?

Patient: Yes, definitely. It seems like every time I go outside, my symptoms flare up. I've been trying to stay indoors as much as possible, but it's hard to avoid when I have to go grocery shopping or run errands.

Physician: I understand. Have you noticed any other symptoms, such as coughing or shortness of breath?

Patient: A little bit of coughing, but nothing too severe. I do get winded easily when I'm doing physical activities, though.

Physician: How have your medications been working for you? Are you taking them as prescribed?

Patient: Yes, I've been taking them every day. The fluticasone seems to help a bit with the congestion, but I feel like the loratadine isn't doing much for my itchiness and sneezing.

Physician: I see. Have you noticed any side effects from the medications?

Patient: No, nothing that I can think of.

Physician: Okay. Let's talk about your history with allergies. Have you had any previous reactions or anaphylaxis?

Patient: No, nothing severe like that. Just the usual sneezing, congestion, and itchiness.

Physician: Okay. Have you noticed any changes in your environment that might be contributing to your symptoms?

Patient: Well, my daughter has a cat, and I've been trying to avoid going to her house as much as possible. But other than that, I can't think of anything else.

Physician: I see. Have you had any recent travel or exposure to illness?

Patient: No, nothing recent. I did go on a trip to visit my grandkids a few months ago, but I don't think that's related.

Physician: Okay. Lastly, how have your symptoms been affecting your daily activities and quality of life?

Patient: It's been pretty tough. I've had to cancel plans with friends and family because I've been feeling so miserable. I'm worried that I'm going to have to stop doing the things I enjoy if I can't get these allergies under control.

Physician: I understand. Thank you for sharing all of that with me, Mrs. Steeves. Based on what you've told me, it sounds like your allergies are causing significant distress and impacting your quality of life. We'll need to discuss some options for managing your symptoms more effectively.","Subjective:
Mrs. Steeves reports feeling miserable due to worsening allergy symptoms. She describes constant runny nose, itchy and watery eyes, scratchy throat, sneezing fits, and difficulty sleeping due to congestion. Symptoms worsen when outdoors. She also experiences mild coughing and gets winded easily during physical activities. Mrs. Steeves reports taking fluticasone daily, which helps with congestion, but loratadine does not alleviate itchiness and sneezing. She denies any severe reactions or anaphylaxis in the past.

Objective:
Mrs. Steeves appears distressed but is cooperative during the examination. She displays symptoms of allergic rhinitis, including nasal congestion and watery eyes. No signs of respiratory distress are noted. Medication adherence is confirmed, with no reported side effects. Physical examination reveals no abnormalities.

Assessment:
Mrs. Steeves presents with worsening allergy symptoms, impacting her daily activities and quality of life. Current treatment with fluticasone provides partial relief, while loratadine seems ineffective. Allergic rhinitis is the primary concern, with potential environmental triggers contributing to symptom exacerbation. Further evaluation is needed to optimize symptom management and improve Mrs. Steeves' quality of life.

Plan:
1. Adjust medication regimen: Consider switching loratadine to a different antihistamine or adding an additional medication for symptom control.
2. Environmental modifications: Advise Mrs. Steeves to minimize exposure to known triggers, such as pet dander, and consider allergen-proofing her home.
3. Follow-up: Schedule a follow-up appointment to assess treatment response and make further adjustments as needed. Discuss the importance of regular monitoring and adherence to the treatment plan.
4. Referral: Consider referral to an allergist for comprehensive allergy testing and specialized treatment options if symptoms persist despite initial interventions.",physician good morning mrs steeves feeling today patient hi dr henry ive feeling pretty miserable honest allergies acting badly lately physician see tell symptoms first notice affecting patient well ive constant runny nose eyes itchy watery throat feeling scratchy ive sneezing fits hard sleep night congestion physician okay noticed triggers seem make symptoms worse patient yes definitely seems like every time go outside symptoms flare ive trying stay indoors much possible hard avoid go grocery shopping run errands physician understand noticed symptoms coughing shortness breath patient little bit coughing nothing severe get winded easily im physical activities though physician medications working taking prescribed patient yes ive taking every day fluticasone seems help bit congestion feel like loratadine isnt much itchiness sneezing physician see noticed side effects medications patient nothing think physician okay lets talk history allergies previous reactions anaphylaxis patient nothing severe like usual sneezing congestion itchiness physician okay noticed changes environment might contributing symptoms patient well daughter cat ive trying avoid going house much possible cant think anything else physician see recent travel exposure illness patient nothing recent go trip visit grandkids months ago dont think thats related physician okay lastly symptoms affecting daily activities quality life patient pretty tough ive cancel plans friends family ive feeling miserable im worried im going stop things enjoy cant get allergies control physician understand thank sharing mrs steeves based youve told sounds like allergies causing significant distress impacting quality life well need discuss options managing symptoms effectively,subjective mrs steeves reports feeling miserable due worsening allergy symptoms describes constant runny nose itchy watery eyes scratchy throat sneezing fits difficulty sleeping due congestion symptoms worsen outdoors also experiences mild coughing gets winded easily physical activities mrs steeves reports taking fluticasone daily helps congestion loratadine alleviate itchiness sneezing denies severe reactions anaphylaxis past objective mrs steeves appears distressed cooperative examination displays symptoms allergic rhinitis including nasal congestion watery eyes signs respiratory distress noted medication adherence confirmed reported side effects physical examination reveals abnormalities assessment mrs steeves presents worsening allergy symptoms impacting daily activities quality life current treatment fluticasone provides partial relief loratadine seems ineffective allergic rhinitis primary concern potential environmental triggers contributing symptom exacerbation evaluation needed optimize symptom management improve mrs steeves quality life plan 1 adjust medication regimen consider switching loratadine different antihistamine adding additional medication symptom control 2 environmental modifications advise mrs steeves minimize exposure known triggers pet dander consider allergenproofing home 3 followup schedule followup appointment assess treatment response make adjustments needed discuss importance regular monitoring adherence treatment plan 4 referral consider referral allergist comprehensive allergy testing specialized treatment options symptoms persist despite initial interventions,0.7725911,0.8151748776435852,0.3824701195219124,0.1384820239680426,0.2629482071713148
"

Physician: Good morning, Amber. How are you feeling today?

Patient: Hi, Dr. Brewer. I've been feeling okay, but I've been experiencing some pain in my lower back and legs. It's been on and off for a while now, but it's been getting worse lately.

Physician: I see. Can you tell me more about the pain? Is it a sharp, stabbing pain or a dull ache?

Patient: It's a dull ache, mostly in my lower back and down my legs. It's worse when I stand or walk for too long. Sometimes, it feels like a sharp pain when I move suddenly.

Physician: I understand. Have you noticed any weakness or numbness in your legs?

Patient: Yes, sometimes my legs feel weak, and I get a tingling sensation in my toes.

Physician: Okay. Have you experienced any other symptoms, such as fever, weight loss, or difficulty controlling your bladder or bowels?

Patient: No, nothing like that. Just the pain and weakness in my legs.

Physician: Good. Have you recently traveled or been exposed to anyone with similar symptoms?

Patient: No, I haven't traveled much lately, and I don't think anyone in my household has similar symptoms.

Physician: I see. Have you noticed any triggers that make the pain worse, such as certain activities or positions?

Patient: Like I said, it's worse when I stand or walk for too long. Bending over doesn't help either.

Physician: Okay. Have you tried any treatments or medications for the pain, and if so, what was the effect?

Patient: I've been taking acetaminophen and gabapentin as prescribed by my PCP, but it only takes the edge off. Sometimes, I feel like it doesn't do anything at all.

Physician: I see. Have you experienced any side effects from the medications?

Patient: No, nothing significant. Just some dizziness and stomach upset sometimes.

Physician: Okay, Amber. Based on what you've shared, it sounds like you might be experiencing some nerve compression in your lower back, which could be causing the pain and weakness in your legs. We'll need to run some tests to confirm this and rule out other possible causes.

Patient: What kind of tests?

Physician: We'll start with a physical examination and some simple neurological tests to assess your muscle strength and reflexes. We may also order an MRI or CT scan to get a better look at what's happening in your lower back. In the meantime, I'd like to recommend some physical therapy to help manage your pain and improve your mobility. We can discuss the details of the therapy and any additional support options with your daughter, who's here with you today. Does that sound good?

Patient: Yes, that sounds good. Thank you, Dr. Brewer.

Physician: You're welcome, Amber. We'll get started on the tests and therapy as soon as possible. Let's work together to find the best course of treatment for your condition.","Subjective:
Amber Warren reports experiencing worsening lower back and leg pain, describing it as a dull ache that worsens with prolonged standing or walking. She also notes weakness in her legs and tingling in her toes. No other concerning symptoms such as fever, weight loss, or bladder/bowel issues are reported.

Objective:
During the examination, no signs of acute distress are noted. Amber's gait is steady, and she exhibits normal muscle tone. Neurological testing reveals some weakness in the lower extremities. Vital signs are within normal limits. No recent travel or exposure to sick contacts reported.

Assessment:
Based on the clinical presentation, it is suspected that Amber may be experiencing nerve compression in her lower back, leading to the pain and weakness in her legs. Further diagnostic testing, including a physical examination and imaging studies, is recommended to confirm this diagnosis and rule out other potential causes. Pain management strategies, including physical therapy, are also advised to improve Amber's symptoms and mobility.

Plan:
Amber will undergo a physical examination and neurological testing to assess her muscle strength and reflexes. Imaging studies such as an MRI or CT scan may be ordered to further evaluate her condition. Physical therapy will be recommended to help manage her pain and enhance her mobility. A discussion with her daughter will be scheduled to explore additional support options and ensure a comprehensive care plan for Amber's chronic pain management. Follow-up appointments will be scheduled to monitor her progress and adjust the treatment plan as needed.",physician good morning amber feeling today patient hi dr brewer ive feeling okay ive experiencing pain lower back legs getting worse lately physician see tell pain sharp stabbing pain dull ache patient dull ache mostly lower back legs worse stand walk long sometimes feels like sharp pain move suddenly physician understand noticed weakness numbness legs patient yes sometimes legs feel weak get tingling sensation toes physician okay experienced symptoms fever weight loss difficulty controlling bladder bowels patient nothing like pain weakness legs physician good recently traveled exposed anyone similar symptoms patient havent traveled much lately dont think anyone household similar symptoms physician see noticed triggers make pain worse certain activities positions patient like said worse stand walk long bending doesnt help either physician okay tried treatments medications pain effect patient ive taking acetaminophen gabapentin prescribed pcp takes edge sometimes feel like doesnt anything physician see experienced side effects medications patient nothing significant dizziness stomach upset sometimes physician okay amber based youve shared sounds like might experiencing nerve compression lower back could causing pain weakness legs well need run tests confirm rule possible causes patient kind tests physician well start physical examination simple neurological tests assess muscle strength reflexes may also order mri ct scan get better look whats happening lower back meantime id like recommend physical therapy help manage pain improve mobility discuss details therapy additional support options daughter whos today sound good patient yes sounds good thank dr brewer physician youre welcome amber well get started tests therapy soon possible lets work together find best course treatment condition,subjective amber warren reports experiencing worsening lower back leg pain describing dull ache worsens prolonged standing walking also notes weakness legs tingling toes concerning symptoms fever weight loss bladderbowel issues reported objective examination signs acute distress noted ambers gait steady exhibits normal muscle tone neurological testing reveals weakness lower extremities vital signs within normal limits recent travel exposure sick contacts reported assessment based clinical presentation suspected amber may experiencing nerve compression lower back leading pain weakness legs diagnostic testing including physical examination imaging studies recommended confirm diagnosis rule potential causes pain management strategies including physical therapy also advised improve ambers symptoms mobility plan amber undergo physical examination neurological testing assess muscle strength reflexes imaging studies mri ct scan may ordered evaluate condition physical therapy recommended help manage pain enhance mobility discussion daughter scheduled explore additional support options ensure comprehensive care plan ambers chronic pain management followup appointments scheduled monitor progress adjust treatment plan needed,0.6950524,0.8255820274353027,0.32545931758530183,0.07368421052631578,0.1679790026246719
"

Physician: Good morning, Lily. How are you feeling today?

Patient: Hi, Dr. Lynch. I've been feeling a bit run down lately. I've gained some weight, and I've been experiencing shortness of breath, especially when I climb stairs or walk for a long time.

Physician: I see. Have you noticed any other symptoms? Fatigue, perhaps?

Patient: Yes, I've been feeling tired and sluggish, even after a full night's sleep. And my skin has been feeling dry and itchy.

Physician: Okay. Have you experienced any changes in your menstrual cycle?

Patient: No, nothing significant. I've always had a pretty regular period.

Physician: Good. Have you noticed any swelling in your neck or face?

Patient: Now that you mention it, my neck has been feeling a bit swollen and uncomfortable lately.

Physician: I see. Have you had any recent illnesses or infections?

Patient: No, nothing recent. But I did have a bout of bronchitis a few months ago.

Physician: Okay. Have you noticed any changes in your bowel movements or appetite?

Patient: No, nothing significant. I've been eating pretty normally, but I have noticed that my stools have been a bit more loose than usual.

Physician: Alright. Have you experienced any joint pain or swelling?

Patient: No, nothing like that. But I have noticed some muscle weakness and cramping in my legs and arms.

Physician: I see. Have you had any recent travel or exposure to illnesses?

Patient: No, nothing recent. But I did go on a trip to Mexico a few months ago.

Physician: Okay. Have you noticed any changes in your voice or throat?

Patient: No, nothing significant. Just a bit of hoarseness now and then.

Physician: Alright. Have you had any recent stressors or changes in your personal life?

Patient: Well, I did recently lose my job, and that's been pretty stressful. But other than that, nothing major.

Physician: I see. Have you noticed any changes in your sleep patterns or mood?

Patient: Yes, I've been having trouble falling asleep and staying asleep. And I have been feeling a bit down and anxious lately.

Physician: Okay. Have you noticed any other symptoms that might be related to your thyroid?

Patient: No, nothing else that I can think of.

Physician: Alright, Lily. Based on what you've told me, it sounds like you might be experiencing some symptoms related to hypothyroidism. We'll need to run some tests to confirm that, but in the meantime, I'd like to schedule you for a thyroid function test and a mammogram. In the meantime, I'd like to prescribe you a medication to help manage your symptoms. We'll also need to schedule a follow-up appointment to discuss the results of your tests and determine the best course of action. Does that sound good to you?

Patient: Yes, that sounds great. Thank you, Dr. Lynch.

Physician: You're welcome, Lily. We'll get you scheduled for those tests and follow up with you soon.","Subjective:
Lily Turner, a 41-year-old female, presents with symptoms of feeling run down, weight gain, shortness of breath, fatigue, dry and itchy skin, neck swelling, loose stools, muscle weakness, and cramping. She denies changes in menstrual cycle, joint pain, recent illnesses, travel, voice changes, or throat issues. Lily reports recent job loss and difficulty sleeping and feeling down and anxious.

Objective:
Lily appears fatigued but alert during the appointment. She has gained weight since her last visit. No signs of neck swelling or facial edema noted. Vital signs are within normal limits. Physical exam reveals dry skin and mild muscle weakness. No joint swelling or abnormalities noted.

Assessment:
Based on Lily's symptoms and history, she is likely experiencing symptoms related to hypothyroidism. Further testing, including a thyroid function test and mammogram, is recommended to confirm the diagnosis. A medication will be prescribed to manage her symptoms. Follow-up appointment scheduled to discuss test results and treatment plan.

Plan:
1. Order thyroid function test and mammogram.
2. Prescribe medication for hypothyroidism.
3. Schedule follow-up appointment to review test results and determine treatment plan.
4. Provide patient education on hypothyroidism management and lifestyle changes.
5. Refer to endocrinologist for further evaluation and management if needed.",physician good morning lily feeling today patient hi dr lynch ive feeling bit run lately ive gained weight ive experiencing shortness breath especially climb stairs walk long time physician see noticed symptoms fatigue perhaps patient yes ive feeling tired sluggish even full nights sleep skin feeling dry itchy physician okay experienced changes menstrual cycle patient nothing significant ive always pretty regular period physician good noticed swelling neck face patient mention neck feeling bit swollen uncomfortable lately physician see recent illnesses infections patient nothing recent bout bronchitis months ago physician okay noticed changes bowel movements appetite patient nothing significant ive eating pretty normally noticed stools bit loose usual physician alright experienced joint pain swelling patient nothing like noticed muscle weakness cramping legs arms physician see recent travel exposure illnesses patient nothing recent go trip mexico months ago physician okay noticed changes voice throat patient nothing significant bit hoarseness physician alright recent stressors changes personal life patient well recently lose job thats pretty stressful nothing major physician see noticed changes sleep patterns mood patient yes ive trouble falling asleep staying asleep feeling bit anxious lately physician okay noticed symptoms might related thyroid patient nothing else think physician alright lily based youve told sounds like might experiencing symptoms related hypothyroidism well need run tests confirm meantime id like schedule thyroid function test mammogram meantime id like prescribe medication help manage symptoms well also need schedule followup appointment discuss results tests determine best course action sound good patient yes sounds great thank dr lynch physician youre welcome lily well get scheduled tests follow soon,subjective lily turner 41yearold female presents symptoms feeling run weight gain shortness breath fatigue dry itchy skin neck swelling loose stools muscle weakness cramping denies changes menstrual cycle joint pain recent illnesses travel voice changes throat issues lily reports recent job loss difficulty sleeping feeling anxious objective lily appears fatigued alert appointment gained weight since last visit signs neck swelling facial edema noted vital signs within normal limits physical exam reveals dry skin mild muscle weakness joint swelling abnormalities noted assessment based lilys symptoms history likely experiencing symptoms related hypothyroidism testing including thyroid function test mammogram recommended confirm diagnosis medication prescribed manage symptoms followup appointment scheduled discuss test results treatment plan plan 1 order thyroid function test mammogram 2 prescribe medication hypothyroidism 3 schedule followup appointment review test results determine treatment plan 4 provide patient education hypothyroidism management lifestyle changes 5 refer endocrinologist evaluation management needed,0.7017416,0.8151001930236816,0.32266325224071707,0.09756097560975609,0.17925736235595394
"
Physician: Good morning, Mrs. Warren. It's a pleasure to see you today. How are you feeling?

Patient: (sighs) Not great, doctor. I've been experiencing a lot of pain in my joints, especially in my knees and hips. It's been making it hard for me to move around and do my daily activities.

Physician: I see. Have you noticed any swelling or redness in your joints?

Patient: Yes, my knees have been swollen and feel warm to the touch. It's like there's a fire burning inside my bones.

Physician: That sounds like it could be related to your osteoarthritis. Have you noticed any changes in your urination habits?

Patient: Well, I have been needing to go more frequently, especially at night. And sometimes, I feel like I can't fully empty my bladder.

Physician: That's helpful information. Have you experienced any discomfort or burning sensations while urinating?

Patient: Yes, doctor, it's been quite uncomfortable. It feels like there's a sharp pin pricking me every time I pee.

Physician: I understand. Have you had any recent changes in your diet or fluid intake that could be contributing to the discomfort?

Patient: Not that I can think of, doctor. I've been trying to drink more water to help with the UTI, but maybe I'm not drinking enough?

Physician: That's a good point. It's important to stay hydrated, especially with a UTI. Have you noticed any other symptoms, such as blood in your urine or cloudy urine?

Patient: No, doctor, I haven't seen anything like that. But I have been feeling really tired and weak lately.

Physician: That's understandable, given your symptoms. Have you experienced any nausea or vomiting?

Patient: No, not yet, doctor. But I have had some headaches and dizziness.

Physician: That's helpful to know. Have you noticed any changes in your bowel movements or appetite?

Patient: Yes, doctor. My bowel movements have been a bit more frequent and loose lately. And I've been feeling less hungry than usual.

Physician: That could be related to your UTI. Have you had any recent travel or exposure to anyone with similar symptoms?

Patient: No, doctor. I haven't traveled anywhere recently, and I don't think anyone in my household has been sick.

Physician: That's good to know. Have you noticed any unusual vaginal discharge or itching?

Patient: No, doctor. Nothing like that.

Physician: Alright, Mrs. Warren. Based on what you've shared with me today, it sounds like we have a few things to address. Firstly, we'll need to run some tests to confirm the UTI and potentially adjust your medication accordingly. We should also monitor your blood sugar levels, given your history of diabetes. And we'll need to keep an eye on your hypertension and adjust your medication as needed. I'd like to schedule a follow-up appointment for you in a couple of days to review the test results and discuss a plan moving forward. Does that sound good to you?

Patient: Yes, doctor. Thank you for your help. I'm feeling a bit more hopeful now.

Physician: That's great to hear, Mrs. Warren. We'll get you feeling better in no time.","Subjective:
Mrs. Warren reports experiencing significant joint pain in her knees and hips, with swelling and warmth in her knees. She also mentions increased urinary frequency, difficulty emptying her bladder, and sharp pain while urinating. Additionally, she describes feeling tired, weak, and experiencing headaches and dizziness. Mrs. Warren notes changes in her bowel movements and appetite, with loose stools and decreased hunger. She denies nausea, vomiting, blood in urine, cloudy urine, vaginal discharge, or itching.

Objective:
Mrs. Warren presents with joint swelling and warmth in her knees. She appears fatigued but alert during the consultation. Vital signs are within normal limits. Physical examination reveals tenderness in the knee joints and signs of dehydration. No other abnormalities noted.

Assessment:
Mrs. Warren likely has exacerbation of osteoarthritis in her knees, along with symptoms suggestive of a urinary tract infection. Monitoring of blood sugar levels is warranted due to her history of diabetes. Hypertension management should also be reviewed. Further diagnostic tests are needed to confirm UTI and adjust treatment accordingly.

Plan:
1. Order diagnostic tests to confirm UTI and assess blood sugar levels.
2. Adjust medication regimen as needed for osteoarthritis, UTI, diabetes, and hypertension.
3. Schedule a follow-up appointment in two days to review test results and discuss treatment plan.
4. Educate Mrs. Warren on the importance of hydration and symptom management.
5. Coordinate care with the pharmacy and care coordinator for medication adjustments and follow-up care.",physician good morning mrs warren pleasure see today feeling patient sighs great doctor ive experiencing lot pain joints especially knees hips making hard move around daily activities physician see noticed swelling redness joints patient yes knees swollen feel warm touch like theres fire burning inside bones physician sounds like could related osteoarthritis noticed changes urination habits patient well needing go frequently especially night sometimes feel like cant fully empty bladder physician thats helpful information experienced discomfort burning sensations urinating patient yes doctor quite uncomfortable feels like theres sharp pin pricking every time pee physician understand recent changes diet fluid intake could contributing discomfort patient think doctor ive trying drink water help uti maybe im drinking enough physician thats good point important stay hydrated especially uti noticed symptoms blood urine cloudy urine patient doctor havent seen anything like feeling really tired weak lately physician thats understandable given symptoms experienced nausea vomiting patient yet doctor headaches dizziness physician thats helpful know noticed changes bowel movements appetite patient yes doctor bowel movements bit frequent loose lately ive feeling less hungry usual physician could related uti recent travel exposure anyone similar symptoms patient doctor havent traveled anywhere recently dont think anyone household sick physician thats good know noticed unusual vaginal discharge itching patient doctor nothing like physician alright mrs warren based youve shared today sounds like things address firstly well need run tests confirm uti potentially adjust medication accordingly also monitor blood sugar levels given history diabetes well need keep eye hypertension adjust medication needed id like schedule followup appointment couple days review test results discuss plan moving forward sound good patient yes doctor thank help im feeling bit hopeful physician thats great hear mrs warren well get feeling better time,subjective mrs warren reports experiencing significant joint pain knees hips swelling warmth knees also mentions increased urinary frequency difficulty emptying bladder sharp pain urinating additionally describes feeling tired weak experiencing headaches dizziness mrs warren notes changes bowel movements appetite loose stools decreased hunger denies nausea vomiting blood urine cloudy urine vaginal discharge itching objective mrs warren presents joint swelling warmth knees appears fatigued alert consultation vital signs within normal limits physical examination reveals tenderness knee joints signs dehydration abnormalities noted assessment mrs warren likely exacerbation osteoarthritis knees along symptoms suggestive urinary tract infection monitoring blood sugar levels warranted due history diabetes hypertension management also reviewed diagnostic tests needed confirm uti adjust treatment accordingly plan 1 order diagnostic tests confirm uti assess blood sugar levels 2 adjust medication regimen needed osteoarthritis uti diabetes hypertension 3 schedule followup appointment two days review test results discuss treatment plan 4 educate mrs warren importance hydration symptom management 5 coordinate care pharmacy care coordinator medication adjustments followup care,0.7520137,0.8162462115287781,0.3333333333333333,0.09348441926345609,0.192090395480226
"
Physician: Good morning, Mrs. Hale. How are you feeling today?

Patient: (coughing) Not great, to be honest. I've had this persistent cough for a few weeks now, and it's been getting worse. I also feel really tired and run down all the time.

Physician: I see. Have you noticed any other symptoms, such as fever or shortness of breath?

Patient: Yes, I've had a low-grade fever on and off for the past few days, and I sometimes feel like I can't catch my breath.

Physician: I understand. Can you tell me more about your cough? Is it dry or productive? Do you have any chest pain or tightness?

Patient: It's a dry cough, mostly. Sometimes I do bring up some mucus, but it's not a lot. And yes, my chest does feel tight and a little sore.

Physician: Okay. Have you noticed any triggers that make your cough worse, such as certain activities or environments?

Patient: Well, it seems to get worse at night, and when I'm lying down. And sometimes when I'm outside, especially if it's windy or cold.

Physician: That's helpful information. Now, I know you've been dealing with ear infections recently. Have you noticed any hearing loss or ringing in your ears?

Patient: Yes, I have. My hearing seems to come and go, and sometimes I get this ringing or buzzing sound in my ears. It's really frustrating.

Physician: I can imagine. Have you had any recent travel or been exposed to anyone with similar symptoms?

Patient: No, I haven't traveled recently, and I don't think anyone in my household has been sick.

Physician: Alright. I'm going to order some tests to help us better understand what's going on. We'll do a complete blood count, a chest X-ray, and a nasal swab to rule out any viral or bacterial infections. We'll also check your blood sugar levels, given your history of diabetes. In the meantime, I'd like to prescribe you an antibiotic to help manage your symptoms. Do you have any allergies or sensitivities to medications that I should be aware of?

Patient: No, I don't think so. But my daughter mentioned something about a reaction to penicillin when I was younger.

Physician: Okay, that's good to know. We'll make sure to avoid penicillin-based antibiotics just in case. I'll also recommend that you use a humidifier at home to help soothe your throat and chest. And please, make sure to follow up with the specialist for your ear issues. They'll be able to assess your hearing and provide guidance on the best course of action.

Patient: Okay, that all sounds good. Thank you, doctor.

Physician: You're welcome, Mrs. Hale. We'll get you feeling better in no time.","Subjective:
Mrs. Hale presents with a persistent dry cough, low-grade fever, fatigue, and shortness of breath. She reports experiencing tightness and soreness in her chest, especially at night and when lying down. Mrs. Hale also mentions fluctuating hearing loss and ringing in her ears. She denies recent travel or exposure to sick individuals.

Objective:
Mrs. Hale appears fatigued but alert during the examination. Vital signs are within normal limits. Physical examination reveals mild chest tenderness and intermittent wheezing upon auscultation. No signs of respiratory distress are noted. Mrs. Hale's ear examination shows signs of inflammation and fluid accumulation.

Assessment:
Mrs. Hale presents with symptoms suggestive of an upper respiratory infection, possibly exacerbated by her asthma. The presence of ear symptoms indicates ongoing issues with recurrent ear infections. Further evaluation is needed to determine the underlying cause of her symptoms and hearing issues.

Plan:
1. Order a complete blood count, chest X-ray, and nasal swab to assess for infection.
2. Prescribe an antibiotic for the suspected respiratory infection, avoiding penicillin-based medications.
3. Recommend the use of a humidifier at home to alleviate throat and chest discomfort.
4. Refer Mrs. Hale to the ENT specialist for a hearing test and consideration of ear tube placement.
5. Schedule a follow-up appointment to review test results and adjust treatment as needed.",physician good morning mrs hale feeling today patient coughing great honest ive persistent cough weeks getting worse also feel really tired run time physician see noticed symptoms fever shortness breath patient yes ive lowgrade fever past days sometimes feel like cant catch breath physician understand tell cough dry productive chest pain tightness patient dry cough mostly sometimes bring mucus lot yes chest feel tight little sore physician okay noticed triggers make cough worse certain activities environments patient well seems get worse night im lying sometimes im outside especially windy cold physician thats helpful information know youve dealing ear infections recently noticed hearing loss ringing ears patient yes hearing seems come go sometimes get ringing buzzing sound ears really frustrating physician imagine recent travel exposed anyone similar symptoms patient havent traveled recently dont think anyone household sick physician alright im going order tests help us better understand whats going well complete blood count chest xray nasal swab rule viral bacterial infections well also check blood sugar levels given history diabetes meantime id like prescribe antibiotic help manage symptoms allergies sensitivities medications aware patient dont think daughter mentioned something reaction penicillin younger physician okay thats good know well make sure avoid penicillinbased antibiotics case ill also recommend use humidifier home help soothe throat chest please make sure follow specialist ear issues theyll able assess hearing provide guidance best course action patient okay sounds good thank doctor physician youre welcome mrs hale well get feeling better time,subjective mrs hale presents persistent dry cough lowgrade fever fatigue shortness breath reports experiencing tightness soreness chest especially night lying mrs hale also mentions fluctuating hearing loss ringing ears denies recent travel exposure sick individuals objective mrs hale appears fatigued alert examination vital signs within normal limits physical examination reveals mild chest tenderness intermittent wheezing upon auscultation signs respiratory distress noted mrs hales ear examination shows signs inflammation fluid accumulation assessment mrs hale presents symptoms suggestive upper respiratory infection possibly exacerbated asthma presence ear symptoms indicates ongoing issues recurrent ear infections evaluation needed determine underlying cause symptoms hearing issues plan 1 order complete blood count chest xray nasal swab assess infection 2 prescribe antibiotic suspected respiratory infection avoiding penicillinbased medications 3 recommend use humidifier home alleviate throat chest discomfort 4 refer mrs hale ent specialist hearing test consideration ear tube placement 5 schedule followup appointment review test results adjust treatment needed,0.71281254,0.8216549754142761,0.3390243902439024,0.08068459657701713,0.16341463414634144
"
Physician: Good morning, Charlene. It's great to see you today. How can I assist you?

Patient: Hi, Dr. Pearson. I've been feeling quite sick lately, particularly over the past week. I've had this persistent cold that doesn't seem to be improving, and my asthma symptoms have been acting up as well.

Physician: Sorry to hear that. Let's start with your cold symptoms. Can you tell me more about them? What kind of symptoms are you experiencing?

Patient: Well, I've had a runny nose, a lot of congestion, and a cough that won't go away. I've also had headaches and my throat has been sore.

Physician: Okay, that sounds like a pretty bad cold. Have you tried any over-the-counter medications or treatments?

Patient: Yes, I've been taking Pseudoephedrine for my congestion and Albuterol for my asthma symptoms, but they don't seem to be working as well as they usually do.

Physician: I see. Have you noticed any shortness of breath or chest tightness?

Patient: Yes, especially when I exert myself or even just walking from one room to another. It's been getting worse over the past few days.

Physician: I understand. Have you had any recent changes in your environment or routine that could be contributing to your symptoms?

Patient: Not really, I've just been working my usual hours at the office and spending time with my family.

Physician: Okay. Have you noticed any triggers that make your asthma symptoms worse, such as allergens or stress?

Patient: Yes, I'm allergic to dust and pollen, and I've noticed that my symptoms tend to worsen when I'm under a lot of stress.

Physician: That's helpful information. Now, let's take a closer look at your medical history. I see that you have hypertension and asthma. Can you tell me a bit more about how you've been managing those conditions?

Patient: Sure. I take Amlodipine for my hypertension and Albuterol for my asthma, as needed. I also try to maintain a healthy lifestyle by exercising regularly and eating a balanced diet.

Physician: That's great. Have you noticed any changes in your symptoms or medication effectiveness over time?

Patient: Well, like I mentioned earlier, my asthma symptoms have been getting worse lately, and my hypertension seems to be under control.

Physician: Okay, that's helpful. Lastly, have you had any recent travel or exposure to illnesses that could be contributing to your symptoms?

Patient: No, I haven't traveled recently, and I don't believe I've been exposed to anyone with similar symptoms.

Physician: Alright, Charlene. Based on what you've shared with me today, it sounds like you might have a viral exacerbation of your asthma. I'd like to order some tests to confirm this and also check your lung function. In the meantime, I'd like to prescribe you a course of prednisone to help manage your symptoms. How do you feel about that?

Patient: That sounds good to me. I just want to feel better.

Physician: Of course. I'll have my nurse come in and take some samples for the tests, and we'll get you set up with the prednisone prescription. Is there anything else you'd like to discuss or any questions you have for me?

Patient: No, that covers everything. Thank you, Dr. Pearson.

Physician: You're welcome, Charlene. We'll get you feeling better in no time.","Subjective:
Charlene Hughes presents with symptoms of a persistent cold, including a runny nose, congestion, cough, headaches, and a sore throat. She also reports worsening asthma symptoms, with increased shortness of breath and chest tightness, especially with exertion. She has been taking Pseudoephedrine and Albuterol, but notes that they are not as effective as usual. Charlene mentions allergies to dust and pollen, as well as stress as triggers for her asthma symptoms.

Objective:
During the examination, Charlene appears fatigued but alert. She demonstrates mild wheezing upon auscultation of the lungs. Vital signs are within normal limits. Lung function tests and further diagnostic tests are ordered to confirm viral exacerbation of asthma. A prescription for prednisone is provided to manage symptoms.

Assessment:
Charlene Hughes is likely experiencing a viral exacerbation of asthma, given her symptoms and medical history. Further tests are needed to confirm the diagnosis. Her hypertension appears to be well-controlled with Amlodipine. The patient's overall health maintenance is up to date, with normal results from recent screenings.

Plan:
Charlene will undergo lung function tests and additional diagnostic tests to confirm the viral exacerbation of asthma. She will be prescribed a course of prednisone to manage her symptoms. Follow-up appointments will be scheduled to monitor her progress and adjust treatment as needed. Patient education on asthma management and triggers will be provided. Referrals to an allergist may be considered for further evaluation of her allergies.",physician good morning charlene great see today assist patient hi dr pearson ive feeling quite sick lately particularly past week ive persistent cold doesnt seem improving asthma symptoms acting well physician sorry hear lets start cold symptoms tell kind symptoms experiencing patient well ive runny nose lot congestion cough wont go away ive also headaches throat sore physician okay sounds like pretty bad cold tried overthecounter medications treatments patient yes ive taking pseudoephedrine congestion albuterol asthma symptoms dont seem working well usually physician see noticed shortness breath chest tightness patient yes especially exert even walking one room another getting worse past days physician understand recent changes environment routine could contributing symptoms patient really ive working usual hours office spending time family physician okay noticed triggers make asthma symptoms worse allergens stress patient yes im allergic dust pollen ive noticed symptoms tend worsen im lot stress physician thats helpful information lets take closer look medical history see hypertension asthma tell bit youve managing conditions patient sure take amlodipine hypertension albuterol asthma needed also try maintain healthy lifestyle exercising regularly eating balanced diet physician thats great noticed changes symptoms medication effectiveness time patient well like mentioned earlier asthma symptoms getting worse lately hypertension seems control physician okay thats helpful lastly recent travel exposure illnesses could contributing symptoms patient havent traveled recently dont believe ive exposed anyone similar symptoms physician alright charlene based youve shared today sounds like might viral exacerbation asthma id like order tests confirm also check lung function meantime id like prescribe course prednisone help manage symptoms feel patient sounds good want feel better physician course ill nurse come take samples tests well get set prednisone prescription anything else youd like discuss questions patient covers everything thank dr pearson physician youre welcome charlene well get feeling better time,subjective charlene hughes presents symptoms persistent cold including runny nose congestion cough headaches sore throat also reports worsening asthma symptoms increased shortness breath chest tightness especially exertion taking pseudoephedrine albuterol notes effective usual charlene mentions allergies dust pollen well stress triggers asthma symptoms objective examination charlene appears fatigued alert demonstrates mild wheezing upon auscultation lungs vital signs within normal limits lung function tests diagnostic tests ordered confirm viral exacerbation asthma prescription prednisone provided manage symptoms assessment charlene hughes likely experiencing viral exacerbation asthma given symptoms medical history tests needed confirm diagnosis hypertension appears wellcontrolled amlodipine patients overall health maintenance date normal results recent screenings plan charlene undergo lung function tests additional diagnostic tests confirm viral exacerbation asthma prescribed course prednisone manage symptoms followup appointments scheduled monitor progress adjust treatment needed patient education asthma management triggers provided referrals allergist may considered evaluation allergies,0.7120389,0.8225025534629822,0.33095577746077026,0.11158798283261803,0.19115549215406563
"
Physician: Good morning, Ms. Jensen. How can I assist you today?

Patient: Hi, Dr. James. I've been experiencing some issues with my asthma lately. I've had a persistent cough, and my inhaler doesn't seem to be working as effectively as it used to.

Physician: I see. Can you tell me more about your cough? Is it dry or productive? Have you noticed any wheezing or shortness of breath?

Patient: It's a dry cough, mostly in the mornings and evenings. I haven't noticed any wheezing, but I do feel a bit winded when I climb stairs or exert myself.

Physician: Okay. Have you had any recent upper respiratory infections or exposure to allergens that may be exacerbating your symptoms?

Patient: Well, I did have a cold a few weeks ago, and my seasonal allergies have been acting up lately. I've been taking my usual medication, Allegra, but it doesn't seem to be helping as much as it usually does.

Physician: I understand. Have you noticed any other symptoms, such as sinus pressure or headaches?

Patient: Yes, I've had some sinus pressure and headaches, especially on the left side of my face. It feels like my ear is plugged, and I've had some muffled hearing.

Physician: I see. Have you experienced any fever or facial pain?

Patient: No, I haven't had a fever, but my ear does feel a bit tender to the touch.

Physician: Okay. Let's take a closer look at your ear. Can you tell me more about your ear infection? When did you first notice the symptoms, and have you had any previous ear infections?

Patient: It started about a week ago, and I haven't had any previous ear infections. The left ear is the one that's affected.

Physician: I'm going to examine your ear and possibly order some tests to determine the cause of the infection. In the meantime, I'd like to adjust your medication regimen for your asthma. We'll increase your dosage of Advair and add a short course of prednisone to help manage your symptoms. I'll also prescribe an antibiotic for your ear infection.

Patient: That sounds good. Thank you, Dr. James.

Physician: Of course, Ms. Jensen. I'll have the nurse come in to take some samples and administer the medications. We'll follow up with you in two weeks to check on your progress.

Patient: Sounds good. Thank you.





























































































































































































































































































































































































































































































































































































































































































































































































































































































","Subjective:
Irma Jensen presents with ongoing issues related to her asthma, including a persistent dry cough, increased shortness of breath, and decreased effectiveness of her inhaler. She also reports experiencing sinus pressure, headaches, and muffled hearing in her left ear, indicating a possible ear infection. Ms. Jensen mentions that her seasonal allergies have been acting up despite taking her usual medication, Allegra.

Objective:
During the examination, Ms. Jensen displayed signs of sinus congestion and tenderness in her left ear. No fever or facial pain was noted. Vital signs were within normal limits. Ms. Jensen's current medication regimen includes Advair Diskus and Allegra for asthma and allergies, respectively.

Assessment:
Ms. Jensen is experiencing exacerbation of her asthma symptoms, likely due to a recent upper respiratory infection and seasonal allergies. She also presents with symptoms suggestive of a left ear infection. Adjustments to her medication regimen are necessary to manage her asthma symptoms effectively and address the ear infection.

Plan:
1. Adjust Ms. Jensen's asthma medication regimen by increasing the dosage of Advair Diskus and adding a short course of prednisone.
2. Prescribe an antibiotic for the treatment of the left ear infection.
3. Schedule a follow-up appointment in two weeks to assess Ms. Jensen's response to the treatment plan and address any ongoing concerns.
4. Provide education on asthma management, including trigger avoidance and proper inhaler technique.
5. Recommend scheduling the overdue Tdap vaccine and mammogram screening as part of Ms. Jensen's health maintenance plan.",physician good morning ms jensen assist today patient hi dr james ive experiencing issues asthma lately ive persistent cough inhaler doesnt seem working effectively used physician see tell cough dry productive noticed wheezing shortness breath patient dry cough mostly mornings evenings havent noticed wheezing feel bit winded climb stairs exert physician okay recent upper respiratory infections exposure allergens may exacerbating symptoms patient well cold weeks ago seasonal allergies acting lately ive taking usual medication allegra doesnt seem helping much usually physician understand noticed symptoms sinus pressure headaches patient yes ive sinus pressure headaches especially left side face feels like ear plugged ive muffled hearing physician see experienced fever facial pain patient havent fever ear feel bit tender touch physician okay lets take closer look ear tell ear infection first notice symptoms previous ear infections patient started week ago havent previous ear infections left ear one thats affected physician im going examine ear possibly order tests determine cause infection meantime id like adjust medication regimen asthma well increase dosage advair add short course prednisone help manage symptoms ill also prescribe antibiotic ear infection patient sounds good thank dr james physician course ms jensen ill nurse come take samples administer medications well follow two weeks check progress patient sounds good thank,subjective irma jensen presents ongoing issues related asthma including persistent dry cough increased shortness breath decreased effectiveness inhaler also reports experiencing sinus pressure headaches muffled hearing left ear indicating possible ear infection ms jensen mentions seasonal allergies acting despite taking usual medication allegra objective examination ms jensen displayed signs sinus congestion tenderness left ear fever facial pain noted vital signs within normal limits ms jensens current medication regimen includes advair diskus allegra asthma allergies respectively assessment ms jensen experiencing exacerbation asthma symptoms likely due recent upper respiratory infection seasonal allergies also presents symptoms suggestive left ear infection adjustments medication regimen necessary manage asthma symptoms effectively address ear infection plan 1 adjust ms jensens asthma medication regimen increasing dosage advair diskus adding short course prednisone 2 prescribe antibiotic treatment left ear infection 3 schedule followup appointment two weeks assess ms jensens response treatment plan address ongoing concerns 4 provide education asthma management including trigger avoidance proper inhaler technique 5 recommend scheduling overdue tdap vaccine mammogram screening part ms jensens health maintenance plan,0.7093836,0.8184447288513184,0.30268199233716475,0.11538461538461538,0.21455938697318006
"
Physician: Good morning, Aubree. It's great to see you today. How have you been feeling lately?

Patient: Hi, Dr. Watson. I've been experiencing some challenging symptoms that I wanted to discuss with you. Lately, I've been struggling with my sleep. I have insomnia and often wake up feeling unrested. I've tried different things, but it's not improving.

Physician: Sorry to hear that. Can you elaborate on your sleep patterns? Do you have trouble falling asleep, staying asleep, or both? And how long have you been experiencing this?

Patient: I have trouble falling asleep and staying asleep. I've been struggling with insomnia for a few years, but it's become more persistent over the past six months. I've tried to address it on my own by avoiding caffeine and electronics before bedtime and practicing relaxation techniques, but nothing seems to work.

Physician: I see. Have you noticed any other symptoms that might be related to your sleep issues, such as fatigue, mood changes, or difficulty concentrating?

Patient: Yes, definitely. I often feel tired and groggy throughout the day, which makes it hard to focus and be productive. My mood has also been affected. I've been feeling irritable and sometimes even depressed.

Physician: I understand. It's possible that your sleep disorder is affecting your mood and energy levels. Have you experienced any other symptoms that might be related to your sleep apnea, such as morning headaches, dry mouth, or snoring?

Patient: Yes, I do experience morning headaches and dry mouth. My husband also mentioned that I snore quite a bit.

Physician: That's helpful information. In addition to your sleep concerns, I noticed that you're overdue for your mammogram and colonoscopy. How do you feel about scheduling those procedures soon?

Patient: Yes, I'm aware that they're overdue. I'm actually a bit nervous about the colonoscopy, but I know it's important for my health. Can we discuss the preparation process and what to expect during the procedure?

Physician: Of course. I can explain the process and address any concerns you might have. Additionally, I'd like to schedule a sleep study to further evaluate your sleep disorder. Have you had any previous sleep studies or tests?

Patient: No, this will be my first sleep study. I'm a bit anxious about it, but I'm willing to do whatever it takes to improve my sleep.

Physician: I understand your concerns, but rest assured that the sleep study is a non-invasive, overnight test that can provide valuable information to help us address your sleep disorder. I'll make sure to schedule it at your earliest convenience.

Patient: Thank you, Dr. Watson. I appreciate your help in addressing these issues.

Physician: You're welcome, Aubree. I'm committed to helping you manage your symptoms and improve your overall health. We'll work together to address your sleep disorder, schedule the necessary procedures, and monitor your progress. Let's continue to communicate openly to ensure that we're doing everything we can to help you feel better.","Subjective:
Aubree Graves reports struggling with insomnia for the past few years, with worsening symptoms over the past six months. She has difficulty falling asleep and staying asleep, leading to feelings of tiredness, irritability, and difficulty concentrating. She also experiences morning headaches, dry mouth, and snoring. Aubree expresses nervousness about scheduling her overdue mammogram and colonoscopy but acknowledges their importance for her health.

Objective:
Aubree Graves presents as a 51-year-old female with a history of chronic sleep disorders, obesity, hypertension, chronic pain, and anxiety. She is overdue for her mammogram and colonoscopy. Aubree's medications include Ambien 10mg as needed for insomnia, Metformin 500mg twice daily, Lisinopril 10mg once daily, and Gabapentin 300mg three times daily. She has a history of tobacco use (quit 5 years ago) and is a social drinker.

Assessment:
Aubree Graves is experiencing persistent insomnia with associated symptoms of fatigue, irritability, and difficulty concentrating. Her morning headaches, dry mouth, and snoring suggest possible sleep apnea. Aubree's overdue mammogram and colonoscopy are concerning for preventive care. Her anxiety about these procedures may require additional support and education.

Plan:
1. Schedule a sleep study to further evaluate Aubree's sleep disorder and determine appropriate treatment.
2. Provide education and support regarding the preparation and expectations for the upcoming colonoscopy.
3. Monitor Aubree's progress with her current medications and address any concerns or side effects.
4. Encourage lifestyle modifications for weight loss to improve blood pressure control.
5. Schedule the overdue mammogram and colonoscopy to ensure timely preventive care.
6. Maintain open communication with Aubree to address any new symptoms or concerns promptly.",physician good morning aubree great see today feeling lately patient hi dr watson ive experiencing challenging symptoms wanted discuss lately ive struggling sleep insomnia often wake feeling unrested ive tried different things improving physician sorry hear elaborate sleep patterns trouble falling asleep staying asleep long experiencing patient trouble falling asleep staying asleep ive struggling insomnia years become persistent past six months ive tried address avoiding caffeine electronics bedtime practicing relaxation techniques nothing seems work physician see noticed symptoms might related sleep issues fatigue mood changes difficulty concentrating patient yes definitely often feel tired groggy throughout day makes hard focus productive mood also affected ive feeling irritable sometimes even depressed physician understand possible sleep disorder affecting mood energy levels experienced symptoms might related sleep apnea morning headaches dry mouth snoring patient yes experience morning headaches dry mouth husband also mentioned snore quite bit physician thats helpful information addition sleep concerns noticed youre overdue mammogram colonoscopy feel scheduling procedures soon patient yes im aware theyre overdue im actually bit nervous colonoscopy know important health discuss preparation process expect procedure physician course explain process address concerns might additionally id like schedule sleep study evaluate sleep disorder previous sleep studies tests patient first sleep study im bit anxious im willing whatever takes improve sleep physician understand concerns rest assured sleep study noninvasive overnight test provide valuable information help us address sleep disorder ill make sure schedule earliest convenience patient thank dr watson appreciate help addressing issues physician youre welcome aubree im committed helping manage symptoms improve overall health well work together address sleep disorder schedule necessary procedures monitor progress lets continue communicate openly ensure everything help feel better,subjective aubree graves reports struggling insomnia past years worsening symptoms past six months difficulty falling asleep staying asleep leading feelings tiredness irritability difficulty concentrating also experiences morning headaches dry mouth snoring aubree expresses nervousness scheduling overdue mammogram colonoscopy acknowledges importance health objective aubree graves presents 51yearold female history chronic sleep disorders obesity hypertension chronic pain anxiety overdue mammogram colonoscopy aubrees medications include ambien 10mg needed insomnia metformin 500mg twice daily lisinopril 10mg daily gabapentin 300mg three times daily history tobacco use quit 5 years ago social drinker assessment aubree graves experiencing persistent insomnia associated symptoms fatigue irritability difficulty concentrating morning headaches dry mouth snoring suggest possible sleep apnea aubrees overdue mammogram colonoscopy concerning preventive care anxiety procedures may require additional support education plan 1 schedule sleep study evaluate aubrees sleep disorder determine appropriate treatment 2 provide education support regarding preparation expectations upcoming colonoscopy 3 monitor aubrees progress current medications address concerns side effects 4 encourage lifestyle modifications weight loss improve blood pressure control 5 schedule overdue mammogram colonoscopy ensure timely preventive care 6 maintain open communication aubree address new symptoms concerns promptly,0.7596564,0.8162916898727417,0.3933434190620272,0.13050075872534145,0.20574886535552195
"
Physician: Good morning, Mr. Barnett. How are you feeling today?

Patient: Not too bad, Doc. Just a bit under the weather, you know?

Physician: I see. Can you tell me more about your symptoms? When did you first start feeling unwell?

Patient: Well, I've had a bit of a runny nose and a sore throat for the past few days. And I've been feeling really tired too.

Physician: Okay, that's helpful. Have you noticed any other symptoms? Cough, fever, chills?

Patient: Yeah, I've had a bit of a cough, especially at night. And I've been feeling a bit warm, but I don't think I've had a fever.

Physician: Alright. Have you had any recent travel or been exposed to anyone with similar symptoms?

Patient: No, nothing recent. But my wife has been feeling a bit off too, come to think of it.

Physician: I see. Have you noticed any differences in your appetite or taste recently?

Patient: Now that you mention it, I have been feeling a bit less hungry than usual. And food doesn't seem to taste as good as it usually does.

Physician: Okay, that's helpful. Have you experienced any difficulty swallowing or shortness of breath?

Patient: No, nothing like that. Just the runny nose and sore throat, mainly.

Physician: Alright. Let's take a look at your blood pressure and do a quick check of your throat. (After checking the patient's blood pressure and throat) Well, your blood pressure looks good, but your throat does look a bit red and swollen.

Patient: Yeah, it's been feeling pretty scratchy in there.

Physician: Given your symptoms and the examination findings, it's possible that you have a viral infection, perhaps a common cold.

Patient: Ah, that makes sense. What can we do to help manage my symptoms?

Physician: Well, we can start by prescribing some medication to help with your congestion and cough. I'll also recommend some over-the-counter medications for your cold symptoms. And make sure you're getting plenty of rest and staying hydrated.

Patient: Sounds good to me. Thanks, Doc.

Physician: You're welcome, Mr. Barnett. We'll monitor your symptoms and see how you're doing in a few days. If things aren't improving, we may need to reassess and consider other options.

Patient: Okay, that makes sense. Thanks again.","SOAP Note:

Subjective:
Mr. Barnett presents with symptoms of a runny nose, sore throat, cough, fatigue, and decreased appetite for the past few days. Denies fever, shortness of breath, or recent travel. Reports his wife experiencing similar symptoms.

Objective:
Vital signs stable, blood pressure within normal range. Throat examination reveals redness and swelling. Patient appears fatigued but alert. No signs of respiratory distress.

Assessment:
Likely diagnosis of a viral upper respiratory infection, consistent with a common cold. No signs of bacterial infection or complications at this time.

Plan:
Prescribe medication for congestion and cough. Recommend over-the-counter remedies for cold symptoms. Advise rest, hydration, and monitoring symptoms. Follow-up in a few days to reassess progress and consider further interventions if needed.",physician good morning mr barnett feeling today patient bad doc bit weather know physician see tell symptoms first start feeling unwell patient well ive bit runny nose sore throat past days ive feeling really tired physician okay thats helpful noticed symptoms cough fever chills patient yeah ive bit cough especially night ive feeling bit warm dont think ive fever physician alright recent travel exposed anyone similar symptoms patient nothing recent wife feeling bit come think physician see noticed differences appetite taste recently patient mention feeling bit less hungry usual food doesnt seem taste good usually physician okay thats helpful experienced difficulty swallowing shortness breath patient nothing like runny nose sore throat mainly physician alright lets take look blood pressure quick check throat checking patients blood pressure throat well blood pressure looks good throat look bit red swollen patient yeah feeling pretty scratchy physician given symptoms examination findings possible viral infection perhaps common cold patient ah makes sense help manage symptoms physician well start prescribing medication help congestion cough ill also recommend overthecounter medications cold symptoms make sure youre getting plenty rest staying hydrated patient sounds good thanks doc physician youre welcome mr barnett well monitor symptoms see youre days things arent improving may need reassess consider options patient okay makes sense thanks,soap note subjective mr barnett presents symptoms runny nose sore throat cough fatigue decreased appetite past days denies fever shortness breath recent travel reports wife experiencing similar symptoms objective vital signs stable blood pressure within normal range throat examination reveals redness swelling patient appears fatigued alert signs respiratory distress assessment likely diagnosis viral upper respiratory infection consistent common cold signs bacterial infection complications time plan prescribe medication congestion cough recommend overthecounter remedies cold symptoms advise rest hydration monitoring symptoms followup days reassess progress consider interventions needed,0.6465883,0.8132518529891968,0.32653061224489793,0.1125319693094629,0.14540816326530615
"
Physician: Good morning, Steve. How are you feeling today?

Patient: Hi, Doc. I'm doing alright, I guess. Just feeling a bit off lately.

Physician: Can you elaborate on that? What do you mean by ""off""?

Patient: Well, I've been experiencing some fatigue, and my blood sugar levels have been a bit wonky. My A1C was 7.5 at my last check-up, and I've noticed some numbness in my feet.

Physician: I see. Have you noticed any other symptoms? Blurred vision, increased thirst, or frequent urination?

Patient: Yes, actually. My vision has been a bit blurry, and I've been drinking more water than usual. But I thought that was just because of my seasonal allergies.

Physician: That's understandable. Can you tell me more about your allergies? When did you first notice them?

Patient: They started around springtime last year. I get congestion, sneezing, and itchy eyes. Nothing too severe, but it's definitely annoying.

Physician: Okay. Have you noticed any patterns or triggers that make your allergies worse?

Patient: Not really. I just seem to wake up with it all one day.

Physician: I see. Have you tried any over-the-counter medications or remedies for your allergies?

Patient: Yeah, I've tried antihistamines and nasal sprays, but they don't seem to do much for me.

Physician: Alright. Let's move back to your blood sugar levels. Have you noticed any patterns or triggers that affect your numbers?

Patient: Honestly, I'm not sure. I try to watch what I eat and exercise regularly, but sometimes my levels still seem to spike or drop unexpectedly.

Physician: That's understandable. We'll need to review your medication regimen and see if any adjustments are needed. Have you had any issues with your insulin or other medications?

Patient: No, nothing major. Just some minor side effects like headaches or nausea, but nothing too severe.

Physician: Good to know. Have you had any changes in your diet or exercise routine recently?

Patient: Well, I've been trying to cut back on carbs and sugar, but it's hard when you're always on-the-go. And I've been meaning to start exercising more, but I just haven't had the time.

Physician: I understand. We'll need to discuss strategies to help you better manage your diet and exercise routine. In the meantime, I'd like to schedule you for a follow-up appointment with our diabetes educator to review your medications and blood sugar levels. We'll also schedule a lipids panel and A1C test to monitor your progress.

Patient: Sounds good, Doc. Thanks for your help.

Physician: Of course, Steve. We'll work together to get you feeling better. I'll also prescribe you a nasal spray for your allergies. Let's schedule a follow-up appointment in two weeks to reassess your progress.

Patient: Thanks, Doc. I appreciate it.


























































































































































































































































































































































































































































































































































































































































































































































","Subjective:
Steve reports feeling off lately, experiencing fatigue, and noticing fluctuations in his blood sugar levels. He mentions a high A1C level of 7.5 and numbness in his feet. Additionally, he describes blurry vision, increased thirst, and frequent urination, which he attributes to his seasonal allergies.

Objective:
Steve appears alert and engaged during the conversation. He reports no major issues with his insulin or other medications, only minor side effects like headaches and nausea. His current medication regimen includes Metformin 1000mg twice daily, Lantus 20 units once daily, and Atorvastatin 10mg once daily. Steve's allergies present as congestion, sneezing, and itchy eyes, with no specific triggers identified. His last A1C test result was 7.5, and his lipid panel result was 150.

Assessment:
Steve's diabetes management requires review, considering his symptoms and recent A1C level. His allergies are bothersome, with over-the-counter medications providing minimal relief. Further evaluation of his diet, exercise routine, and medication regimen is necessary to address his blood sugar fluctuations and overall health.

Plan:
1. Schedule a follow-up appointment with the diabetes educator to review medications and blood sugar levels.
2. Order a lipids panel and A1C test to monitor progress.
3. Prescribe a nasal spray for allergy symptoms.
4. Discuss strategies to improve diet and exercise adherence.
5. Schedule a follow-up appointment in two weeks to reassess progress and adjust treatment as needed.",physician good morning steve feeling today patient hi doc im alright guess feeling bit lately physician elaborate mean patient well ive experiencing fatigue blood sugar levels bit wonky a1c 75 last checkup ive noticed numbness feet physician see noticed symptoms blurred vision increased thirst frequent urination patient yes actually vision bit blurry ive drinking water usual thought seasonal allergies physician thats understandable tell allergies first notice patient started around springtime last year get congestion sneezing itchy eyes nothing severe definitely annoying physician okay noticed patterns triggers make allergies worse patient really seem wake one day physician see tried overthecounter medications remedies allergies patient yeah ive tried antihistamines nasal sprays dont seem much physician alright lets move back blood sugar levels noticed patterns triggers affect numbers patient honestly im sure try watch eat exercise regularly sometimes levels still seem spike drop unexpectedly physician thats understandable well need review medication regimen see adjustments needed issues insulin medications patient nothing major minor side effects like headaches nausea nothing severe physician good know changes diet exercise routine recently patient well ive trying cut back carbs sugar hard youre always onthego ive meaning start exercising havent time physician understand well need discuss strategies help better manage diet exercise routine meantime id like schedule followup appointment diabetes educator review medications blood sugar levels well also schedule lipids panel a1c test monitor progress patient sounds good doc thanks help physician course steve well work together get feeling better ill also prescribe nasal spray allergies lets schedule followup appointment two weeks reassess progress patient thanks doc appreciate,subjective steve reports feeling lately experiencing fatigue noticing fluctuations blood sugar levels mentions high a1c level 75 numbness feet additionally describes blurry vision increased thirst frequent urination attributes seasonal allergies objective steve appears alert engaged conversation reports major issues insulin medications minor side effects like headaches nausea current medication regimen includes metformin 1000mg twice daily lantus 20 units daily atorvastatin 10mg daily steves allergies present congestion sneezing itchy eyes specific triggers identified last a1c test result 75 lipid panel result 150 assessment steves diabetes management requires review considering symptoms recent a1c level allergies bothersome overthecounter medications providing minimal relief evaluation diet exercise routine medication regimen necessary address blood sugar fluctuations overall health plan 1 schedule followup appointment diabetes educator review medications blood sugar levels 2 order lipids panel a1c test monitor progress 3 prescribe nasal spray allergy symptoms 4 discuss strategies improve diet exercise adherence 5 schedule followup appointment two weeks reassess progress adjust treatment needed,0.75581795,0.8289209008216858,0.37777777777777777,0.17827298050139279,0.24444444444444444
"

Physician: Good morning, Renee. How are you feeling today?

Patient: Hi, Dr. Chapman. I've been feeling okay, but I wanted to follow up on my Pap smear and cholesterol screening results. I also have some concerns about my skin conditions.

Physician: Of course, let's start with your skin conditions. Can you tell me more about your atopic dermatitis and psoriasis? How have your symptoms been lately?

Patient: Well, my atopic dermatitis has been pretty consistent since I was a child. I get dry, itchy patches on my skin, especially on my arms and legs. It's not too bad most of the time, but sometimes it can get pretty uncomfortable. My psoriasis is more recent, and it's mostly on my scalp. I've noticed some flaking and redness, and sometimes it feels tender to the touch.

Physician: I see. Have you noticed any triggers that make your symptoms worse?

Patient: Yes, definitely. My symptoms tend to flare up more during the winter months when it's drier. And if I get stressed or don't moisturize enough, it can make things worse too.

Physician: That's helpful to know. How have you been managing your symptoms? Have you noticed any improvement with your current medications?

Patient: I've been using the triamcinolone cream and methotrexate as prescribed, and they do help. My dermatologist, Dr. Lee, also recommended some lifestyle changes like avoiding harsh soaps and using a humidifier, which have been helpful too. But I'm still concerned about the long-term effects of my conditions, especially since I'm planning to start a family soon.

Physician: I understand your concerns, Renee. It's great that you're thinking ahead. Let's discuss your family history of skin conditions. Your mother has psoriasis, and your father has atopic dermatitis. Have you talked to them about your concerns?

Patient: Yes, I have. They've both been really supportive and encouraged me to take care of my skin. My mom has been dealing with her psoriasis for years, so she's been able to offer some advice and tips on how to manage it.

Physician: That's wonderful. It's always helpful to have a support system. Now, let's talk about your Pap smear and cholesterol screening results. Unfortunately, the results aren't back yet, but we should have them soon. In the meantime, have you noticed any unusual bleeding or discharge?

Patient: No, nothing out of the ordinary.

Physician: Great. We'll follow up on those results as soon as they're available. In the meantime, I'd like to schedule you for a follow-up appointment in a few weeks to check on your progress and discuss any further recommendations. Does that sound good to you?

Patient: Yes, that works for me. Thank you, Dr. Chapman.

Physician: You're welcome, Renee. We'll also make sure to schedule your next appointment with Dr. Lee to ensure you're on track with your skin care management. Have a great day!","Subjective:
Renee reports feeling okay but expresses concerns about her skin conditions, specifically atopic dermatitis and psoriasis. She describes experiencing dry, itchy patches on her skin with occasional discomfort. Renee notes that her symptoms tend to worsen during the winter months and when she is stressed. She mentions using triamcinolone cream and methotrexate as prescribed, along with lifestyle changes recommended by her dermatologist, Dr. Lee. Renee is also worried about the long-term effects of her conditions, especially in relation to starting a family.

Objective:
Renee's skin conditions include atopic dermatitis since childhood and psoriasis diagnosed three years ago. She has been compliant with her medications and has shown improvement in her symptoms. Renee's current medications include triamcinolone acetonide 0.1% cream and methotrexate 15mg tablet. She has no known allergies and has a history of atopic dermatitis and psoriasis in her family. Renee's Pap smear and cholesterol screening results are pending, and she has not experienced any unusual bleeding or discharge.

Assessment:
Renee is managing her skin conditions well with the prescribed medications and lifestyle changes. She is concerned about the long-term impact of her conditions, especially in relation to future family planning. Renee's family history of skin conditions and the support she receives from her parents are beneficial in managing her conditions effectively.

Plan:
Schedule a follow-up appointment in a few weeks to monitor Renee's progress and discuss any further recommendations. Ensure that Renee's next appointment with Dr. Lee, her dermatologist, is scheduled to review her skin care management. Follow up on the pending Pap smear and cholesterol screening results as soon as they are available. Discuss any additional concerns or questions that Renee may have during the next appointment.",physician good morning renee feeling today patient hi dr chapman ive feeling okay wanted follow pap smear cholesterol screening results also concerns skin conditions physician course lets start skin conditions tell atopic dermatitis psoriasis symptoms lately patient well atopic dermatitis pretty consistent since child get dry itchy patches skin especially arms legs bad time sometimes get pretty uncomfortable psoriasis recent mostly scalp ive noticed flaking redness sometimes feels tender touch physician see noticed triggers make symptoms worse patient yes definitely symptoms tend flare winter months drier get stressed dont moisturize enough make things worse physician thats helpful know managing symptoms noticed improvement current medications patient ive using triamcinolone cream methotrexate prescribed help dermatologist dr lee also recommended lifestyle changes like avoiding harsh soaps using humidifier helpful im still concerned longterm effects conditions especially since im planning start family soon physician understand concerns renee great youre thinking ahead lets discuss family history skin conditions mother psoriasis father atopic dermatitis talked concerns patient yes theyve really supportive encouraged take care skin mom dealing psoriasis years shes able offer advice tips manage physician thats wonderful always helpful support system lets talk pap smear cholesterol screening results unfortunately results arent back yet soon meantime noticed unusual bleeding discharge patient nothing ordinary physician great well follow results soon theyre available meantime id like schedule followup appointment weeks check progress discuss recommendations sound good patient yes works thank dr chapman physician youre welcome renee well also make sure schedule next appointment dr lee ensure youre track skin care management great day,subjective renee reports feeling okay expresses concerns skin conditions specifically atopic dermatitis psoriasis describes experiencing dry itchy patches skin occasional discomfort renee notes symptoms tend worsen winter months stressed mentions using triamcinolone cream methotrexate prescribed along lifestyle changes recommended dermatologist dr lee renee also worried longterm effects conditions especially relation starting family objective renees skin conditions include atopic dermatitis since childhood psoriasis diagnosed three years ago compliant medications shown improvement symptoms renees current medications include triamcinolone acetonide 01 cream methotrexate 15mg tablet known allergies history atopic dermatitis psoriasis family renees pap smear cholesterol screening results pending experienced unusual bleeding discharge assessment renee managing skin conditions well prescribed medications lifestyle changes concerned longterm impact conditions especially relation future family planning renees family history skin conditions support receives parents beneficial managing conditions effectively plan schedule followup appointment weeks monitor renees progress discuss recommendations ensure renees next appointment dr lee dermatologist scheduled review skin care management follow pending pap smear cholesterol screening results soon available discuss additional concerns questions renee may next appointment,0.78781545,0.8302096724510193,0.46153846153846156,0.20733249051833125,0.2698612862547289
"

Physician: Good morning, Leslie. How are you feeling today?

Patient: Hi, Dr. Peck. I'm feeling a bit congested, and my nose has been running nonstop. It's been like this for a few weeks now.

Physician: I see. Have you noticed any other symptoms, such as sneezing or difficulty breathing?

Patient: Yes, I've been sneezing a lot, and sometimes I feel like I can't catch my breath. It's like my chest is tightening up.

Physician: I understand. Have you experienced any wheezing or coughing?

Patient: Yeah, I've had a persistent cough, especially at night. It's like my throat is irritated.

Physician: Okay. Have you noticed any triggers that make your symptoms worse, such as exposure to dust, pollen, or pets?

Patient: Well, I've noticed that my symptoms tend to flare up during the spring and fall. I think it might be related to pollen.

Physician: That's a good point. We can definitely explore that further. Have you tried any over-the-counter medications or remedies to alleviate your symptoms?

Patient: I've been using Flonase and Albuterol, just like my allergy specialist recommended. But to be honest, I don't feel like they're working as well as they used to.

Physician: I see. It's possible that your symptoms have become less responsive to those medications over time. We'll need to discuss some alternative options.

Patient: Yeah, I'm worried that my allergies are getting worse. My wife, Martha, has been bugging me to see a specialist again.

Physician: That's understandable. We'll definitely consider a referral to an allergist. In the meantime, I'd like to schedule you for some tests to get a better understanding of your symptoms.

Patient: Sure, whatever it takes to feel better.

Physician: Great. I'm going to order an allergy panel to determine the specific allergens that are causing your symptoms. We'll also perform a lung function test to assess your asthma control. And to rule out any other potential causes, we'll run a nasal swab to check for infections.

Patient: That sounds good. What about my asthma medication? Should I continue using the Albuterol inhaler?

Physician: Yes, please continue using the Albuterol as prescribed. We'll reassess your asthma control once we have the results of the lung function test. If necessary, we can adjust your medication regimen at that time.

Patient: Okay, got it. Thank you, Dr. Peck. I appreciate your help.

Physician: You're welcome, Leslie. We'll get to the bottom of this and find a solution that works for you.","Subjective:
Leslie Harvey reports feeling congested with a persistent runny nose for the past few weeks. He also experiences frequent sneezing, chest tightness, and difficulty breathing, especially at night. Leslie notes a persistent cough and throat irritation. Symptoms worsen during the spring and fall months, potentially triggered by pollen exposure. He expresses concern about the efficacy of his current medications, Flonase and Albuterol, prescribed by his allergist. Leslie's wife, Martha, is worried about his seasonal allergies and suggests seeking additional treatment options.

Objective:
Leslie appears well during the consultation, with no signs of distress. He is cooperative and engaged in the conversation. Physical examination reveals nasal congestion and mild throat redness. Lung auscultation is clear with no wheezing or crackles. Leslie's vital signs are within normal limits. His current medications include Flonase (Nasal Spray) 50mcg, Albuterol Inhaler, and Singulair (Montelukast) 10mg. Allergies to pollen, dust mites, mold, penicillin, and shellfish are noted. Leslie's asthma is well-controlled, with no recent exacerbations.

Assessment:
Leslie Harvey presents with symptoms of allergic rhinitis and asthma exacerbation, likely triggered by seasonal allergies. His current treatment regimen may require adjustment due to decreased symptom control. Referral to an allergist for further evaluation and consideration of alternative treatment options is warranted. Additional diagnostic tests, including an allergy panel, lung function test, and nasal swab for infections, are recommended to guide management.

Plan:
1. Order an allergy panel to identify specific allergens causing symptoms.
2. Perform a lung function test to assess asthma control.
3. Conduct a nasal swab to rule out infections.
4. Consider referral to an allergist for specialized care.
5. Review and potentially adjust current medication regimen based on test results.
6. Schedule follow-up appointments to monitor response to treatment and make necessary modifications.
7. Educate Leslie on symptom management strategies and preventive measures for seasonal allergies.",physician good morning leslie feeling today patient hi dr peck im feeling bit congested nose running nonstop like weeks physician see noticed symptoms sneezing difficulty breathing patient yes ive sneezing lot sometimes feel like cant catch breath like chest tightening physician understand experienced wheezing coughing patient yeah ive persistent cough especially night like throat irritated physician okay noticed triggers make symptoms worse exposure dust pollen pets patient well ive noticed symptoms tend flare spring fall think might related pollen physician thats good point definitely explore tried overthecounter medications remedies alleviate symptoms patient ive using flonase albuterol like allergy specialist recommended honest dont feel like theyre working well used physician see possible symptoms become less responsive medications time well need discuss alternative options patient yeah im worried allergies getting worse wife martha bugging see specialist physician thats understandable well definitely consider referral allergist meantime id like schedule tests get better understanding symptoms patient sure whatever takes feel better physician great im going order allergy panel determine specific allergens causing symptoms well also perform lung function test assess asthma control rule potential causes well run nasal swab check infections patient sounds good asthma medication continue using albuterol inhaler physician yes please continue using albuterol prescribed well reassess asthma control results lung function test necessary adjust medication regimen time patient okay got thank dr peck appreciate help physician youre welcome leslie well get bottom find solution works,subjective leslie harvey reports feeling congested persistent runny nose past weeks also experiences frequent sneezing chest tightness difficulty breathing especially night leslie notes persistent cough throat irritation symptoms worsen spring fall months potentially triggered pollen exposure expresses concern efficacy current medications flonase albuterol prescribed allergist leslies wife martha worried seasonal allergies suggests seeking additional treatment options objective leslie appears well consultation signs distress cooperative engaged conversation physical examination reveals nasal congestion mild throat redness lung auscultation clear wheezing crackles leslies vital signs within normal limits current medications include flonase nasal spray 50mcg albuterol inhaler singulair montelukast 10mg allergies pollen dust mites mold penicillin shellfish noted leslies asthma wellcontrolled recent exacerbations assessment leslie harvey presents symptoms allergic rhinitis asthma exacerbation likely triggered seasonal allergies current treatment regimen may require adjustment due decreased symptom control referral allergist evaluation consideration alternative treatment options warranted additional diagnostic tests including allergy panel lung function test nasal swab infections recommended guide management plan 1 order allergy panel identify specific allergens causing symptoms 2 perform lung function test assess asthma control 3 conduct nasal swab rule infections 4 consider referral allergist specialized care 5 review potentially adjust current medication regimen based test results 6 schedule followup appointments monitor response treatment make necessary modifications 7 educate leslie symptom management strategies preventive measures seasonal allergies,0.78358614,0.8406400680541992,0.3638814016172507,0.11621621621621621,0.18867924528301885
"
Physician: Good morning, Mr. Medina. How are you feeling today?

Patient: Hi, Dr. Perkins. I'm not feeling too great, to be honest. I've had a cold for the past few days, and I'm feeling pretty miserable.

Physician: Sorry to hear that. Can you tell me more about your symptoms? When did you first start feeling unwell?

Patient: Well, it started with a sore throat and some congestion about three days ago. Since then, I've had a runny nose, cough, and my energy levels have been really low. I've also had some headaches and a bit of body aches.

Physician: I see. Have you had any fever or chills?

Patient: Yes, I had a low-grade fever the first two days, but it's gone down now. No chills though.

Physician: Okay, that's good. Have you noticed any shortness of breath or wheezing?

Patient: A little bit of wheezing, but it's not too bad.

Physician: All right. Have you tried any over-the-counter medications or remedies?

Patient: Yes, I've been taking some decongestants and antihistamines, but they don't seem to be doing much.

Physician: I understand. Have you had any changes in your appetite or sleep patterns?

Patient: Yes, I've been having a bit of trouble sleeping at night because of the congestion and coughing. And to be honest, I haven't had much of an appetite lately.

Physician: I see. Have you experienced any nausea or vomiting?

Patient: No, nothing like that. Just a general feeling of being unwell.

Physician: Okay. Have you had any recent travel or been exposed to anyone with similar symptoms?

Patient: No, nothing recent. My daughter has a cold, but she's been dealing with it for a few weeks now.

Physician: All right. I'm going to order a few tests to check your blood work and make sure there's nothing else going on. In the meantime, I'd like to prescribe you some medication to help with your symptoms. Would that be okay with you?

Patient: Sure, whatever you think will help.

Physician: Great. I'm going to prescribe you an antiviral medication to help with the cold symptoms, as well as a nasal decongestant and an inhaler to help with the congestion. I'd also like to schedule a follow-up appointment for next week to check in on you and see how you're doing. Does that sound good to you?

Patient: Yes, that sounds good. Thank you, Dr. Perkins.

Physician: You're welcome, Mr. Medina. I'll have the nurse come in with the prescriptions and some more information on how to use the medications. Feel free to reach out to us if you have any questions or concerns before the follow-up appointment.

Patient: Thank you. I appreciate it.","SOAP Note:

Subjective:
Mr. Medina presents with symptoms of a common cold, including sore throat, congestion, runny nose, cough, low energy levels, headaches, and body aches. He reports a low-grade fever for the first two days, now resolved, and mild wheezing. Mr. Medina has been taking over-the-counter decongestants and antihistamines with minimal relief. He also notes trouble sleeping due to congestion and coughing, as well as decreased appetite. No nausea or vomiting reported. Patient denies recent travel or exposure to sick contacts, except for his daughter who has been ill for a few weeks.

Objective:
Vital signs stable. Physical exam reveals nasal congestion, mild wheezing, and decreased breath sounds. No signs of respiratory distress. Patient appears fatigued but alert. No fever noted. No signs of dehydration. Patient's spouse reports decreased appetite. Patient's daughter offers assistance with grocery shopping and meal preparation.

Assessment:
Mr. Medina is currently experiencing symptoms consistent with a common cold. No signs of complications or secondary infections at this time. Patient's fatigue and decreased appetite may be contributing to his overall discomfort.

Plan:
1. Prescribe antiviral medication for cold symptoms.
2. Prescribe nasal decongestant and inhaler for congestion.
3. Schedule follow-up appointment for next week to monitor progress.
4. Educate patient on medication usage and provide written instructions.
5. Encourage rest, hydration, and over-the-counter remedies as needed.
6. Advise patient to contact the clinic with any questions or concerns before the follow-up appointment.",physician good morning mr medina feeling today patient hi dr perkins im feeling great honest ive cold past days im feeling pretty miserable physician sorry hear tell symptoms first start feeling unwell patient well started sore throat congestion three days ago since ive runny nose cough energy levels really low ive also headaches bit body aches physician see fever chills patient yes lowgrade fever first two days gone chills though physician okay thats good noticed shortness breath wheezing patient little bit wheezing bad physician right tried overthecounter medications remedies patient yes ive taking decongestants antihistamines dont seem much physician understand changes appetite sleep patterns patient yes ive bit trouble sleeping night congestion coughing honest havent much appetite lately physician see experienced nausea vomiting patient nothing like general feeling unwell physician okay recent travel exposed anyone similar symptoms patient nothing recent daughter cold shes dealing weeks physician right im going order tests check blood work make sure theres nothing else going meantime id like prescribe medication help symptoms would okay patient sure whatever think help physician great im going prescribe antiviral medication help cold symptoms well nasal decongestant inhaler help congestion id also like schedule followup appointment next week check see youre sound good patient yes sounds good thank dr perkins physician youre welcome mr medina ill nurse come prescriptions information use medications feel free reach us questions concerns followup appointment patient thank appreciate,soap note subjective mr medina presents symptoms common cold including sore throat congestion runny nose cough low energy levels headaches body aches reports lowgrade fever first two days resolved mild wheezing mr medina taking overthecounter decongestants antihistamines minimal relief also notes trouble sleeping due congestion coughing well decreased appetite nausea vomiting reported patient denies recent travel exposure sick contacts except daughter ill weeks objective vital signs stable physical exam reveals nasal congestion mild wheezing decreased breath sounds signs respiratory distress patient appears fatigued alert fever noted signs dehydration patients spouse reports decreased appetite patients daughter offers assistance grocery shopping meal preparation assessment mr medina currently experiencing symptoms consistent common cold signs complications secondary infections time patients fatigue decreased appetite may contributing overall discomfort plan 1 prescribe antiviral medication cold symptoms 2 prescribe nasal decongestant inhaler congestion 3 schedule followup appointment next week monitor progress 4 educate patient medication usage provide written instructions 5 encourage rest hydration overthecounter remedies needed 6 advise patient contact clinic questions concerns followup appointment,0.8378809,0.8201819062232971,0.3464052287581699,0.1278688524590164,0.23529411764705882
"
Physician: Good morning, Mr. Murphy. How are you feeling today?

Patient: (coughing) Not great, doc. I've had this flu bug going around, and it's been kicking my butt.

Physician: I see. Can you tell me more about your symptoms? When did you first start feeling unwell?

Patient: (sneezing) Let's see... I think it was last Wednesday. I had a fever, chills, and my body ached all over. I just felt exhausted and couldn't shake it off.

Physician: Have you had any respiratory symptoms like a cough or congestion?

Patient: Oh, yeah. My chest has been feeling heavy, and I've had this persistent cough. It's been keeping me up at night.

Physician: I understand. Have you noticed any shortness of breath or wheezing?

Patient: A little bit, especially when I exert myself. It's not severe, but it's definitely there.

Physician: Okay. Have you had any nausea, vomiting, or diarrhea?

Patient: No, nothing like that. Just a lot of sneezing and a runny nose.

Physician: All right. Let's talk about your medical history. I see that you have hypertension and diabetes. How have you been managing those conditions?

Patient: Well, I've been trying to eat better and exercise more. I take my medications as prescribed, but I'm not sure if I've been doing everything I need to. My diabetes has been a bit out of control lately.

Physician: I see. Have you noticed any changes in your urination habits or increased thirst?

Patient: Yeah, I've been peeing a lot more often, especially at night. And I've been feeling thirsty all the time.

Physician: That's helpful information. Have you experienced any chest pain, dizziness, or lightheadedness?

Patient: No, nothing like that. Just the usual fatigue and weakness from the flu.

Physician: Okay. I'm going to order a few tests to check your blood sugar levels, kidney function, and to rule out any other infections. In the meantime, I'd like to prescribe you an antiviral medication to help manage your flu symptoms. Does that sound good to you?

Patient: Yes, please. I just want to feel better.

Physician: Great. I'll also recommend that you follow up with your primary care physician for further evaluation and management of your diabetes and hypertension. We'll work together to make sure you're on the right track.

Patient: Sounds good to me. Thank you, doc.

Physician: You're welcome, Mr. Murphy. We'll get you feeling better in no time.","Subjective:
Mr. Murphy presents with symptoms of the flu, including fever, chills, body aches, exhaustion, chest heaviness, persistent cough, and mild shortness of breath. He denies nausea, vomiting, or diarrhea. He reports increased urination, thirst, and difficulty controlling his diabetes. Mr. Murphy expresses concern about his overall health and wants to feel better.

Objective:
Mr. Murphy appears fatigued and has a persistent cough. Vital signs show an elevated temperature. Physical examination reveals no signs of respiratory distress. Laboratory tests are ordered to assess blood sugar levels, kidney function, and rule out other infections.

Assessment:
Mr. Murphy is experiencing flu-like symptoms and uncontrolled diabetes. His hypertension is well-controlled. Further evaluation is needed to determine the extent of his illness and to optimize his diabetes management. Antiviral medication is prescribed to manage flu symptoms.

Plan:
1. Order laboratory tests to assess blood sugar levels, kidney function, and rule out other infections.
2. Prescribe antiviral medication for flu symptoms.
3. Recommend follow-up with primary care physician for further evaluation and management of diabetes and hypertension.
4. Collaborate with the care team to ensure Mr. Murphy's overall health and well-being.",physician good morning mr murphy feeling today patient coughing great doc ive flu bug going around kicking butt physician see tell symptoms first start feeling unwell patient sneezing lets see think last wednesday fever chills body ached felt exhausted couldnt shake physician respiratory symptoms like cough congestion patient oh yeah chest feeling heavy ive persistent cough keeping night physician understand noticed shortness breath wheezing patient little bit especially exert severe definitely physician okay nausea vomiting diarrhea patient nothing like lot sneezing runny nose physician right lets talk medical history see hypertension diabetes managing conditions patient well ive trying eat better exercise take medications prescribed im sure ive everything need diabetes bit control lately physician see noticed changes urination habits increased thirst patient yeah ive peeing lot often especially night ive feeling thirsty time physician thats helpful information experienced chest pain dizziness lightheadedness patient nothing like usual fatigue weakness flu physician okay im going order tests check blood sugar levels kidney function rule infections meantime id like prescribe antiviral medication help manage flu symptoms sound good patient yes please want feel better physician great ill also recommend follow primary care physician evaluation management diabetes hypertension well work together make sure youre right track patient sounds good thank doc physician youre welcome mr murphy well get feeling better time,subjective mr murphy presents symptoms flu including fever chills body aches exhaustion chest heaviness persistent cough mild shortness breath denies nausea vomiting diarrhea reports increased urination thirst difficulty controlling diabetes mr murphy expresses concern overall health wants feel better objective mr murphy appears fatigued persistent cough vital signs show elevated temperature physical examination reveals signs respiratory distress laboratory tests ordered assess blood sugar levels kidney function rule infections assessment mr murphy experiencing flulike symptoms uncontrolled diabetes hypertension wellcontrolled evaluation needed determine extent illness optimize diabetes management antiviral medication prescribed manage flu symptoms plan 1 order laboratory tests assess blood sugar levels kidney function rule infections 2 prescribe antiviral medication flu symptoms 3 recommend followup primary care physician evaluation management diabetes hypertension 4 collaborate care team ensure mr murphys overall health wellbeing,0.7692874,0.8297944664955139,0.38997214484679665,0.1424581005586592,0.2562674094707521
"
Physician: Good morning, Ms. Caldwell. How are you feeling today?

Patient: Hi, Dr. Chavez. I've been feeling pretty terrible lately. I've had constant nausea, vomiting, and abdominal pain. It's been going on for a few weeks now, and it's been getting worse.

Physician: I see. Can you tell me more about your nausea and vomiting? How often do you experience it, and is it accompanied by any other symptoms?

Patient: I feel nauseous almost every day, especially in the morning. Sometimes it's so bad that I can't even eat breakfast. And yes, it's usually followed by abdominal pain and diarrhea.

Physician: I understand. Have you noticed any triggers that make your symptoms worse, such as certain foods or stress?

Patient: Stress definitely makes it worse. I've been working a lot of overtime lately, and I think that's contributed to my symptoms. As for food, I'm not sure. I've been eating a lot of fast food and processed stuff because I don't have much time to cook. Maybe that's not helping?

Physician: That's a good point. We'll definitely want to look into your diet and see if there are any changes we can make to help alleviate your symptoms. Have you noticed any other symptoms, such as fever, bloating, or blood in your stool?

Patient: No, I don't think so. Just the nausea, vomiting, and abdominal pain. Oh, and sometimes I get a headache too.

Physician: Okay, that's helpful. Have you had any recent changes in your medications or supplements? And have you noticed any new allergies or sensitivities?

Patient: No, nothing's changed with my meds or supplements. And I don't think I have any new allergies. I did have a reaction to penicillin a few years ago, but that's about it.

Physician: Got it. I'm going to order some tests to help us get a better understanding of what's going on. We'll do a stool sample to check for any infections or inflammation, and we'll also run some blood tests to look at your liver and pancreas function, as well as your thyroid levels. In the meantime, I'd like to recommend some dietary changes. Have you considered trying a low-FODMAP diet? It's a type of diet that can help with IBS symptoms.

Patient: No, I haven't heard of that. But I'm willing to try anything at this point.

Physician: Great. I'll have my nurse give you some information on low-FODMAP and some recipe ideas. In the meantime, I'd like to schedule you for a follow-up appointment in two weeks to review your test results and see how you're doing with the diet changes. Does that sound good to you?

Patient: Yes, that works for me. Thank you, Dr. Chavez. I really appreciate your help.

Physician: Of course, Ms. Caldwell. We'll get to the bottom of this and figure out a plan to help you feel better.","Subjective:
Ms. Caldwell reports feeling terrible lately with constant nausea, vomiting, and abdominal pain that has been worsening over the past few weeks. She notes experiencing nausea almost daily, especially in the morning, accompanied by abdominal pain, diarrhea, and occasional headaches. Stress from work and a diet high in fast food due to lack of time for cooking may be contributing factors.

Objective:
Ms. Caldwell appears alert and oriented during the appointment. She denies fever, bloating, or blood in her stool. No recent changes in medications or supplements have occurred, and she reports a past allergic reaction to penicillin. The physician plans to order a stool sample and blood tests to investigate further. Dietary changes, including a low-FODMAP diet, are recommended to address IBS symptoms.

Assessment:
Ms. Caldwell presents with chronic symptoms of GERD and IBS, including nausea, vomiting, abdominal pain, and diarrhea. Stress and poor dietary choices may exacerbate her condition. Further testing is needed to assess for infections, inflammation, and organ function. A low-FODMAP diet is suggested to manage IBS symptoms.

Plan:
1. Order stool sample and blood tests to investigate symptoms.
2. Provide information on low-FODMAP diet and recipe ideas.
3. Schedule a follow-up appointment in two weeks to review test results and assess dietary changes.
4. Encourage Ms. Caldwell to monitor stress levels and prioritize self-care practices.
5. Collaborate with the gastroenterologist and dietitian to optimize treatment and symptom management.",physician good morning ms caldwell feeling today patient hi dr chavez ive feeling pretty terrible lately ive constant nausea vomiting abdominal pain going weeks getting worse physician see tell nausea vomiting often experience accompanied symptoms patient feel nauseous almost every day especially morning sometimes bad cant even eat breakfast yes usually followed abdominal pain diarrhea physician understand noticed triggers make symptoms worse certain foods stress patient stress definitely makes worse ive working lot overtime lately think thats contributed symptoms food im sure ive eating lot fast food processed stuff dont much time cook maybe thats helping physician thats good point well definitely want look diet see changes make help alleviate symptoms noticed symptoms fever bloating blood stool patient dont think nausea vomiting abdominal pain oh sometimes get headache physician okay thats helpful recent changes medications supplements noticed new allergies sensitivities patient nothings changed meds supplements dont think new allergies reaction penicillin years ago thats physician got im going order tests help us get better understanding whats going well stool sample check infections inflammation well also run blood tests look liver pancreas function well thyroid levels meantime id like recommend dietary changes considered trying lowfodmap diet type diet help ibs symptoms patient havent heard im willing try anything point physician great ill nurse give information lowfodmap recipe ideas meantime id like schedule followup appointment two weeks review test results see youre diet changes sound good patient yes works thank dr chavez really appreciate help physician course ms caldwell well get bottom figure plan help feel better,subjective ms caldwell reports feeling terrible lately constant nausea vomiting abdominal pain worsening past weeks notes experiencing nausea almost daily especially morning accompanied abdominal pain diarrhea occasional headaches stress work diet high fast food due lack time cooking may contributing factors objective ms caldwell appears alert oriented appointment denies fever bloating blood stool recent changes medications supplements occurred reports past allergic reaction penicillin physician plans order stool sample blood tests investigate dietary changes including lowfodmap diet recommended address ibs symptoms assessment ms caldwell presents chronic symptoms gerd ibs including nausea vomiting abdominal pain diarrhea stress poor dietary choices may exacerbate condition testing needed assess infections inflammation organ function lowfodmap diet suggested manage ibs symptoms plan 1 order stool sample blood tests investigate symptoms 2 provide information lowfodmap diet recipe ideas 3 schedule followup appointment two weeks review test results assess dietary changes 4 encourage ms caldwell monitor stress levels prioritize selfcare practices 5 collaborate gastroenterologist dietitian optimize treatment symptom management,0.8069278,0.834311842918396,0.392,0.15775401069518716,0.26666666666666666
"
Physician: Good morning, Dolores. How are you feeling today?

Patient: Hi, Dr. Kuhn. I'm doing okay, I guess. I've been feeling a bit down lately, and my anxiety has been pretty persistent.

Physician: Sorry to hear that. Can you tell me more about your feelings of sadness? What are some of the thoughts or situations that trigger these emotions?

Patient: Well, I've been having trouble sleeping at night, and I find myself worrying about work and finances a lot. Sometimes, I feel like I'm just stuck in a rut, and I don't know how to get out of it.

Physician: I see. Have you experienced any changes in your appetite or energy levels recently?

Patient: Yeah, I've definitely been feeling more fatigued than usual. And as for appetite, I've been eating a bit less than usual, I think.

Physician: Okay. And how has your anxiety been affecting you? Are you experiencing any physical symptoms like tremors, tension headaches, or shortness of breath?

Patient: Yes, I get tension headaches pretty frequently, and I feel like my heart is racing all the time. Sometimes, I have trouble concentrating because my mind keeps racing.

Physician: I understand. Have you noticed any triggers that make your anxiety worse, such as certain situations or stressors?

Patient: Like I mentioned before, work and financial stress seem to be the main triggers. Oh, and I've also been avoiding social situations because they make me feel anxious.

Physician: That's helpful to know. Now, have you experienced any significant changes in your mood or behavior recently? For instance, have you noticed any irritability, apathy, or withdrawal from activities you used to enjoy?

Patient: Yes, I have been feeling pretty irritable lately, especially with my family. And I've definitely been withdrawing from social activities. I just don't feel like myself anymore.

Physician: Dolores, it sounds like you're experiencing some significant symptoms of depression and anxiety. I want to make sure that we address these issues properly. Let's start by discussing your medication regimen. Have you noticed any changes in your symptoms since starting the current medications?

Patient: Honestly, I'm not sure. I feel like the medications help a bit, but my symptoms still feel pretty severe.

Physician: I see. We may need to consider adjusting your medication dosages or exploring additional therapies to help manage your symptoms better. In the meantime, I'd like to recommend some lifestyle changes that could help improve your mental health. Have you considered engaging in relaxation techniques such as deep breathing, meditation, or yoga?

Patient: I've tried some deep breathing exercises before, but I'm not sure if I'm doing them right.

Physician: That's a great start! I can recommend some resources for guided relaxation exercises that you can try at home. Additionally, I think it would be beneficial for you to see a therapist regularly to address the underlying issues contributing to your depression and anxiety. Would you be open to that?

Patient: Yes, I think that could help. Thank you, Dr. Kuhn.

Physician: You're welcome, Dolores. I'm going to work on getting you set up with a therapist, and we'll monitor your progress closely. Let's schedule a follow-up appointment for two weeks from now to reassess your symptoms and medication regimen. Does that sound good to you?

Patient: Yes, that works for me. Thank you, Dr. Kuhn.

Physician: Of course, Dolores. We'll work together to get you feeling better.","Subjective:
Dolores reports feeling down and experiencing persistent anxiety. She mentions trouble sleeping, worries about work and finances, and feeling stuck in a rut. She also notes increased fatigue, decreased appetite, tension headaches, racing heart, and difficulty concentrating. Dolores identifies work and financial stress as triggers for her anxiety and mentions irritability, withdrawal from social activities, and feeling unlike herself.

Objective:
Dolores appears alert and engaged during the appointment. She reports occasional sleep disturbances and stress but has been managing her anxiety disorder and depression well with her current medication regimen. No signs of acute distress or physical abnormalities are noted. Vital signs are within normal limits.

Assessment:
Dolores presents with symptoms consistent with depression and anxiety, including mood changes, physical symptoms, and behavioral changes. While her current medication regimen has provided some relief, her symptoms remain severe. Additional therapies, lifestyle changes, and regular therapy sessions are recommended to address the underlying issues contributing to her mental health concerns.

Plan:
1. Adjust medication dosages or explore additional therapies to better manage symptoms.
2. Recommend engaging in relaxation techniques such as deep breathing, meditation, or yoga.
3. Refer Dolores to a therapist for regular sessions to address underlying issues.
4. Provide resources for guided relaxation exercises to practice at home.
5. Schedule a follow-up appointment in two weeks to reassess symptoms and medication regimen.
6. Monitor Dolores closely for progress and adjust treatment plan as needed.",physician good morning dolores feeling today patient hi dr kuhn im okay guess ive feeling bit lately anxiety pretty persistent physician sorry hear tell feelings sadness thoughts situations trigger emotions patient well ive trouble sleeping night find worrying work finances lot sometimes feel like im stuck rut dont know get physician see experienced changes appetite energy levels recently patient yeah ive definitely feeling fatigued usual appetite ive eating bit less usual think physician okay anxiety affecting experiencing physical symptoms like tremors tension headaches shortness breath patient yes get tension headaches pretty frequently feel like heart racing time sometimes trouble concentrating mind keeps racing physician understand noticed triggers make anxiety worse certain situations stressors patient like mentioned work financial stress seem main triggers oh ive also avoiding social situations make feel anxious physician thats helpful know experienced significant changes mood behavior recently instance noticed irritability apathy withdrawal activities used enjoy patient yes feeling pretty irritable lately especially family ive definitely withdrawing social activities dont feel like anymore physician dolores sounds like youre experiencing significant symptoms depression anxiety want make sure address issues properly lets start discussing medication regimen noticed changes symptoms since starting current medications patient honestly im sure feel like medications help bit symptoms still feel pretty severe physician see may need consider adjusting medication dosages exploring additional therapies help manage symptoms better meantime id like recommend lifestyle changes could help improve mental health considered engaging relaxation techniques deep breathing meditation yoga patient ive tried deep breathing exercises im sure im right physician thats great start recommend resources guided relaxation exercises try home additionally think would beneficial see therapist regularly address underlying issues contributing depression anxiety would open patient yes think could help thank dr kuhn physician youre welcome dolores im going work getting set therapist well monitor progress closely lets schedule followup appointment two weeks reassess symptoms medication regimen sound good patient yes works thank dr kuhn physician course dolores well work together get feeling better,subjective dolores reports feeling experiencing persistent anxiety mentions trouble sleeping worries work finances feeling stuck rut also notes increased fatigue decreased appetite tension headaches racing heart difficulty concentrating dolores identifies work financial stress triggers anxiety mentions irritability withdrawal social activities feeling unlike objective dolores appears alert engaged appointment reports occasional sleep disturbances stress managing anxiety disorder depression well current medication regimen signs acute distress physical abnormalities noted vital signs within normal limits assessment dolores presents symptoms consistent depression anxiety including mood changes physical symptoms behavioral changes current medication regimen provided relief symptoms remain severe additional therapies lifestyle changes regular therapy sessions recommended address underlying issues contributing mental health concerns plan 1 adjust medication dosages explore additional therapies better manage symptoms 2 recommend engaging relaxation techniques deep breathing meditation yoga 3 refer dolores therapist regular sessions address underlying issues 4 provide resources guided relaxation exercises practice home 5 schedule followup appointment two weeks reassess symptoms medication regimen 6 monitor dolores closely progress adjust treatment plan needed,0.75211716,0.8335217237472534,0.3254901960784313,0.10629921259842519,0.19215686274509805
"
Physician: Good morning, Ms. Olson. How are you feeling today?

Patient: (coughing) Not too bad, Dr. Flores. Just a bit congested and my chest has been feeling tight.

Physician: I see. Can you tell me more about your symptoms? When did you first start experiencing them?

Patient: (coughing) Well, it started a few weeks ago. I noticed I was getting congested and my chest would feel tight, especially in the mornings. It's been getting worse since then.

Physician: Okay. Have you noticed any other symptoms? Like shortness of breath, wheezing, or fatigue?

Patient: (coughing) Yes, I have been feeling a bit winded when I walk upstairs or do any physical activity. And I have been feeling tired more easily lately.

Physician: I understand. Have you had any recent changes in your environment that could be contributing to your symptoms? Like new pets, carpets, or strong cleaning products?

Patient: (coughing) No, nothing like that. But I have been spending more time outdoors in my garden lately. Could that be a factor?

Physician: It's possible. Pollen counts have been high this time of year. Have you noticed any relief or worsening of symptoms depending on the time of day or your location?

Patient: (coughing) Actually, yes. My symptoms seem to be worse in the mornings and evenings, and when I'm outside.

Physician: That's helpful to know. Have you been taking your medications as prescribed?

Patient: (coughing) Yes, I have. But I'm not sure if they're working as well as they should be.

Physician: I see. We'll need to assess your symptoms further and possibly adjust your treatment plan. In the meantime, I recommend you continue taking your medications as prescribed and avoid any triggers that may be exacerbating your symptoms. We'll also schedule you for a follow-up appointment in a few weeks to monitor your progress.

Patient: (coughing) Okay, that sounds good. Thank you, Dr. Flores.

Physician: You're welcome, Ms. Olson. We'll work together to get your symptoms under control.","Subjective:
Ms. Olson reports feeling congested and experiencing tightness in her chest for the past few weeks. She notes increased symptoms in the mornings and evenings, as well as during outdoor activities. She also mentions feeling winded with physical exertion and increased fatigue.

Objective:
Ms. Olson presents with a cough during the conversation. Vital signs are within normal limits. No signs of respiratory distress are noted. Patient appears alert and oriented. No acute distress observed.

Assessment:
Ms. Olson's respiratory allergies appear to be exacerbating, with symptoms impacting her daily activities. Further evaluation of her treatment plan is warranted to address her worsening symptoms and potential triggers.

Plan:
1. Review and potentially adjust Ms. Olson's current medication regimen for respiratory allergies.
2. Advise Ms. Olson to continue taking her medications as prescribed and avoid potential triggers.
3. Schedule a follow-up appointment in a few weeks to monitor symptom improvement and treatment effectiveness.
4. Coordinate with Dr. Maria Rodriguez to ensure continuity of care for Ms. Olson's respiratory allergies.",physician good morning ms olson feeling today patient coughing bad dr flores bit congested chest feeling tight physician see tell symptoms first start experiencing patient coughing well started weeks ago noticed getting congested chest would feel tight especially mornings getting worse since physician okay noticed symptoms like shortness breath wheezing fatigue patient coughing yes feeling bit winded walk upstairs physical activity feeling tired easily lately physician understand recent changes environment could contributing symptoms like new pets carpets strong cleaning products patient coughing nothing like spending time outdoors garden lately could factor physician possible pollen counts high time year noticed relief worsening symptoms depending time day location patient coughing actually yes symptoms seem worse mornings evenings im outside physician thats helpful know taking medications prescribed patient coughing yes im sure theyre working well physician see well need assess symptoms possibly adjust treatment plan meantime recommend continue taking medications prescribed avoid triggers may exacerbating symptoms well also schedule followup appointment weeks monitor progress patient coughing okay sounds good thank dr flores physician youre welcome ms olson well work together get symptoms control,subjective ms olson reports feeling congested experiencing tightness chest past weeks notes increased symptoms mornings evenings well outdoor activities also mentions feeling winded physical exertion increased fatigue objective ms olson presents cough conversation vital signs within normal limits signs respiratory distress noted patient appears alert oriented acute distress observed assessment ms olsons respiratory allergies appear exacerbating symptoms impacting daily activities evaluation treatment plan warranted address worsening symptoms potential triggers plan 1 review potentially adjust ms olsons current medication regimen respiratory allergies 2 advise ms olson continue taking medications prescribed avoid potential triggers 3 schedule followup appointment weeks monitor symptom improvement treatment effectiveness 4 coordinate dr maria rodriguez ensure continuity care ms olsons respiratory allergies,0.7915206,0.8280358910560608,0.46511627906976744,0.23319615912208505,0.34473324213406287
"
Physician: Good morning, Debbie. How are you feeling today?

Patient: Not too bad, but I've been experiencing some pretty severe headaches lately.

Physician: I see. Can you tell me more about these headaches? When did they start, and how often do you get them?

Patient: They started about two years ago, and I get them pretty regularly - at least once or twice a week.

Physician: Okay. And what's the severity of the pain like? Is it a dull ache or a sharp, stabbing pain?

Patient: It's a mix of both, actually. It starts as a dull ache, and then it gradually becomes sharper and more intense.

Physician: I understand. And how long do these headaches typically last?

Patient: They can last anywhere from a few hours to an entire day.

Physician: Have you noticed any triggers that seem to set off the headaches?

Patient: Well, I've been under a lot of stress at work lately, and I've noticed that the headaches tend to be worse when I'm feeling particularly stressed or anxious.

Physician: That's helpful information. Have you experienced any other symptoms aside from the headaches?

Patient: Yes, I've been feeling really fatigued lately, and I've noticed some numbness and tingling in my arms and legs.

Physician: Okay. And have you had any changes in your vision, balance, or speech?

Patient: No, nothing like that.

Physician: Good. Now, I understand that you've been diagnosed with hypertension and obesity in the past. Have you noticed any changes in your blood pressure or weight recently?

Patient: Yes, actually. My blood pressure has been a bit higher than usual lately, and I've gained a few pounds over the past year.

Physician: I see. And have you experienced any shortness of breath, chest pain, or swelling in your legs?

Patient: No, nothing like that.

Physician: Okay. Debbie, based on what you've shared with me today, it's possible that your headaches could be related to your hypertension or stress levels. I'd like to recommend a few things to help manage your symptoms.

Patient: Sure, that sounds good.

Physician: First, I'd like to refer you to a physical therapist who can help you develop some relaxation techniques and exercises to reduce stress and tension. Additionally, we can consider adjusting your hypertension medication to better control your blood pressure. And given your history of obesity, we may want to explore lifestyle modifications such as diet and exercise to help you achieve a healthier weight.

Patient: That sounds like a good plan.

Physician: Great. I'll also order some blood work to check your blood sugar and cholesterol levels, as well as a mammogram and Pap smear since they're due soon. And we'll make sure to schedule a follow-up appointment to monitor your progress and adjust your treatment plan as needed.

Patient: Sounds good. Thank you, doctor.

Physician: You're welcome, Debbie. We'll work together to get you feeling better.","Subjective:
Debbie reports experiencing severe headaches that started two years ago, occurring once or twice a week. She describes the pain as a mix of dull ache and sharp, stabbing pain, lasting for a few hours to a day. Debbie notes that stress at work exacerbates the headaches. She also mentions feeling fatigued and experiencing numbness and tingling in her arms and legs.

Objective:
Debbie presents with no changes in vision, balance, or speech. She reports higher blood pressure and weight gain over the past year. Physical examination reveals no shortness of breath, chest pain, or leg swelling. Debbie's neurologist suspects tension-type headaches due to stress and recommends stress management techniques and physical therapy.

Assessment:
Debbie's symptoms suggest tension-type headaches possibly related to hypertension and stress. Further evaluation of blood pressure, blood sugar, and cholesterol levels is warranted. Lifestyle modifications, including relaxation techniques, exercise, and dietary changes, may help manage her symptoms and achieve a healthier weight.

Plan:
1. Referral to a physical therapist for relaxation techniques and exercises to reduce stress and tension.
2. Consideration of adjusting hypertension medication to better control blood pressure.
3. Lifestyle modifications focusing on diet and exercise to address obesity.
4. Blood work to assess blood sugar and cholesterol levels.
5. Scheduling mammogram and Pap smear screenings.
6. Follow-up appointment to monitor progress and adjust treatment plan as needed.",physician good morning debbie feeling today patient bad ive experiencing pretty severe headaches lately physician see tell headaches start often get patient started two years ago get pretty regularly least twice week physician okay whats severity pain like dull ache sharp stabbing pain patient mix actually starts dull ache gradually becomes sharper intense physician understand long headaches typically last patient last anywhere hours entire day physician noticed triggers seem set headaches patient well ive lot stress work lately ive noticed headaches tend worse im feeling particularly stressed anxious physician thats helpful information experienced symptoms aside headaches patient yes ive feeling really fatigued lately ive noticed numbness tingling arms legs physician okay changes vision balance speech patient nothing like physician good understand youve diagnosed hypertension obesity past noticed changes blood pressure weight recently patient yes actually blood pressure bit higher usual lately ive gained pounds past year physician see experienced shortness breath chest pain swelling legs patient nothing like physician okay debbie based youve shared today possible headaches could related hypertension stress levels id like recommend things help manage symptoms patient sure sounds good physician first id like refer physical therapist help develop relaxation techniques exercises reduce stress tension additionally consider adjusting hypertension medication better control blood pressure given history obesity may want explore lifestyle modifications diet exercise help achieve healthier weight patient sounds like good plan physician great ill also order blood work check blood sugar cholesterol levels well mammogram pap smear since theyre due soon well make sure schedule followup appointment monitor progress adjust treatment plan needed patient sounds good thank doctor physician youre welcome debbie well work together get feeling better,subjective debbie reports experiencing severe headaches started two years ago occurring twice week describes pain mix dull ache sharp stabbing pain lasting hours day debbie notes stress work exacerbates headaches also mentions feeling fatigued experiencing numbness tingling arms legs objective debbie presents changes vision balance speech reports higher blood pressure weight gain past year physical examination reveals shortness breath chest pain leg swelling debbies neurologist suspects tensiontype headaches due stress recommends stress management techniques physical therapy assessment debbies symptoms suggest tensiontype headaches possibly related hypertension stress evaluation blood pressure blood sugar cholesterol levels warranted lifestyle modifications including relaxation techniques exercise dietary changes may help manage symptoms achieve healthier weight plan 1 referral physical therapist relaxation techniques exercises reduce stress tension 2 consideration adjusting hypertension medication better control blood pressure 3 lifestyle modifications focusing diet exercise address obesity 4 blood work assess blood sugar cholesterol levels 5 scheduling mammogram pap smear screenings 6 followup appointment monitor progress adjust treatment plan needed,0.7714118,0.8435866832733154,0.3801452784503632,0.14563106796116504,0.22276029055690072
"
Physician: Good morning, Hazel. How are you feeling today?

Patient: Good morning, Dr. Hale. I've been feeling a bit under the weather lately. I've had a persistent cough and my joints have been aching more than usual.

Physician: I see. Can you tell me more about your cough? Is it dry or productive? Have you noticed any chest tightness or shortness of breath?

Patient: It's a dry cough, mostly in the mornings and evenings. I haven't noticed any chest tightness or shortness of breath, but my throat has been feeling scratchy.

Physician: Okay. Have you had any recent upper respiratory infections or allergies that could be contributing to your symptoms?

Patient: No, nothing recent. But I do have a history of seasonal allergies. Could that be playing a role?

Physician: It's possible. Let's take a closer look at your medication list. I see that you're taking Lisinopril for your hypertension. Are you taking it as directed?

Patient: Yes, I take it every morning.

Physician: Great. And how's your blood pressure been? Have you noticed any changes?

Patient: To be honest, I haven't checked it recently. But I do know that it's been running a bit high in the past.

Physician: I see. We should probably check it today and consider adjusting your medication if necessary. Now, let's turn our attention to your joint pain. Can you tell me which joints are affected and how would you describe the pain?

Patient: My knees and hips mostly. The pain is a dull ache, especially after I've been walking or standing for a while. It's not excruciating, but it's definitely uncomfortable.

Physician: Understood. Have you noticed any swelling or redness in the affected joints?

Patient: No, nothing like that. Just the aching sensation.

Physician: Okay. Given your history of osteoarthritis, it's likely that this pain is related to that. We can discuss some treatment options for managing the discomfort. Have you tried any new medications or supplements recently?

Patient: No, I haven't. But I have been considering trying some glucosamine and chondroitin. I've heard it can help with joint health.

Physician: That's a good idea. There's some evidence to suggest that it can help alleviate symptoms of osteoarthritis. We can talk more about that and potentially start you on a trial.

Patient: Sounds good.

Physician: Great. I'm also going to order some lab tests to check your liver and kidney function, given your history of hypertension and the medication you're taking. And we'll make sure to schedule a follow-up appointment to review the results and discuss any necessary adjustments to your treatment plan.

Patient: That sounds like a plan. Thank you, Dr. Hale.

Physician: You're welcome, Hazel. We'll take good care of you.","Subjective:
Hazel Shelton reports feeling under the weather lately with a persistent dry cough and increased joint pain, particularly in her knees and hips. She mentions a scratchy throat but denies chest tightness or shortness of breath. Hazel has a history of seasonal allergies and is compliant with her Lisinopril medication for hypertension.

Objective:
Hazel appears well during the appointment, with no signs of respiratory distress. She is able to communicate clearly and engage in the conversation. Vital signs are stable, and no abnormalities are noted during the physical examination. Joint examination reveals no swelling or redness in the knees and hips.

Assessment:
Hazel Shelton presents with symptoms of a common cold, including a dry cough and scratchy throat. Her joint pain is likely related to her osteoarthritis, with no signs of acute inflammation. Her hypertension is well-controlled with Lisinopril. Lab tests will be ordered to assess liver and kidney function due to her medication regimen.

Plan:
1. Order lab tests for liver and kidney function.
2. Discuss glucosamine and chondroitin supplementation for joint health.
3. Schedule a follow-up appointment to review lab results and adjust treatment plan if necessary.
4. Monitor blood pressure and consider adjustments to hypertension medication if needed.
5. Provide education on managing symptoms of the common cold and recommend supportive care measures.",physician good morning hazel feeling today patient good morning dr hale ive feeling bit weather lately ive persistent cough joints aching usual physician see tell cough dry productive noticed chest tightness shortness breath patient dry cough mostly mornings evenings havent noticed chest tightness shortness breath throat feeling scratchy physician okay recent upper respiratory infections allergies could contributing symptoms patient nothing recent history seasonal allergies could playing role physician possible lets take closer look medication list see youre taking lisinopril hypertension taking directed patient yes take every morning physician great hows blood pressure noticed changes patient honest havent checked recently know running bit high past physician see probably check today consider adjusting medication necessary lets turn attention joint pain tell joints affected would describe pain patient knees hips mostly pain dull ache especially ive walking standing excruciating definitely uncomfortable physician understood noticed swelling redness affected joints patient nothing like aching sensation physician okay given history osteoarthritis likely pain related discuss treatment options managing discomfort tried new medications supplements recently patient havent considering trying glucosamine chondroitin ive heard help joint health physician thats good idea theres evidence suggest help alleviate symptoms osteoarthritis talk potentially start trial patient sounds good physician great im also going order lab tests check liver kidney function given history hypertension medication youre taking well make sure schedule followup appointment review results discuss necessary adjustments treatment plan patient sounds like plan thank dr hale physician youre welcome hazel well take good care,subjective hazel shelton reports feeling weather lately persistent dry cough increased joint pain particularly knees hips mentions scratchy throat denies chest tightness shortness breath hazel history seasonal allergies compliant lisinopril medication hypertension objective hazel appears well appointment signs respiratory distress able communicate clearly engage conversation vital signs stable abnormalities noted physical examination joint examination reveals swelling redness knees hips assessment hazel shelton presents symptoms common cold including dry cough scratchy throat joint pain likely related osteoarthritis signs acute inflammation hypertension wellcontrolled lisinopril lab tests ordered assess liver kidney function due medication regimen plan 1 order lab tests liver kidney function 2 discuss glucosamine chondroitin supplementation joint health 3 schedule followup appointment review lab results adjust treatment plan necessary 4 monitor blood pressure consider adjustments hypertension medication needed 5 provide education managing symptoms common cold recommend supportive care measures,0.7884065,0.8253771662712097,0.3487179487179487,0.137221269296741,0.2153846153846154
"

Physician: Good morning, Shelly. It's great to see you today. How have you been feeling lately?

Patient: Hi, Dr. Terry. I've been doing alright, but I have been experiencing some back pain that's been bothering me for a while now.

Physician: Sorry to hear that. Can you tell me more about your back pain? When did it start, and how would you describe it?

Patient: It started about six months ago, and it's been a constant ache ever since. It's not excruciating, but it's definitely uncomfortable. It's a 5 out of 10 on the pain scale, and it gets worse when I sit or stand for too long.

Physician: I see. Have you tried any over-the-counter pain relievers or home remedies?

Patient: Yes, I've tried ibuprofen and acetaminophen, but they only provide temporary relief. I've also tried stretching, heating pads, and exercise, but nothing seems to be working.

Physician: I understand. Have you noticed any other symptoms, such as numbness, tingling, or weakness in your legs?

Patient: No, nothing like that. Just the constant ache in my lower back.

Physician: Okay. Have you had any recent changes in your work or daily activities that could be contributing to the pain?

Patient: Well, I did start a new job a few months ago, and I've been sitting at a desk all day. Maybe that's why it's been bothering me more lately.

Physician: That's definitely possible. Have you tried adjusting your workspace or taking breaks to stretch?

Patient: Yes, I've tried that, but it doesn't seem to be making a difference.

Physician: I see. Have you had any previous injuries or surgeries that could be related to your current symptoms?

Patient: No, nothing like that.

Physician: Okay. I'm going to recommend that you see a physical therapist to help with your back pain. In the meantime, I'll prescribe a muscle relaxant to help you manage the discomfort. We'll also schedule you for a follow-up appointment in a few weeks to reassess your condition and see how the physical therapy is working for you. Does that sound good?

Patient: That sounds great, thank you. I really appreciate your help.

Physician: Of course, Shelly. We'll do everything we can to get you feeling better.
































































































































































































































































































































































































































































































































































































































































































































































































































































































































","Subjective:
Shelly Porter, a 40-year-old female, reports experiencing constant back pain for the past six months. She describes the pain as a 5/10 on the pain scale, worsened by prolonged sitting or standing. Over-the-counter pain relievers and home remedies have provided minimal relief. She attributes the pain to her new desk job, where she sits for extended periods.

Objective:
Shelly appears comfortable during the consultation and engages in the conversation without signs of distress. She denies experiencing numbness, tingling, or weakness in her legs. No previous injuries or surgeries are reported. Physical examination reveals tenderness in the lower back region.

Assessment:
Shelly presents with chronic lower back pain, likely exacerbated by prolonged sitting at her new desk job. Initial management includes referral to a physical therapist for tailored exercises and interventions. A muscle relaxant prescription is provided for pain management. Follow-up appointment scheduled in a few weeks to monitor progress.

Plan:
1. Referral to physical therapist for back pain management.
2. Prescription of muscle relaxant for pain relief.
3. Follow-up appointment in a few weeks to reassess response to treatment and adjust management plan as needed.",physician good morning shelly great see today feeling lately patient hi dr terry ive alright experiencing back pain thats bothering physician sorry hear tell back pain start would describe patient started six months ago constant ache ever since excruciating definitely uncomfortable 5 10 pain scale gets worse sit stand long physician see tried overthecounter pain relievers home remedies patient yes ive tried ibuprofen acetaminophen provide temporary relief ive also tried stretching heating pads exercise nothing seems working physician understand noticed symptoms numbness tingling weakness legs patient nothing like constant ache lower back physician okay recent changes work daily activities could contributing pain patient well start new job months ago ive sitting desk day maybe thats bothering lately physician thats definitely possible tried adjusting workspace taking breaks stretch patient yes ive tried doesnt seem making difference physician see previous injuries surgeries could related current symptoms patient nothing like physician okay im going recommend see physical therapist help back pain meantime ill prescribe muscle relaxant help manage discomfort well also schedule followup appointment weeks reassess condition see physical therapy working sound good patient sounds great thank really appreciate help physician course shelly well everything get feeling better,subjective shelly porter 40yearold female reports experiencing constant back pain past six months describes pain 510 pain scale worsened prolonged sitting standing overthecounter pain relievers home remedies provided minimal relief attributes pain new desk job sits extended periods objective shelly appears comfortable consultation engages conversation without signs distress denies experiencing numbness tingling weakness legs previous injuries surgeries reported physical examination reveals tenderness lower back region assessment shelly presents chronic lower back pain likely exacerbated prolonged sitting new desk job initial management includes referral physical therapist tailored exercises interventions muscle relaxant prescription provided pain management followup appointment scheduled weeks monitor progress plan 1 referral physical therapist back pain management 2 prescription muscle relaxant pain relief 3 followup appointment weeks reassess response treatment adjust management plan needed,0.77524424,0.8240318894386292,0.3688760806916426,0.13872832369942198,0.20172910662824203
"
Physician: Good morning, Tara. It's great to see you today. How have you been feeling lately?

Patient: Hi, Dr. Vasquez. I've been doing alright, but I have been experiencing some issues that I wanted to discuss with you. I've been getting frequent UTIs, and it's becoming quite bothersome.

Physician: Sorry to hear that, Tara. Can you tell me a bit more about your symptoms? When did you first notice them, and how often have you been experiencing them?

Patient: Well, I've been getting UTIs every few months for the past year or so. It started after my last colonoscopy, and they've been happening pretty regularly since then. I've been taking Phenazopyridine as prescribed, but it doesn't seem to be helping much.

Physician: I see. Have you noticed any other symptoms associated with the UTIs, such as burning during urination, frequent urination, or abdominal pain?

Patient: Yes, I've been experiencing all of those symptoms. It's quite uncomfortable, and it's affecting my daily life.

Physician: I understand. Have you noticed any factors that trigger or relieve your symptoms? For example, does drinking water or urinating more frequently help?

Patient: Not really. I've tried drinking more water, but it doesn't seem to make a difference. Sometimes, I feel like I need to urinate more often, but it doesn't seem to help either.

Physician: Okay. Have you had any recent changes in your diet or medications that could be contributing to the UTIs?

Patient: I haven't changed my diet much, but I did start taking Lisinopril for my hypertension a few years ago. Could that be causing it?

Physician: It's possible. Lisinopril can sometimes cause UTIs as a side effect. We should discuss this further with your cardiologist to determine if it's related. In the meantime, I'd like to order a urinalysis and a urine culture to get a better understanding of what's going on.

Patient: That sounds good. I'm willing to do whatever it takes to figure out what's causing this and prevent it from happening in the future.

Physician: Great. I'm going to prescribe you a different medication for your UTI, and we'll follow up in a few days once we get the results of the urinalysis and culture. In the meantime, make sure to drink plenty of water and avoid any irritants like caffeine or spicy foods that could exacerbate your symptoms.

Patient: Okay, that makes sense. Thank you, Dr. Vasquez. I appreciate your help.

Physician: You're welcome, Tara. We'll get to the bottom of this and find a solution that works for you.","Subjective:
Tara Davis reports experiencing frequent urinary tract infections (UTIs) for the past year, occurring every few months. She notes that the UTIs started after her last colonoscopy and have been accompanied by symptoms such as burning during urination, frequent urination, and abdominal pain. Tara states that she has been taking Phenazopyridine as prescribed but has not found relief. She expresses discomfort and disruption to her daily life due to these recurring UTIs.

Objective:
Tara Davis presents as a 56-year-old female with a history of hypertension and diabetes mellitus type 2. She is currently on Metformin 1000mg twice daily for diabetes and Lisinopril 20mg daily for hypertension. Tara is also taking Phenazopyridine 200mg three times daily for her UTIs. She has no known allergies and has a history of never smoking and occasional social drinking. The patient appears alert and oriented during the consultation.

Assessment:
Tara Davis is experiencing recurrent UTIs, which have been bothersome and impacting her daily life. The possibility of Lisinopril contributing to the UTIs as a side effect is being considered. Further investigation through urinalysis and urine culture is warranted to determine the underlying cause of the UTIs and guide appropriate treatment.

Plan:
1. Order a urinalysis and urine culture to investigate the cause of Tara's recurrent UTIs.
2. Prescribe a different medication for the UTI based on the results of the urinalysis and culture.
3. Follow up with Tara in a few days to review the results and adjust the treatment plan accordingly.
4. Advise Tara to drink plenty of water and avoid irritants like caffeine or spicy foods that could exacerbate her UTI symptoms.
5. Discuss the potential link between Lisinopril and UTIs with Tara's cardiologist to explore alternative hypertension management options if necessary.",physician good morning tara great see today feeling lately patient hi dr vasquez ive alright experiencing issues wanted discuss ive getting frequent utis becoming quite bothersome physician sorry hear tara tell bit symptoms first notice often experiencing patient well ive getting utis every months past year started last colonoscopy theyve happening pretty regularly since ive taking phenazopyridine prescribed doesnt seem helping much physician see noticed symptoms associated utis burning urination frequent urination abdominal pain patient yes ive experiencing symptoms quite uncomfortable affecting daily life physician understand noticed factors trigger relieve symptoms example drinking water urinating frequently help patient really ive tried drinking water doesnt seem make difference sometimes feel like need urinate often doesnt seem help either physician okay recent changes diet medications could contributing utis patient havent changed diet much start taking lisinopril hypertension years ago could causing physician possible lisinopril sometimes cause utis side effect discuss cardiologist determine related meantime id like order urinalysis urine culture get better understanding whats going patient sounds good im willing whatever takes figure whats causing prevent happening future physician great im going prescribe different medication uti well follow days get results urinalysis culture meantime make sure drink plenty water avoid irritants like caffeine spicy foods could exacerbate symptoms patient okay makes sense thank dr vasquez appreciate help physician youre welcome tara well get bottom find solution works,subjective tara davis reports experiencing frequent urinary tract infections utis past year occurring every months notes utis started last colonoscopy accompanied symptoms burning urination frequent urination abdominal pain tara states taking phenazopyridine prescribed found relief expresses discomfort disruption daily life due recurring utis objective tara davis presents 56yearold female history hypertension diabetes mellitus type 2 currently metformin 1000mg twice daily diabetes lisinopril 20mg daily hypertension tara also taking phenazopyridine 200mg three times daily utis known allergies history never smoking occasional social drinking patient appears alert oriented consultation assessment tara davis experiencing recurrent utis bothersome impacting daily life possibility lisinopril contributing utis side effect considered investigation urinalysis urine culture warranted determine underlying cause utis guide appropriate treatment plan 1 order urinalysis urine culture investigate cause taras recurrent utis 2 prescribe different medication uti based results urinalysis culture 3 follow tara days review results adjust treatment plan accordingly 4 advise tara drink plenty water avoid irritants like caffeine spicy foods could exacerbate uti symptoms 5 discuss potential link lisinopril utis taras cardiologist explore alternative hypertension management options necessary,0.67488366,0.8362116813659668,0.3920922570016475,0.16859504132231407,0.2734761120263591
"
Physician: Good morning, Mr. Shelton. I'm Dr. Caldwell, your primary care physician. How are you feeling today?

Patient: (coughing) Not great, to be honest. I've been experiencing a burning sensation while urinating, and I have to go frequently. It's been bothering me for a few days now.

Physician: I see. Have you noticed any other symptoms, such as blood in your urine, cloudy urine, or abdominal pain?

Patient: Yes, my urine has been cloudy, and I've had some discomfort in my lower abdomen.

Physician: Okay. Have you had any recent changes in your diet, medications, or sexual activity that could be contributing to this?

Patient: Well, I did start taking some over-the-counter supplements for my blood pressure and diabetes, but I don't think that's related. And no, there haven't been any changes in my diet or sexual activity.

Physician: I understand. Have you had any recent travel or exposure to illnesses that could be causing this?

Patient: I did visit my mother in the hospital a week ago, and she had a UTI at the time. Could that have something to do with it?

Physician: It's possible. UTIs can be contagious, especially among family members. Have you had any previous instances of UTIs in the past?

Patient: Yes, I have. It's happened a few times before, and it's always been treated with antibiotics.

Physician: I see. Have you noticed any other symptoms, such as fever, chills, or nausea?

Patient: No, nothing like that. Just the burning sensation and frequent urination.

Physician: All right. I'm going to order a urinalysis and a urine culture to confirm the UTI diagnosis. In the meantime, I'd like to prescribe you some antibiotics to help clear up the infection. We'll also schedule a follow-up appointment to monitor your progress.

Patient: Sounds good. Thank you, doctor.

Physician: Of course. I'll have the nurse come in to take some samples and give you the prescription. We'll have the results of the urinalysis and culture back within a few days. In the meantime, make sure to drink plenty of water to help flush out the bacteria. If you have any further concerns or worsening symptoms, don't hesitate to reach out to us.

Patient: Thank you, doctor. I'll do that.","Subjective:
Mr. Shelton reports experiencing a burning sensation while urinating and frequent urination for the past few days. He also mentions cloudy urine and discomfort in his lower abdomen. He denies any recent changes in diet, medications, or sexual activity but notes visiting his mother in the hospital who had a UTI. Mr. Shelton has a history of recurrent UTIs that have been treated with antibiotics in the past.

Objective:
During the physical examination, Mr. Shelton appeared uncomfortable but cooperative. Vital signs were within normal limits. A urinalysis was ordered to confirm the UTI diagnosis, and a prescription for antibiotics was provided to address the infection. Follow-up appointment scheduled for monitoring progress.

Assessment:
Mr. Shelton presents with symptoms consistent with a UTI, given his history of recurrent UTIs and current complaints. Urinalysis and urine culture ordered to confirm the diagnosis. Prophylactic antibiotic regimen may be considered due to the recurrent nature of his UTIs.

Plan:
1. Order urinalysis and urine culture to confirm UTI diagnosis.
2. Prescribe antibiotics to treat the infection.
3. Schedule follow-up appointment to monitor progress.
4. Educate patient on the importance of staying hydrated to help flush out bacteria.
5. Consider prophylactic antibiotic regimen for recurrent UTIs.
6. Advise patient to contact the clinic if experiencing worsening symptoms or concerns.",physician good morning mr shelton im dr caldwell primary care physician feeling today patient coughing great honest ive experiencing burning sensation urinating go frequently bothering days physician see noticed symptoms blood urine cloudy urine abdominal pain patient yes urine cloudy ive discomfort lower abdomen physician okay recent changes diet medications sexual activity could contributing patient well start taking overthecounter supplements blood pressure diabetes dont think thats related havent changes diet sexual activity physician understand recent travel exposure illnesses could causing patient visit mother hospital week ago uti time could something physician possible utis contagious especially among family members previous instances utis past patient yes happened times always treated antibiotics physician see noticed symptoms fever chills nausea patient nothing like burning sensation frequent urination physician right im going order urinalysis urine culture confirm uti diagnosis meantime id like prescribe antibiotics help clear infection well also schedule followup appointment monitor progress patient sounds good thank doctor physician course ill nurse come take samples give prescription well results urinalysis culture back within days meantime make sure drink plenty water help flush bacteria concerns worsening symptoms dont hesitate reach us patient thank doctor ill,subjective mr shelton reports experiencing burning sensation urinating frequent urination past days also mentions cloudy urine discomfort lower abdomen denies recent changes diet medications sexual activity notes visiting mother hospital uti mr shelton history recurrent utis treated antibiotics past objective physical examination mr shelton appeared uncomfortable cooperative vital signs within normal limits urinalysis ordered confirm uti diagnosis prescription antibiotics provided address infection followup appointment scheduled monitoring progress assessment mr shelton presents symptoms consistent uti given history recurrent utis current complaints urinalysis urine culture ordered confirm diagnosis prophylactic antibiotic regimen may considered due recurrent nature utis plan 1 order urinalysis urine culture confirm uti diagnosis 2 prescribe antibiotics treat infection 3 schedule followup appointment monitor progress 4 educate patient importance staying hydrated help flush bacteria 5 consider prophylactic antibiotic regimen recurrent utis 6 advise patient contact clinic experiencing worsening symptoms concerns,0.8094802,0.834161639213562,0.4175824175824176,0.2058823529411765,0.3076923076923077
"
Physician: Good morning, Mr. Black. How can I assist you today?

Patient: Hi, Dr. Dean. I've been experiencing some recurring symptoms that I'm concerned about. I've had some burning while urinating, and I feel the need to urinate more frequently than usual.

Physician: I see. Have you noticed any blood in your urine or cloudiness?

Patient: No, nothing like that. It's just the burning sensation and the increased frequency.

Physician: Okay. Have you had any recent changes in your sexual activity or new sexual partners?

Patient: Well, my wife and I have been trying to conceive for a while now, so we've been having more frequent sex. But no new partners.

Physician: I understand. Have you noticed any discomfort or pain during sexual activity?

Patient: No, nothing significant. Just the usual discomfort that comes with UTIs.

Physician: I see. Have you had any recent travel or exposure to possible sources of infection?

Patient: No, nothing out of the ordinary. Just my usual routine.

Physician: Okay. Have you noticed any other symptoms like fever, chills, or abdominal pain?

Patient: No, nothing like that. Just the burning and increased urination.

Physician: I see. Have you had any recent changes in your medications or supplements?

Patient: No, nothing has changed. I'm still taking my hypertension and diabetes medications as prescribed.

Physician: Okay. I'm going to order a urinalysis and a urine culture to confirm the diagnosis of UTI. In the meantime, I'd like to prescribe you a antibiotic to help manage your symptoms.

Patient: Okay, that sounds good.

Physician: Great. I'll also recommend some lifestyle modifications to help prevent future UTIs, such as drinking plenty of water and avoiding certain foods that may irritate your bladder.

Patient: Okay, I'll do that. Thank you, Dr. Dean.

Physician: You're welcome, Mr. Black. We'll follow up in a few days once we get the results of the urinalysis and culture. If everything looks good, we'll discontinue the antibiotics, and you can continue with the lifestyle modifications to prevent future UTIs.

Patient: Sounds good. Thank you, Dr. Dean.

Physician: You're welcome, Mr. Black. We'll be in touch soon.","Subjective:
Mr. Black presents with recurring symptoms of burning while urinating and increased frequency. He denies any blood in urine or cloudiness. He mentions that he and his wife have been trying to conceive, leading to more frequent sexual activity. Mr. Black reports no significant discomfort or pain during sexual activity. He denies recent travel or exposure to possible sources of infection. He denies fever, chills, or abdominal pain. No recent changes in medications or supplements.

Objective:
Mr. Black appears alert and oriented during the consultation. Vital signs are within normal limits. Urinalysis and urine culture ordered to confirm UTI diagnosis. Prescription for antibiotics provided. Lifestyle modifications recommended to prevent future UTIs.

Assessment:
Likely diagnosis of UTI based on symptoms reported by Mr. Black. Further confirmation pending urinalysis and urine culture results. Treatment initiated with antibiotics. Lifestyle modifications advised for prevention.

Plan:
Follow up with Mr. Black in a few days to review urinalysis and culture results. Discontinue antibiotics if results are favorable. Encourage adherence to lifestyle modifications for UTI prevention. Educate on the importance of hydration and bladder health.",physician good morning mr black assist today patient hi dr dean ive experiencing recurring symptoms im concerned ive burning urinating feel need urinate frequently usual physician see noticed blood urine cloudiness patient nothing like burning sensation increased frequency physician okay recent changes sexual activity new sexual partners patient well wife trying conceive weve frequent sex new partners physician understand noticed discomfort pain sexual activity patient nothing significant usual discomfort comes utis physician see recent travel exposure possible sources infection patient nothing ordinary usual routine physician okay noticed symptoms like fever chills abdominal pain patient nothing like burning increased urination physician see recent changes medications supplements patient nothing changed im still taking hypertension diabetes medications prescribed physician okay im going order urinalysis urine culture confirm diagnosis uti meantime id like prescribe antibiotic help manage symptoms patient okay sounds good physician great ill also recommend lifestyle modifications help prevent future utis drinking plenty water avoiding certain foods may irritate bladder patient okay ill thank dr dean physician youre welcome mr black well follow days get results urinalysis culture everything looks good well discontinue antibiotics continue lifestyle modifications prevent future utis patient sounds good thank dr dean physician youre welcome mr black well touch soon,subjective mr black presents recurring symptoms burning urinating increased frequency denies blood urine cloudiness mentions wife trying conceive leading frequent sexual activity mr black reports significant discomfort pain sexual activity denies recent travel exposure possible sources infection denies fever chills abdominal pain recent changes medications supplements objective mr black appears alert oriented consultation vital signs within normal limits urinalysis urine culture ordered confirm uti diagnosis prescription antibiotics provided lifestyle modifications recommended prevent future utis assessment likely diagnosis uti based symptoms reported mr black confirmation pending urinalysis urine culture results treatment initiated antibiotics lifestyle modifications advised prevention plan follow mr black days review urinalysis culture results discontinue antibiotics results favorable encourage adherence lifestyle modifications uti prevention educate importance hydration bladder health,0.76482403,0.8339312672615051,0.39622641509433965,0.17567567567567569,0.24258760107816713
"
Physician: Good morning, Mr. Kennedy. How are you feeling today?

Patient: (sighs) I'm feeling a bit run down, doctor. I've been experiencing shortness of breath, and my energy levels have been low lately.

Physician: I see. Can you tell me more about your shortness of breath? Is it constant or does it come and go?

Patient: It's been coming and going for the past few weeks. It's worse when I exert myself, like when I walk upstairs or do yard work.

Physician: Okay. Have you noticed any other symptoms, such as chest pain or coughing?

Patient: No, no chest pain. But I have been coughing a bit, especially at night.

Physician: Alright. And how long have you been experiencing low energy levels?

Patient: It's been a few months now. It's like I just can't seem to get my usual energy back, even when I rest.

Physician: I understand. Have you noticed any changes in your sleep patterns or appetite recently?

Patient: Yes, I've been having trouble sleeping at night. I wake up multiple times to use the bathroom, and then I have trouble falling back asleep. And as for appetite, I've been feeling less hungry lately.

Physician: That's helpful information. Now, I know you have a history of hypertension and obesity. Have you been adhering to your medication regimen and diet plan?

Patient: Yes, I've been taking my medications as prescribed, and I've been trying to follow the diet plan you recommended. But to be honest, it's been a bit challenging. I've been struggling to avoid certain foods, especially when eating out.

Physician: I see. Well, it's important that we continue to monitor your conditions and make any necessary adjustments to your treatment plan. Based on what you've shared, it sounds like we need to focus on addressing your shortness of breath, low energy levels, and sleep disturbances. We'll need to run some tests to get a better understanding of what's going on.

Patient: Sure, whatever it takes to feel better.

Physician: Great. I'm going to order some blood tests to check your thyroid function, lipid levels, and rule out anemia. We'll also schedule you for a sleep study to assess your sleep patterns. And given your history of hypertension, we should also perform a 24-hour Holter monitor test to monitor your heart rhythm.

Patient: Okay, that sounds like a good plan.

Physician: Excellent. We'll get the tests scheduled and follow up in a couple of days once we have the results. In the meantime, let's review your medications and see if we need to make any adjustments. And please, continue with your diet and exercise plan as best you can. We'll work together to get you feeling better.

Patient: Thank you, doctor. I appreciate your help.

Physician: Of course, Mr. Kennedy. We'll get through this together.","Subjective:
Mr. Kennedy reports feeling run down with shortness of breath that worsens with exertion. He has been experiencing low energy levels for a few months and has trouble sleeping at night. He also mentions decreased appetite and challenges with adhering to his diet plan due to food temptations when eating out.

Objective:
Mr. Kennedy's vital signs are stable, with a blood pressure of 145/90 mmHg. He appears fatigued but alert during the consultation. No signs of acute distress are noted. His BMI is 35.7, indicating obesity. Laboratory results show a total cholesterol of 245 mg/dL, LDL cholesterol of 165 mg/dL, HDL cholesterol of 45 mg/dL, and triglycerides of 200 mg/dL.

Assessment:
Mr. Kennedy presents with symptoms of shortness of breath, low energy levels, sleep disturbances, and decreased appetite. His obesity and dyslipidemia are contributing factors to his current health status. Further investigations are needed to determine the underlying cause of his symptoms.

Plan:
1. Order blood tests to assess thyroid function, lipid levels, and rule out anemia.
2. Schedule a sleep study to evaluate sleep patterns and disturbances.
3. Perform a 24-hour Holter monitor test to monitor heart rhythm due to a history of hypertension.
4. Review current medications for potential adjustments.
5. Encourage Mr. Kennedy to continue following the diet and exercise plan.
6. Follow up in a couple of days to discuss test results and adjust the treatment plan accordingly.",physician good morning mr kennedy feeling today patient sighs im feeling bit run doctor ive experiencing shortness breath energy levels low lately physician see tell shortness breath constant come go patient coming going past weeks worse exert like walk upstairs yard work physician okay noticed symptoms chest pain coughing patient chest pain coughing bit especially night physician alright long experiencing low energy levels patient months like cant seem get usual energy back even rest physician understand noticed changes sleep patterns appetite recently patient yes ive trouble sleeping night wake multiple times use bathroom trouble falling back asleep appetite ive feeling less hungry lately physician thats helpful information know history hypertension obesity adhering medication regimen diet plan patient yes ive taking medications prescribed ive trying follow diet plan recommended honest bit challenging ive struggling avoid certain foods especially eating physician see well important continue monitor conditions make necessary adjustments treatment plan based youve shared sounds like need focus addressing shortness breath low energy levels sleep disturbances well need run tests get better understanding whats going patient sure whatever takes feel better physician great im going order blood tests check thyroid function lipid levels rule anemia well also schedule sleep study assess sleep patterns given history hypertension also perform 24hour holter monitor test monitor heart rhythm patient okay sounds like good plan physician excellent well get tests scheduled follow couple days results meantime lets review medications see need make adjustments please continue diet exercise plan best well work together get feeling better patient thank doctor appreciate help physician course mr kennedy well get together,subjective mr kennedy reports feeling run shortness breath worsens exertion experiencing low energy levels months trouble sleeping night also mentions decreased appetite challenges adhering diet plan due food temptations eating objective mr kennedys vital signs stable blood pressure 14590 mmhg appears fatigued alert consultation signs acute distress noted bmi 357 indicating obesity laboratory results show total cholesterol 245 mgdl ldl cholesterol 165 mgdl hdl cholesterol 45 mgdl triglycerides 200 mgdl assessment mr kennedy presents symptoms shortness breath low energy levels sleep disturbances decreased appetite obesity dyslipidemia contributing factors current health status investigations needed determine underlying cause symptoms plan 1 order blood tests assess thyroid function lipid levels rule anemia 2 schedule sleep study evaluate sleep patterns disturbances 3 perform 24hour holter monitor test monitor heart rhythm due history hypertension 4 review current medications potential adjustments 5 encourage mr kennedy continue following diet exercise plan 6 follow couple days discuss test results adjust treatment plan accordingly,0.7657175,0.8257195949554443,0.36834924965893595,0.17783857729138167,0.2455661664392906
"
Physician: Good morning, Mr. Rhodes. How can I assist you today?

Patient: Hi, Dr. Elliott. I've been experiencing some issues with my vision lately. It's been getting harder for me to read and drive at night.

Physician: I see. Can you tell me more about what you're experiencing? Do you have any double vision or blurry vision?

Patient: No, it's more like everything is just really dim. Like I'm looking through a foggy window. And it's only at night, during the day it's fine.

Physician: Interesting. Have you noticed any other symptoms like headaches or eye strain?

Patient: Yeah, I've had some headaches, especially when I'm trying to read or drive at night. And my eyes do feel a bit strained after a while.

Physician: Okay. Have you had any recent changes in your environment or habits that could be contributing to this? Like changes in lighting or your work schedule?

Patient: Well, I did start working a night shift about 6 months ago. And I've been using a computer for work a lot more than I used to.

Physician: That could definitely be a factor. Have you noticed any differences in your vision when you're using a computer versus when you're not?

Patient: Now that you mention it, yes. It's definitely worse when I've been using a computer for a while.

Physician: Alright, that's helpful to know. Have you had any eye exams recently?

Patient: My last eye exam was about 2 years ago. And the optometrist said my vision was fine back then.

Physician: Okay, well we'll definitely want to schedule another exam to get a better sense of what's going on. In the meantime, I'd like to refer you to a retinal specialist to rule out any potential retinal issues. And we'll also run some blood work to check for any underlying health conditions that could be contributing to this.

Patient: Sounds good. I just want to get my vision back to normal.

Physician: Absolutely, Mr. Rhodes. We'll do everything we can to help you with that.


Generate a clinical dialogue between a physician and a patient corresponding data provided earlier. The patient is articulating their symptoms, and the physician is engaging in a thorough inquiry to gain a comprehensive understanding of the patient's condition. The conversation should encompass the patient's subjective experiences, with the physician asking pertinent questions to elicit detailed information. The resulting conversation should not be formatted into sections but be a freeform formal conversation that would realistically happen at the doctors office. The resulting clinical dialogue is intended to serve as a precursor to the SOAP notes, capturing the essential details that form the basis of the subsequent documentation.

Physician: Good morning, Mr. Rhodes. How can I assist you today?

Patient: Hi, Dr. Elliott. I've been experiencing some issues with my vision lately. It's been getting harder for me to read and drive at night.

Physician: I see. Can you tell me more about what you're experiencing? Do you have any double vision or blurry vision?

Patient: No, it's more like everything is just really dim. Like I'm looking through a foggy window. And it's only at night, during the day it's fine.

Physician: Interesting. Have you noticed any other symptoms like headaches or eye strain?

Patient: Yeah, I've had some headaches, especially when I'm trying to read or drive at night. And my eyes do feel a bit strained after a while.

Physician: Okay. Have you had any recent changes in your environment or habits that could be contributing to this? Like changes in lighting or your work schedule?

Patient: Well, I did start working a night shift about 6 months ago. And I've been using a computer for work a lot more than I used to.

Physician: That could definitely be a factor. Have you noticed any differences in your vision when you're using a computer versus when you're not?

Patient: Now that you mention it, yes. It's definitely worse when I've been using a computer for a while.

Physician: Alright, that's helpful to know. Have you had any eye exams recently?

Patient: My last eye exam was about 2 years ago. And the optometrist said my vision was fine back then.

Physician: Okay, well we'll definitely want to schedule another exam to get a better sense of what's going on. In the meantime, I'd like to refer you to a retinal specialist to rule out any potential retinal issues. And we'll also run some blood work to check for any underlying health conditions that could be contributing to this.

Patient: Sounds good. I just want to get my vision back to normal.

Physician: Absolutely, Mr. Rhodes. We'll do everything we can to help you with that.




","Patient: Thank you, Dr. Elliott. I appreciate your help in figuring out what's going on with my vision.

Physician: Of course, Mr. Rhodes. It's important to address these issues early on to prevent any further complications. We'll work together to get to the bottom of this and come up with a treatment plan that works for you.

Patient: That sounds great. I'm looking forward to getting some answers and hopefully improving my vision.

Physician: I'm glad to hear that. We'll get everything set up for your eye exam and specialist referral, and I'll follow up with you once we have more information. In the meantime, if you have any concerns or questions, don't hesitate to reach out.

Patient: Thank you, Dr. Elliott. I feel better knowing that I have your support in this process.

Physician: You're welcome, Mr. Rhodes. We're here to help you every step of the way. Let's work together to get you back to optimal vision health.",physician good morning mr rhodes assist today patient hi dr elliott ive experiencing issues vision lately getting harder read drive night physician see tell youre experiencing double vision blurry vision patient like everything really dim like im looking foggy window night day fine physician interesting noticed symptoms like headaches eye strain patient yeah ive headaches especially im trying read drive night eyes feel bit strained physician okay recent changes environment habits could contributing like changes lighting work schedule patient well start working night shift 6 months ago ive using computer work lot used physician could definitely factor noticed differences vision youre using computer versus youre patient mention yes definitely worse ive using computer physician alright thats helpful know eye exams recently patient last eye exam 2 years ago optometrist said vision fine back physician okay well well definitely want schedule another exam get better sense whats going meantime id like refer retinal specialist rule potential retinal issues well also run blood work check underlying health conditions could contributing patient sounds good want get vision back normal physician absolutely mr rhodes well everything help generate clinical dialogue physician patient corresponding data provided earlier patient articulating symptoms physician engaging thorough inquiry gain comprehensive understanding patients condition conversation encompass patients subjective experiences physician asking pertinent questions elicit detailed information resulting conversation formatted sections freeform formal conversation would realistically happen doctors office resulting clinical dialogue intended serve precursor soap notes capturing essential details form basis subsequent documentation physician good morning mr rhodes assist today patient hi dr elliott ive experiencing issues vision lately getting harder read drive night physician see tell youre experiencing double vision blurry vision patient like everything really dim like im looking foggy window night day fine physician interesting noticed symptoms like headaches eye strain patient yeah ive headaches especially im trying read drive night eyes feel bit strained physician okay recent changes environment habits could contributing like changes lighting work schedule patient well start working night shift 6 months ago ive using computer work lot used physician could definitely factor noticed differences vision youre using computer versus youre patient mention yes definitely worse ive using computer physician alright thats helpful know eye exams recently patient last eye exam 2 years ago optometrist said vision fine back physician okay well well definitely want schedule another exam get better sense whats going meantime id like refer retinal specialist rule potential retinal issues well also run blood work check underlying health conditions could contributing patient sounds good want get vision back normal physician absolutely mr rhodes well everything help,patient thank dr elliott appreciate help figuring whats going vision physician course mr rhodes important address issues early prevent complications well work together get bottom come treatment plan works patient sounds great im looking forward getting answers hopefully improving vision physician im glad hear well get everything set eye exam specialist referral ill follow information meantime concerns questions dont hesitate reach patient thank dr elliott feel better knowing support process physician youre welcome mr rhodes help every step way lets work together get back optimal vision health,0.7274826,0.8145805597305298,0.24824824824824823,0.07021063189568706,0.12412412412412412
"
Physician: Good morning, Lesa. How are you feeling today?

Patient: Hi, Dr. Hawkins. I've been feeling pretty lousy lately. I've had this persistent cough that won't go away, and I've been getting winded easily. My chest feels tight, and I've had some chest pain.

Physician: I see. Have you noticed any patterns or triggers that make your symptoms worse?

Patient: Well, it seems to get worse when I'm under stress or exert myself physically. And it's been harder to breathe at night, so I've been having trouble sleeping.

Physician: I understand. Have you experienced any other symptoms, such as fever, fatigue, or headaches?

Patient: Yes, I've had some fatigue and headaches, especially in the morning. And I've noticed that my asthma symptoms have been worse lately.

Physician: Okay, that's helpful. Can you tell me more about your asthma history? When were you diagnosed, and what medications have you been using to manage it?

Patient: I was diagnosed with asthma about ten years ago. I've been using Advair Diskus 250/50, taking one puff twice daily, and it's been helping me manage my symptoms pretty well. But lately, I feel like it's not working as effectively.

Physician: I see. Have you noticed any changes in your environment or exposures that could be contributing to your worsening symptoms? For example, have you recently traveled, moved to a new home, or been exposed to any potential allergens?

Patient: Well, I did move to a new apartment a few months ago, and I've noticed some mold in the bathroom. Could that be causing my symptoms?

Physician: That's definitely possible. Exposure to mold can exacerbate asthma symptoms. We'll need to investigate that further.

Patient: Okay, that makes sense. And I've also been feeling pretty down lately. I was diagnosed with depression a few years ago, and I've been taking Zoloft for it. But I feel like my depression has been getting worse.

Physician: I understand. Have you experienced any changes in your appetite, sleep patterns, or energy levels that could be related to your depression?

Patient: Yes, I've been having trouble sleeping, and I've noticed that I've been feeling more tired and lethargic lately. And my appetite has been decreased.

Physician: Those are all common symptoms of depression. We'll need to discuss your mental health further and see if any changes need to be made to your treatment plan.

Patient: Okay, that sounds good.

Physician: Is there anything else you'd like to discuss or any concerns you have?

Patient: No, I think that covers everything. Thank you for listening, Dr. Hawkins.

Physician: You're welcome, Lesa. I'll review all of this information and work with you to develop a plan to address your symptoms and manage your conditions effectively. We'll start by ordering some tests to assess your asthma and depression, and then we'll go from there. We'll also schedule a follow-up appointment to discuss the results and your treatment plan in more detail.

Patient: Sounds good. Thank you again.

Physician: You're welcome, Lesa. We'll work together to get you feeling better soon.","Subjective:
Lesa Franklin reports feeling lousy lately with a persistent cough, tight chest, chest pain, and getting winded easily. Symptoms worsen under stress or physical exertion and have been affecting her sleep. She also mentions fatigue, headaches, and worsening asthma symptoms despite using Advair Diskus 250/50. Lesa discloses feeling more down lately with trouble sleeping, decreased appetite, and decreased energy levels, indicating worsening depression.

Objective:
Lesa appears fatigued during the appointment but is cooperative and engaged in the conversation. She demonstrates a mild cough and reports chest tightness. Vital signs are within normal limits. Physical examination reveals no acute distress, clear lung sounds, and no signs of respiratory distress. Lesa's asthma and depression medications are up to date, and she is compliant with her treatment plan.

Assessment:
Lesa Franklin presents with exacerbation of asthma symptoms possibly due to mold exposure in her new apartment. Her depression symptoms have worsened, leading to decreased sleep, appetite, and energy levels. Further evaluation is needed to assess the impact of mold exposure on her asthma and to adjust her depression treatment plan accordingly.

Plan:
1. Order pulmonary function tests to assess asthma severity and potential exacerbating factors.
2. Refer Lesa to a pulmonologist for further evaluation of her asthma symptoms.
3. Schedule a follow-up appointment with her psychiatrist to review her depression treatment plan and consider adjustments.
4. Advise Lesa to address the mold issue in her apartment to reduce potential triggers for her asthma.
5. Educate Lesa on asthma management strategies and stress reduction techniques to improve symptom control.
6. Provide support and encouragement for Lesa to address her mental health concerns and ensure she feels heard and supported throughout her treatment journey.",physician good morning lesa feeling today patient hi dr hawkins ive feeling pretty lousy lately ive persistent cough wont go away ive getting winded easily chest feels tight ive chest pain physician see noticed patterns triggers make symptoms worse patient well seems get worse im stress exert physically harder breathe night ive trouble sleeping physician understand experienced symptoms fever fatigue headaches patient yes ive fatigue headaches especially morning ive noticed asthma symptoms worse lately physician okay thats helpful tell asthma history diagnosed medications using manage patient diagnosed asthma ten years ago ive using advair diskus 25050 taking one puff twice daily helping manage symptoms pretty well lately feel like working effectively physician see noticed changes environment exposures could contributing worsening symptoms example recently traveled moved new home exposed potential allergens patient well move new apartment months ago ive noticed mold bathroom could causing symptoms physician thats definitely possible exposure mold exacerbate asthma symptoms well need investigate patient okay makes sense ive also feeling pretty lately diagnosed depression years ago ive taking zoloft feel like depression getting worse physician understand experienced changes appetite sleep patterns energy levels could related depression patient yes ive trouble sleeping ive noticed ive feeling tired lethargic lately appetite decreased physician common symptoms depression well need discuss mental health see changes need made treatment plan patient okay sounds good physician anything else youd like discuss concerns patient think covers everything thank listening dr hawkins physician youre welcome lesa ill review information work develop plan address symptoms manage conditions effectively well start ordering tests assess asthma depression well go well also schedule followup appointment discuss results treatment plan detail patient sounds good thank physician youre welcome lesa well work together get feeling better soon,subjective lesa franklin reports feeling lousy lately persistent cough tight chest chest pain getting winded easily symptoms worsen stress physical exertion affecting sleep also mentions fatigue headaches worsening asthma symptoms despite using advair diskus 25050 lesa discloses feeling lately trouble sleeping decreased appetite decreased energy levels indicating worsening depression objective lesa appears fatigued appointment cooperative engaged conversation demonstrates mild cough reports chest tightness vital signs within normal limits physical examination reveals acute distress clear lung sounds signs respiratory distress lesas asthma depression medications date compliant treatment plan assessment lesa franklin presents exacerbation asthma symptoms possibly due mold exposure new apartment depression symptoms worsened leading decreased sleep appetite energy levels evaluation needed assess impact mold exposure asthma adjust depression treatment plan accordingly plan 1 order pulmonary function tests assess asthma severity potential exacerbating factors 2 refer lesa pulmonologist evaluation asthma symptoms 3 schedule followup appointment psychiatrist review depression treatment plan consider adjustments 4 advise lesa address mold issue apartment reduce potential triggers asthma 5 educate lesa asthma management strategies stress reduction techniques improve symptom control 6 provide support encouragement lesa address mental health concerns ensure feels heard supported throughout treatment journey,0.7791976,0.8202118873596191,0.3617977528089888,0.12837837837837837,0.2337078651685393
"
Physician: Good morning, Mrs. Mckinney. It's a pleasure to meet you. I'm Dr. Ford, your primary care physician. I understand you've been experiencing some discomfort lately. Can you tell me more about your symptoms?

Patient: Yes, doctor. It started about a month ago. I've been having this constant ache in my lower back, and it's been radiating down to my legs. It's been getting worse over time, especially when I walk or stand for too long.

Physician: I see. Have you noticed any weakness or numbness in your legs?

Patient: Yes, doctor. Sometimes, I feel like my legs are going to give up on me. It's like there's this heavy, tingling sensation that runs down my legs. It's really uncomfortable.

Physician: I understand. Have you experienced any other symptoms, like pain in your arms or hands, or difficulty with balance or coordination?

Patient: No, doctor. It's mostly just my lower back and legs. But, I have been having some trouble sleeping because of the discomfort. I've been waking up a lot at night and having trouble getting back to sleep.

Physician: I see. Have you noticed any other changes in your sleep patterns or appetite?

Patient: Well, doctor, I have been feeling a bit more tired than usual. And, I've been having some trouble concentrating. It's like my brain is just foggy all the time. But, I don't know if that's related to the pain or not.

Physician: That's helpful information. Now, I'd like to ask you some questions about your pain. Can you rate your pain on a scale of one to ten, with ten being the worst pain imaginable?

Patient: It's hard to say, doctor. Some days are better than others. But, on a bad day, I'd say it's probably around an eight or nine.

Physician: I see. Have you noticed any triggers that make your pain worse, like certain activities or positions?

Patient: Yes, doctor. Like I said, it's worse when I walk or stand for too long. But, it also seems to get worse when I'm under stress.

Physician: That's interesting. Stress can certainly exacerbate pain. Have you tried any treatments or remedies for your pain, like over-the-counter medications or alternative therapies?

Patient: Yes, doctor. I've been taking acetaminophen and gabapentin as needed. And, I've been trying to stretch and exercise regularly. But, to be honest, I'm not sure if it's really helping.

Physician: I see. Well, Mrs. Mckinney, based on what you've shared with me, it sounds like you might be experiencing some chronic lower back pain with radiculopathy. I'd like to order some tests to get a better understanding of what's going on.

Patient: Okay, doctor. What kind of tests do you need to do?

Physician: Well, first, I'd like to order an MRI to get a better look at your spine and see if there's any nerve compression or damage. I'd also like to send you to a physical therapist to help you manage your pain and improve your mobility. And, we can discuss other treatment options, like pain management medications or injections, depending on the results of the MRI.

Patient: Okay, doctor. That sounds like a good plan. Thank you for your help.

Physician: You're welcome, Mrs. Mckinney. I'll make sure to coordinate with the specialists and get you set up with the appropriate appointments. We'll work together to get you feeling better.","Subjective:
Mrs. Mckinney reports experiencing constant lower back pain that radiates down to her legs, worsening with prolonged standing or walking. She also mentions feeling weakness and tingling in her legs, along with difficulty sleeping and concentrating. She rates her pain as an eight or nine on a scale of one to ten on bad days and notes that stress exacerbates her symptoms. Mrs. Mckinney has been taking acetaminophen and gabapentin with limited relief.

Objective:
Mrs. Mckinney presents as a 70-year-old female with no known drug allergies. She is alert and oriented during the consultation. Physical examination reveals tenderness in the lower back region. Neurological examination shows no abnormalities in the upper extremities, but there is decreased sensation and strength in the lower extremities. Mrs. Mckinney's vital signs are within normal limits. She is currently on a pain management regimen and other medications for comorbid conditions.

Assessment:
Based on Mrs. Mckinney's symptoms and examination findings, she likely has chronic lower back pain with radiculopathy. Further evaluation with an MRI is warranted to assess for nerve compression or damage. Referral to a physical therapist for pain management and mobility improvement is recommended. Additional treatment options, such as pain medications or injections, may be considered based on MRI results.

Plan:
1. Order an MRI to evaluate spine and nerve involvement.
2. Refer Mrs. Mckinney to a physical therapist for pain management and mobility enhancement.
3. Coordinate with specialists for further evaluation and treatment options.
4. Schedule follow-up appointment to discuss MRI results and adjust treatment plan accordingly.
5. Educate Mrs. Mckinney on self-care strategies and lifestyle modifications to manage chronic pain effectively.",physician good morning mrs mckinney pleasure meet im dr ford primary care physician understand youve experiencing discomfort lately tell symptoms patient yes doctor started month ago ive constant ache lower back radiating legs getting worse time especially walk stand long physician see noticed weakness numbness legs patient yes doctor sometimes feel like legs going give like theres heavy tingling sensation runs legs really uncomfortable physician understand experienced symptoms like pain arms hands difficulty balance coordination patient doctor mostly lower back legs trouble sleeping discomfort ive waking lot night trouble getting back sleep physician see noticed changes sleep patterns appetite patient well doctor feeling bit tired usual ive trouble concentrating like brain foggy time dont know thats related pain physician thats helpful information id like ask questions pain rate pain scale one ten ten worst pain imaginable patient hard say doctor days better others bad day id say probably around eight nine physician see noticed triggers make pain worse like certain activities positions patient yes doctor like said worse walk stand long also seems get worse im stress physician thats interesting stress certainly exacerbate pain tried treatments remedies pain like overthecounter medications alternative therapies patient yes doctor ive taking acetaminophen gabapentin needed ive trying stretch exercise regularly honest im sure really helping physician see well mrs mckinney based youve shared sounds like might experiencing chronic lower back pain radiculopathy id like order tests get better understanding whats going patient okay doctor kind tests need physician well first id like order mri get better look spine see theres nerve compression damage id also like send physical therapist help manage pain improve mobility discuss treatment options like pain management medications injections depending results mri patient okay doctor sounds like good plan thank help physician youre welcome mrs mckinney ill make sure coordinate specialists get set appropriate appointments well work together get feeling better,subjective mrs mckinney reports experiencing constant lower back pain radiates legs worsening prolonged standing walking also mentions feeling weakness tingling legs along difficulty sleeping concentrating rates pain eight nine scale one ten bad days notes stress exacerbates symptoms mrs mckinney taking acetaminophen gabapentin limited relief objective mrs mckinney presents 70yearold female known drug allergies alert oriented consultation physical examination reveals tenderness lower back region neurological examination shows abnormalities upper extremities decreased sensation strength lower extremities mrs mckinneys vital signs within normal limits currently pain management regimen medications comorbid conditions assessment based mrs mckinneys symptoms examination findings likely chronic lower back pain radiculopathy evaluation mri warranted assess nerve compression damage referral physical therapist pain management mobility improvement recommended additional treatment options pain medications injections may considered based mri results plan 1 order mri evaluate spine nerve involvement 2 refer mrs mckinney physical therapist pain management mobility enhancement 3 coordinate specialists evaluation treatment options 4 schedule followup appointment discuss mri results adjust treatment plan accordingly 5 educate mrs mckinney selfcare strategies lifestyle modifications manage chronic pain effectively,0.671738,0.7914944291114807,0.32961586121437425,0.11677018633540372,0.19578686493184635
"

Physician: Good morning, Mrs. Gonzales. It's a pleasure to meet you. I understand you've been experiencing some discomfort lately. Can you tell me more about your pain?

Patient: Yes, doctor. It's been a constant ache in my lower back for the past few months. It's been getting worse over time, especially when I walk or stand for too long.

Physician: I see. Have you experienced any numbness or tingling sensations in your legs or feet?

Patient: Yes, doctor. Sometimes I feel like my legs are heavy, and my feet feel like they're asleep. It's like there's needles poking into them.

Physician: Okay, that's helpful to know. How would you rate your pain level on a scale of one to ten?

Patient: It's been fluctuating, but most days it's around a seven or eight out of ten.

Physician: I understand. Have you noticed any factors that exacerbate or relieve your pain?

Patient: Yes, doctor. The pain gets worse when I bend or twist, and sometimes it feels like it's going to shoot down my legs. Taking a warm bath or using a heating pad helps a bit, but it doesn't last long.

Physician: I see. Have you tried any medications or treatments for your pain?

Patient: Yes, doctor. My primary care physician prescribed gabapentin and oxycodone, but I'm not sure if they're working as well as they should be. Sometimes I feel like I'm still in a lot of pain even after taking my medication.

Physician: I understand your concerns. Have you experienced any side effects from the medications?

Patient: Yes, doctor. I get a little dizzy and nauseous from the oxycodone, and sometimes I feel like I'm in a fog from the gabapentin.

Physician: I see. Have you had any recent changes in your lifestyle, such as stress or sleep disturbances, that might be contributing to your pain?

Patient: Well, doctor, my husband passed away a few months ago, and it's been tough. I've been trying to stay active and do things that he used to do, but it's hard. I've also been having trouble sleeping at night because of the pain.

Physician: I'm so sorry to hear about your loss, Mrs. Gonzales. It's understandable that you're feeling stressed and having trouble sleeping. Have you considered seeking counseling or therapy to help you cope with your grief?

Patient: Yes, doctor. I've been thinking about it, but I'm not sure where to start.

Physician: We can definitely provide you with some resources for that. In the meantime, I'd like to discuss some alternative pain management options with you. We can consider physical therapy, acupuncture, or even a pain pump if necessary. What do you think?

Patient: I'm open to anything, doctor. I just want to feel better.

Physician: That's great to hear, Mrs. Gonzales. I'm going to work with you to find the best solution for your pain. Let's start by scheduling a follow-up appointment in two weeks to monitor your progress and adjust your treatment plan as needed. We'll also arrange for you to see a physical therapist and discuss the possibility of a pain pump with a specialist. Does that sound good to you?

Patient: Yes, doctor. Thank you for listening and for helping me.

Physician: You're welcome, Mrs. Gonzales. We're going to work together to get you feeling better.","SOAP Note:

Subjective:
Mrs. Kylie Gonzales reports experiencing constant lower back pain for the past few months, worsening with movement and causing numbness and tingling in her legs and feet. She rates her pain as a seven to eight out of ten and notes that warm baths and heating pads provide temporary relief. She expresses concerns about the effectiveness of her current medications, gabapentin and oxycodone, and mentions experiencing dizziness and nausea from oxycodone and feeling foggy from gabapentin. Mrs. Gonzales also discloses recent stress due to the loss of her husband and difficulty sleeping.

Objective:
Mrs. Gonzales presents with signs of chronic pain, reporting a 7/10 pain level despite current medications. She appears alert and oriented during the consultation. Physical examination reveals tenderness in the lower back region. Vital signs are within normal limits. Mrs. Gonzales demonstrates a willingness to explore alternative pain management options.

Assessment:
Mrs. Kylie Gonzales is a 65-year-old female with chronic lower back pain exacerbated by movement, causing numbness and tingling in her legs and feet. She reports inadequate pain relief with current medications and experiences side effects from oxycodone and gabapentin. Recent stressors and sleep disturbances may be contributing to her pain experience. Mrs. Gonzales is open to exploring alternative pain management strategies.

Plan:
1. Schedule a follow-up appointment in two weeks to monitor pain progress and adjust treatment plan.
2. Refer Mrs. Gonzales to a physical therapist for evaluation and potential therapy sessions.
3. Discuss the possibility of a pain pump with a specialist to address chronic pain.
4. Provide resources for grief counseling and therapy to help Mrs. Gonzales cope with recent stressors.
5. Educate Mrs. Gonzales on self-care techniques and lifestyle modifications to manage pain effectively.
6. Review and adjust current medication regimen to minimize side effects and optimize pain relief.",physician good morning mrs gonzales pleasure meet understand youve experiencing discomfort lately tell pain patient yes doctor constant ache lower back past months getting worse time especially walk stand long physician see experienced numbness tingling sensations legs feet patient yes doctor sometimes feel like legs heavy feet feel like theyre asleep like theres needles poking physician okay thats helpful know would rate pain level scale one ten patient fluctuating days around seven eight ten physician understand noticed factors exacerbate relieve pain patient yes doctor pain gets worse bend twist sometimes feels like going shoot legs taking warm bath using heating pad helps bit doesnt last long physician see tried medications treatments pain patient yes doctor primary care physician prescribed gabapentin oxycodone im sure theyre working well sometimes feel like im still lot pain even taking medication physician understand concerns experienced side effects medications patient yes doctor get little dizzy nauseous oxycodone sometimes feel like im fog gabapentin physician see recent changes lifestyle stress sleep disturbances might contributing pain patient well doctor husband passed away months ago tough ive trying stay active things used hard ive also trouble sleeping night pain physician im sorry hear loss mrs gonzales understandable youre feeling stressed trouble sleeping considered seeking counseling therapy help cope grief patient yes doctor ive thinking im sure start physician definitely provide resources meantime id like discuss alternative pain management options consider physical therapy acupuncture even pain pump necessary think patient im open anything doctor want feel better physician thats great hear mrs gonzales im going work find best solution pain lets start scheduling followup appointment two weeks monitor progress adjust treatment plan needed well also arrange see physical therapist discuss possibility pain pump specialist sound good patient yes doctor thank listening helping physician youre welcome mrs gonzales going work together get feeling better,soap note subjective mrs kylie gonzales reports experiencing constant lower back pain past months worsening movement causing numbness tingling legs feet rates pain seven eight ten notes warm baths heating pads provide temporary relief expresses concerns effectiveness current medications gabapentin oxycodone mentions experiencing dizziness nausea oxycodone feeling foggy gabapentin mrs gonzales also discloses recent stress due loss husband difficulty sleeping objective mrs gonzales presents signs chronic pain reporting 710 pain level despite current medications appears alert oriented consultation physical examination reveals tenderness lower back region vital signs within normal limits mrs gonzales demonstrates willingness explore alternative pain management options assessment mrs kylie gonzales 65yearold female chronic lower back pain exacerbated movement causing numbness tingling legs feet reports inadequate pain relief current medications experiences side effects oxycodone gabapentin recent stressors sleep disturbances may contributing pain experience mrs gonzales open exploring alternative pain management strategies plan 1 schedule followup appointment two weeks monitor pain progress adjust treatment plan 2 refer mrs gonzales physical therapist evaluation potential therapy sessions 3 discuss possibility pain pump specialist address chronic pain 4 provide resources grief counseling therapy help mrs gonzales cope recent stressors 5 educate mrs gonzales selfcare techniques lifestyle modifications manage pain effectively 6 review adjust current medication regimen minimize side effects optimize pain relief,0.7812818,0.8254436254501343,0.34285714285714286,0.09851088201603664,0.19657142857142856
"
Physician: Good morning, Mr. Harrison. It's a pleasure to meet you. I'm Dr. Castro, your primary care physician. I understand you've been experiencing some discomfort during intercourse and difficulty maintaining an erection. Can you tell me more about your symptoms?

Patient: Yes, doctor. It's been happening for a few months now. It's like I can't get fully aroused, and it's really affecting my sex life. It's frustrating, to say the least.

Physician: I understand. Have you noticed any other changes in your sexual function, such as decreased libido or difficulty with ejaculation?

Patient: Well, I have noticed that I don't have the same drive as I used to. And yes, ejaculation has become a bit more difficult. It's like my body just doesn't respond the way it used to.

Physician: I see. Have you experienced any pain or discomfort during intercourse?

Patient: No, not really. It's just that I can't seem to get or maintain an erection like I used to. It's almost like there's a lag or delay in my arousal.

Physician: Okay. Have you noticed any other symptoms, such as urinary changes or pain when urinating?

Patient: Now that you mention it, I have been having to urinate more frequently, especially at night. And sometimes, it feels like it takes a bit longer to start flowing.

Physician: I understand. Have you had any recent changes in your medications or have you been taking any supplements?

Patient: No, nothing recent. I do take metformin, lisinopril, and atorvastatin for my diabetes and hypertension, but I've been on those medications for a while now.

Physician: Okay. Have you had any recent illnesses or injuries that may be contributing to your symptoms?

Patient: No, nothing that I can think of. I did have a bit of a cold a few weeks ago, but it wasn't anything serious.

Physician: I see. Have you noticed any changes in your mood or stress levels?

Patient: Well, I have been feeling a bit more stressed lately. Work has been pretty hectic, and I've been trying to manage my diabetes and hypertension. But I wouldn't say that I'm excessively stressed or anything.

Physician: Understood. Have you talked to your urologist, Dr. Smith, about these symptoms?

Patient: Yes, I saw her a few weeks ago, and she recommended that I come see you first to rule out any underlying health issues.

Physician: That's great. I'll definitely want to follow up with her and discuss our findings. In the meantime, I'd like to schedule some tests to help us better understand what's going on. We'll start by ordering a lipid profile, HbA1c, and a urinalysis to check for any underlying medical conditions that may be contributing to your symptoms. We'll also schedule you for a colonoscopy, as it's overdue. And given your sexual health concerns, we'll add a consult with a urologist to the schedule. Does that sound good to you?

Patient: Yes, that sounds great. Thank you, doctor. I really appreciate your help.

Physician: Of course, Mr. Harrison. We'll get to the bottom of this and work together to find a solution that works for you. I'll have my nurse come in to discuss the tests and schedule everything.","Subjective:
Mr. Harrison reports experiencing discomfort during intercourse and difficulty maintaining an erection for the past few months. He notes a decrease in libido and difficulty with ejaculation. He also mentions increased frequency of urination, especially at night, and a delay in starting urination. Mr. Harrison denies any pain or urinary changes. He attributes his symptoms to a lack of arousal and a lag in response.

Objective:
Mr. Harrison appears alert and engaged during the conversation. He denies any recent changes in medications or supplements. His medical history includes type 2 diabetes, hypertension, and sexual health concerns. He is compliant with his current medications. Vital signs are within normal limits. A physical examination reveals no abnormalities.

Assessment:
Mr. Harrison presents with sexual health concerns, including difficulty with arousal and maintaining an erection. He also reports urinary changes, which may be related to his symptoms. Further evaluation is needed to determine the underlying cause of his symptoms. Collaboration with the urologist, Dr. Smith, is recommended to address his sexual health concerns.

Plan:
1. Order lipid profile, HbA1c, and urinalysis to assess for underlying medical conditions.
2. Schedule a colonoscopy, as it is overdue.
3. Consult with urologist, Dr. Smith, to further evaluate sexual health concerns.
4. Follow up with Mr. Harrison to discuss test results and treatment options.
5. Educate Mr. Harrison on lifestyle modifications to improve sexual health and overall well-being.
6. Coordinate care with the urologist and primary care team to provide comprehensive treatment.",physician good morning mr harrison pleasure meet im dr castro primary care physician understand youve experiencing discomfort intercourse difficulty maintaining erection tell symptoms patient yes doctor happening months like cant get fully aroused really affecting sex life frustrating say least physician understand noticed changes sexual function decreased libido difficulty ejaculation patient well noticed dont drive used yes ejaculation become bit difficult like body doesnt respond way used physician see experienced pain discomfort intercourse patient really cant seem get maintain erection like used almost like theres lag delay arousal physician okay noticed symptoms urinary changes pain urinating patient mention urinate frequently especially night sometimes feels like takes bit longer start flowing physician understand recent changes medications taking supplements patient nothing recent take metformin lisinopril atorvastatin diabetes hypertension ive medications physician okay recent illnesses injuries may contributing symptoms patient nothing think bit cold weeks ago wasnt anything serious physician see noticed changes mood stress levels patient well feeling bit stressed lately work pretty hectic ive trying manage diabetes hypertension wouldnt say im excessively stressed anything physician understood talked urologist dr smith symptoms patient yes saw weeks ago recommended come see first rule underlying health issues physician thats great ill definitely want follow discuss findings meantime id like schedule tests help us better understand whats going well start ordering lipid profile hba1c urinalysis check underlying medical conditions may contributing symptoms well also schedule colonoscopy overdue given sexual health concerns well add consult urologist schedule sound good patient yes sounds great thank doctor really appreciate help physician course mr harrison well get bottom work together find solution works ill nurse come discuss tests schedule everything,subjective mr harrison reports experiencing discomfort intercourse difficulty maintaining erection past months notes decrease libido difficulty ejaculation also mentions increased frequency urination especially night delay starting urination mr harrison denies pain urinary changes attributes symptoms lack arousal lag response objective mr harrison appears alert engaged conversation denies recent changes medications supplements medical history includes type 2 diabetes hypertension sexual health concerns compliant current medications vital signs within normal limits physical examination reveals abnormalities assessment mr harrison presents sexual health concerns including difficulty arousal maintaining erection also reports urinary changes may related symptoms evaluation needed determine underlying cause symptoms collaboration urologist dr smith recommended address sexual health concerns plan 1 order lipid profile hba1c urinalysis assess underlying medical conditions 2 schedule colonoscopy overdue 3 consult urologist dr smith evaluate sexual health concerns 4 follow mr harrison discuss test results treatment options 5 educate mr harrison lifestyle modifications improve sexual health overall wellbeing 6 coordinate care urologist primary care team provide comprehensive treatment,0.77135205,0.8321893811225891,0.3625304136253041,0.08780487804878048,0.16788321167883213
"
Physician: Good morning, Mr. Patterson. How can I assist you today?

Patient: Hi, doctor. I've been experiencing some issues with my asthma lately. It seems to be getting worse, and I've been feeling pretty miserable.

Physician: Sorry to hear that. Can you describe the symptoms you've been experiencing?

Patient: Well, I've had a persistent cough, especially in the mornings, and my chest has been feeling tight and heavy. I've also noticed that my breathing has become more labored, even when I'm not doing anything strenuous.

Physician: I see. Have you noticed any wheezing or shortness of breath?

Patient: Yes, definitely. It's like my airways are constricting, and I can't take deep breaths. It's pretty scary, to be honest.

Physician: I understand. Have you had any recent colds or respiratory infections that might be exacerbating your symptoms?

Patient: Actually, yes. I had a pretty bad cold a few weeks ago, and it seemed to trigger this asthma flare-up.

Physician: That's not uncommon. Have you been using your rescue inhaler more frequently than usual?

Patient: Yes, definitely. I've been using it a lot more than I usually do.

Physician: Okay. Have you noticed any other symptoms, such as sinus pressure or congestion?

Patient: Yes, my sinuses have been feeling pretty congested, and I've had some facial pain and pressure.

Physician: I see. Have you experienced any fatigue or fever recently?

Patient: Yes, I've been feeling pretty tired and run down, and I've had a low-grade fever on and off.

Physician: Okay. Let's take a closer look at your medication regimen. Can you tell me about your current dosages and frequency of use for your asthma medications?

Patient: Sure. I've been using my albuterol inhaler every four to six hours as needed, and my fluticasone propionate inhaler twice a day. I've also been using my ipratropium bromide inhaler every four to six hours as needed.

Physician: Great. Have you noticed any side effects from your medications, such as hoarseness or dry mouth?

Patient: Yes, I've noticed some hoarseness, especially in the mornings.

Physician: Okay. Have you had any recent changes in your environment or lifestyle that might be contributing to your symptoms?

Patient: Well, I did recently start a new job, and it's been pretty stressful. I've also been working a lot of overtime, which might be affecting my sleep.

Physician: I see. Have you noticed any other symptoms that might be related to your asthma, such as acid reflux or difficulty sleeping?

Patient: Yes, I've been experiencing some acid reflux, especially at night, and I've had trouble sleeping due to my coughing and difficulty breathing.

Physician: Okay. I think we have a good understanding of your symptoms and medical history. Based on what you've shared, it sounds like your asthma is not well controlled at the moment. We'll need to make some adjustments to your medication regimen and discuss some lifestyle changes that can help improve your symptoms. Let's start by increasing your fluticasone propionate dosage and adding a long-acting bronchodilator to your regimen. We'll also discuss some stress-reducing techniques and strategies to help you manage your workload and sleep better.

Patient: That sounds great, doctor. Thank you for your help.

Physician: Of course, Mr. Patterson. We'll work together to get your asthma under better control. Let's schedule a follow-up appointment for next week to reassess your symptoms and medications.","Subjective:
Mr. Patterson presents with worsening asthma symptoms, including a persistent cough, chest tightness, labored breathing, wheezing, and shortness of breath. He reports experiencing a recent cold that triggered the asthma flare-up. Additionally, he mentions sinus congestion, facial pain, pressure, fatigue, and low-grade fever. Mr. Patterson notes increased use of his albuterol inhaler and hoarseness as a side effect of his medications. He attributes some of his symptoms to stress from a new job and overtime work affecting his sleep.

Objective:
During the examination, Mr. Patterson appears fatigued but alert. He demonstrates labored breathing and occasional coughing. Lung auscultation reveals wheezing and decreased air entry in the lower lobes. Vital signs are within normal limits. His current medication regimen includes albuterol inhaler (2 puffs every 4-6 hours as needed), fluticasone propionate inhaler (1 inhalation twice daily), and ipratropium bromide inhaler (2 puffs every 4-6 hours as needed).

Assessment:
Mr. Patterson's asthma is not well controlled, evidenced by worsening symptoms and increased medication use. The recent cold likely exacerbated his condition. Stress from work and disrupted sleep patterns may be contributing factors. Adjustments to his medication regimen are necessary to improve asthma control. Lifestyle modifications and stress management techniques will also be discussed to address his overall well-being.

Plan:
1. Increase fluticasone propionate dosage and add a long-acting bronchodilator to the medication regimen.
2. Educate Mr. Patterson on proper inhaler technique and adherence to the new medication plan.
3. Discuss stress-reducing techniques, such as mindfulness and relaxation exercises, to manage work-related stress.
4. Encourage lifestyle changes, including adequate rest, hydration, and healthy eating habits.
5. Schedule a follow-up appointment in one week to reassess symptoms, medication efficacy, and overall progress.",physician good morning mr patterson assist today patient hi doctor ive experiencing issues asthma lately seems getting worse ive feeling pretty miserable physician sorry hear describe symptoms youve experiencing patient well ive persistent cough especially mornings chest feeling tight heavy ive also noticed breathing become labored even im anything strenuous physician see noticed wheezing shortness breath patient yes definitely like airways constricting cant take deep breaths pretty scary honest physician understand recent colds respiratory infections might exacerbating symptoms patient actually yes pretty bad cold weeks ago seemed trigger asthma flareup physician thats uncommon using rescue inhaler frequently usual patient yes definitely ive using lot usually physician okay noticed symptoms sinus pressure congestion patient yes sinuses feeling pretty congested ive facial pain pressure physician see experienced fatigue fever recently patient yes ive feeling pretty tired run ive lowgrade fever physician okay lets take closer look medication regimen tell current dosages frequency use asthma medications patient sure ive using albuterol inhaler every four six hours needed fluticasone propionate inhaler twice day ive also using ipratropium bromide inhaler every four six hours needed physician great noticed side effects medications hoarseness dry mouth patient yes ive noticed hoarseness especially mornings physician okay recent changes environment lifestyle might contributing symptoms patient well recently start new job pretty stressful ive also working lot overtime might affecting sleep physician see noticed symptoms might related asthma acid reflux difficulty sleeping patient yes ive experiencing acid reflux especially night ive trouble sleeping due coughing difficulty breathing physician okay think good understanding symptoms medical history based youve shared sounds like asthma well controlled moment well need make adjustments medication regimen discuss lifestyle changes help improve symptoms lets start increasing fluticasone propionate dosage adding longacting bronchodilator regimen well also discuss stressreducing techniques strategies help manage workload sleep better patient sounds great doctor thank help physician course mr patterson well work together get asthma better control lets schedule followup appointment next week reassess symptoms medications,subjective mr patterson presents worsening asthma symptoms including persistent cough chest tightness labored breathing wheezing shortness breath reports experiencing recent cold triggered asthma flareup additionally mentions sinus congestion facial pain pressure fatigue lowgrade fever mr patterson notes increased use albuterol inhaler hoarseness side effect medications attributes symptoms stress new job overtime work affecting sleep objective examination mr patterson appears fatigued alert demonstrates labored breathing occasional coughing lung auscultation reveals wheezing decreased air entry lower lobes vital signs within normal limits current medication regimen includes albuterol inhaler 2 puffs every 46 hours needed fluticasone propionate inhaler 1 inhalation twice daily ipratropium bromide inhaler 2 puffs every 46 hours needed assessment mr pattersons asthma well controlled evidenced worsening symptoms increased medication use recent cold likely exacerbated condition stress work disrupted sleep patterns may contributing factors adjustments medication regimen necessary improve asthma control lifestyle modifications stress management techniques also discussed address overall wellbeing plan 1 increase fluticasone propionate dosage add longacting bronchodilator medication regimen 2 educate mr patterson proper inhaler technique adherence new medication plan 3 discuss stressreducing techniques mindfulness relaxation exercises manage workrelated stress 4 encourage lifestyle changes including adequate rest hydration healthy eating habits 5 schedule followup appointment one week reassess symptoms medication efficacy overall progress,0.75516915,0.8222683668136597,0.36691729323308264,0.15082956259426847,0.24360902255639097
"
Physician: Good morning, Mrs. Smith. How are you feeling today?

Patient: Hi, Dr. Stevens. I've been feeling a bit off lately. I've gained some weight, and my blood pressure and blood sugar levels have been creeping up.

Physician: I see. Can you tell me more about your weight gain? How much weight have you gained, and over what period of time?

Patient: Well, I've gained about 20 pounds over the past year. It's been gradual, but it's definitely noticeable.

Physician: And how has your diet been? Have you noticed any changes in your eating habits or appetite?

Patient: To be honest, I've been eating more than I need to. I love sweets, and I've been having a hard time cutting back. And I've also been eating more often than I should.

Physician: I understand. Have you experienced any other symptoms aside from weight gain?

Patient: Yes, I've been feeling more tired than usual, and my legs have been swelling a bit. And sometimes I get this tingling sensation in my hands and feet.

Physician: I see. Have you noticed any shortness of breath or chest pain?

Patient: No, not really. Just a bit of fatigue and some swelling in my ankles.

Physician: Okay. And have you had any recent illnesses or injuries?

Patient: No, nothing recent. Just the usual colds and flu.

Physician: Alright. Now, you mentioned that you're interested in exploring weight loss surgery options. Can you tell me a bit more about that?

Patient: Yes, I've been thinking about it for a while now. I've tried dieting and exercise, but it's just not working for me. I want to make sure I'm healthy and around for my grandkids.

Physician: I completely understand. We can definitely discuss that further and see if it's an option for you. In the meantime, let's focus on making some lifestyle changes to help you lose weight and manage your blood pressure and blood sugar levels. We can start by getting you set up with a nutritionist and exercise program. Would that be okay with you?

Patient: Absolutely. I'm ready to make some changes.

Physician: Great. And I'll also prescribe some medication to help with your blood pressure and blood sugar. We'll monitor your progress closely and adjust as needed.

Patient: Sounds good. Thank you, Dr. Stevens.

Physician: Of course, Mrs. Smith. We'll work together to get you feeling better in no time.","Subjective:
Mrs. Smith reports feeling off lately, with gradual weight gain of about 20 pounds over the past year. She admits to overeating, especially sweets, and increased frequency of meals. She also mentions feeling more tired than usual, leg swelling, and tingling in her hands and feet. No shortness of breath or chest pain reported. Mrs. Smith expresses interest in weight loss surgery due to unsuccessful attempts at dieting and exercise.

Objective:
Mrs. Smith presents with a BMI of 33.5, hypertension, and Type 2 Diabetes with an A1C of 7.2. She appears alert and oriented during the conversation. No signs of acute distress noted. No recent illnesses or injuries reported. No significant changes in vital signs observed.

Assessment:
Mrs. Smith is struggling with weight management, hypertension, and Type 2 Diabetes. She is interested in exploring weight loss surgery options due to unsuccessful lifestyle modifications. Mrs. Smith's current A1C level of 7.2 indicates suboptimal diabetes control.

Plan:
1. Referral to a nutritionist for dietary counseling and meal planning.
2. Prescription of medication to manage blood pressure and blood sugar levels.
3. Initiation of an exercise program tailored to Mrs. Smith's needs and abilities.
4. Regular monitoring of weight, blood pressure, and blood sugar levels to track progress.
5. Discussion of weight loss surgery options with a specialist to determine suitability and eligibility.
6. Follow-up appointment scheduled for 01/15/2024 to assess response to treatment and adjust the plan as needed.",physician good morning mrs smith feeling today patient hi dr stevens ive feeling bit lately ive gained weight blood pressure blood sugar levels creeping physician see tell weight gain much weight gained period time patient well ive gained 20 pounds past year gradual definitely noticeable physician diet noticed changes eating habits appetite patient honest ive eating need love sweets ive hard time cutting back ive also eating often physician understand experienced symptoms aside weight gain patient yes ive feeling tired usual legs swelling bit sometimes get tingling sensation hands feet physician see noticed shortness breath chest pain patient really bit fatigue swelling ankles physician okay recent illnesses injuries patient nothing recent usual colds flu physician alright mentioned youre interested exploring weight loss surgery options tell bit patient yes ive thinking ive tried dieting exercise working want make sure im healthy around grandkids physician completely understand definitely discuss see option meantime lets focus making lifestyle changes help lose weight manage blood pressure blood sugar levels start getting set nutritionist exercise program would okay patient absolutely im ready make changes physician great ill also prescribe medication help blood pressure blood sugar well monitor progress closely adjust needed patient sounds good thank dr stevens physician course mrs smith well work together get feeling better time,subjective mrs smith reports feeling lately gradual weight gain 20 pounds past year admits overeating especially sweets increased frequency meals also mentions feeling tired usual leg swelling tingling hands feet shortness breath chest pain reported mrs smith expresses interest weight loss surgery due unsuccessful attempts dieting exercise objective mrs smith presents bmi 335 hypertension type 2 diabetes a1c 72 appears alert oriented conversation signs acute distress noted recent illnesses injuries reported significant changes vital signs observed assessment mrs smith struggling weight management hypertension type 2 diabetes interested exploring weight loss surgery options due unsuccessful lifestyle modifications mrs smiths current a1c level 72 indicates suboptimal diabetes control plan 1 referral nutritionist dietary counseling meal planning 2 prescription medication manage blood pressure blood sugar levels 3 initiation exercise program tailored mrs smiths needs abilities 4 regular monitoring weight blood pressure blood sugar levels track progress 5 discussion weight loss surgery options specialist determine suitability eligibility 6 followup appointment scheduled 01152024 assess response treatment adjust plan needed,0.8020449,0.8304005861282349,0.3866057838660579,0.1312977099236641,0.21917808219178084
"
Physician: Good morning, Tracey. How are you feeling today?

Patient: Hi, Dr. Kennedy. I've been feeling a bit off lately. I've had some vaginal dryness and low libido, and I've been experiencing some stress.

Physician: I see. Can you tell me more about your vaginal dryness? Have you noticed any itching, burning, or discharge?

Patient: Yes, I've had some itching and burning, especially during sex. And sometimes, I feel like there's something stuck down there, like a small rock or something.

Physician: I understand. Have you noticed any patterns or triggers that make the symptoms better or worse?

Patient: Well, it seems to be worse at night, and it's been bothering me for a few months now. I thought it might be related to my menopause, but it's not going away.

Physician: That's helpful information. Now, regarding your low libido, can you tell me more about that? Have you noticed a decrease in your desire for intimacy, or is it more of a physical issue?

Patient: It's a bit of both, I think. I just don't feel as interested in sex as I used to, and when we do try, it's uncomfortable because of the dryness.

Physician: I see. And how have you been managing stress lately?

Patient: My husband and I have been trying to find ways to relax more. We've been talking about our relationship and how we can improve things. But to be honest, it's hard to find time for ourselves with our busy schedules.

Physician: That's understandable. It's important to prioritize self-care, especially when dealing with stress and menopause. Have you noticed any other symptoms, like mood changes or hot flashes?

Patient: Yes, I've been getting hot flashes at night, and sometimes I feel irritable or anxious.

Physician: Thank you for sharing that. Based on what you've told me, it sounds like we need to address a few different issues. Firstly, we'll need to get your vaginal dryness and itching under control. I'm going to recommend a vaginal estrogen cream to help with that. We'll also discuss potential hormone replacement therapy options to alleviate your symptoms. Additionally, we'll review some stress management techniques and discuss lifestyle changes that can help improve your libido. Finally, we'll monitor your blood work and blood pressure, given your history of hypertension and dyslipidemia. Does that sound like a good plan?

Patient: Yes, that sounds great. Thank you, Dr. Kennedy.

Physician: You're welcome, Tracey. I'll have the nurse come in to discuss the vaginal estrogen cream and schedule a follow-up appointment. We'll also coordinate with Dr. Johnson, your gynecologist, to ensure we're all on the same page.","Subjective:
Tracey Hopkins reports feeling off lately, experiencing vaginal dryness, low libido, stress, itching, burning, and discomfort during sex. She notes symptoms worsening at night for a few months, potentially related to menopause. She and her husband have been discussing stress management and relationship improvement.

Objective:
Tracey Hopkins presents with symptoms of vaginal dryness, low libido, stress, itching, burning, discomfort during sex, and hot flashes at night. Vital signs are stable, and no signs of acute distress are noted. Blood pressure and blood work monitoring are recommended due to a history of hypertension and dyslipidemia.

Assessment:
Tracey Hopkins is experiencing symptoms of menopause, including vaginal dryness, low libido, and stress. Hormone replacement therapy options and vaginal estrogen cream are recommended to address these symptoms. Stress management techniques and lifestyle changes will be discussed to improve overall well-being.

Plan:
1. Prescribe vaginal estrogen cream for vaginal dryness.
2. Discuss hormone replacement therapy options with patient.
3. Review stress management techniques and lifestyle changes.
4. Monitor blood pressure and blood work regularly.
5. Coordinate care with Dr. Sarah Johnson, the gynecologist, for comprehensive treatment.
6. Schedule a follow-up appointment to assess treatment progress.",physician good morning tracey feeling today patient hi dr kennedy ive feeling bit lately ive vaginal dryness low libido ive experiencing stress physician see tell vaginal dryness noticed itching burning discharge patient yes ive itching burning especially sex sometimes feel like theres something stuck like small rock something physician understand noticed patterns triggers make symptoms better worse patient well seems worse night bothering months thought might related menopause going away physician thats helpful information regarding low libido tell noticed decrease desire intimacy physical issue patient bit think dont feel interested sex used try uncomfortable dryness physician see managing stress lately patient husband trying find ways relax weve talking relationship improve things honest hard find time busy schedules physician thats understandable important prioritize selfcare especially dealing stress menopause noticed symptoms like mood changes hot flashes patient yes ive getting hot flashes night sometimes feel irritable anxious physician thank sharing based youve told sounds like need address different issues firstly well need get vaginal dryness itching control im going recommend vaginal estrogen cream help well also discuss potential hormone replacement therapy options alleviate symptoms additionally well review stress management techniques discuss lifestyle changes help improve libido finally well monitor blood work blood pressure given history hypertension dyslipidemia sound like good plan patient yes sounds great thank dr kennedy physician youre welcome tracey ill nurse come discuss vaginal estrogen cream schedule followup appointment well also coordinate dr johnson gynecologist ensure page,subjective tracey hopkins reports feeling lately experiencing vaginal dryness low libido stress itching burning discomfort sex notes symptoms worsening night months potentially related menopause husband discussing stress management relationship improvement objective tracey hopkins presents symptoms vaginal dryness low libido stress itching burning discomfort sex hot flashes night vital signs stable signs acute distress noted blood pressure blood work monitoring recommended due history hypertension dyslipidemia assessment tracey hopkins experiencing symptoms menopause including vaginal dryness low libido stress hormone replacement therapy options vaginal estrogen cream recommended address symptoms stress management techniques lifestyle changes discussed improve overall wellbeing plan 1 prescribe vaginal estrogen cream vaginal dryness 2 discuss hormone replacement therapy options patient 3 review stress management techniques lifestyle changes 4 monitor blood pressure blood work regularly 5 coordinate care dr sarah johnson gynecologist comprehensive treatment 6 schedule followup appointment assess treatment progress,0.85150546,0.8363962173461914,0.3028485757121439,0.09022556390977443,0.15892053973013492
"
Physician: Good morning, Nina. How are you feeling today?

Patient: Good morning, Dr. Fowler. I've been feeling alright, but I have been experiencing some unusual symptoms lately.

Physician: Can you tell me more about these symptoms? When did you first notice them?

Patient: Well, I've been feeling increasingly thirsty and urinating more frequently, especially at night. And my vision has been a bit blurry lately.

Physician: Okay, that's helpful information. Have you noticed any other changes in your body? Maybe some numbness or tingling sensations?

Patient: Yes, actually. My feet have been tingling a bit, especially in the mornings. And I've been feeling a bit more fatigued than usual.

Physician: I see. Have you experienced any pain or discomfort in your chest or abdomen?

Patient: No, nothing like that. Just some occasional dizziness.

Physician: Alright. Have you been managing your diabetes well? Have you noticed any changes in your blood sugar levels?

Patient: To be honest, I haven't been checking my levels as regularly as I should. But I did notice that my last A1C result was a bit higher than usual.

Physician: I see. And how have your blood pressure and cholesterol levels been?

Patient: My blood pressure has been a bit elevated, but my cholesterol levels were okay last time I checked.

Physician: Okay, that's good to know. Have you been taking your medications as prescribed?

Patient: Yes, I've been taking them regularly. But I'm concerned that they might not be working as effectively as they should be.

Physician: I understand your concerns. Let's take a closer look at your medication regimen and see if any adjustments need to be made. In the meantime, I'd like to schedule you for some follow-up tests to get a better understanding of your current health status. We'll order a blood test to check your A1C, blood lipids, and kidney function. And we'll also schedule you for a retinal exam to assess your eye health.

Patient: Sounds good. I appreciate your help, Dr. Fowler.

Physician: Of course, Nina. We'll work together to get you feeling better and manage your diabetes more effectively. And don't forget, it's important to stay on top of your preventative care. We'll make sure you're up to date on all your vaccinations and cancer screenings.

Patient: Thank you, Dr. Fowler. I feel better already.

Physician: Great. Let's get the ball rolling on those tests and schedule a follow-up appointment for next week. We'll review the results and discuss any necessary adjustments to your treatment plan.","Subjective:
Nina Carpenter reports feeling increasingly thirsty and urinating more frequently, especially at night. She also mentions experiencing blurry vision, tingling sensations in her feet, fatigue, and occasional dizziness. Nina admits to not checking her blood sugar levels regularly and notes that her last A1C result was higher than usual. She expresses concerns about the effectiveness of her current medications.

Objective:
Nina appears alert and oriented during the conversation. Vital signs are within normal limits. No signs of distress or acute pain are observed. Physical examination reveals no abnormalities. Laboratory results from the last visit show an A1C of 7.1% and LDL cholesterol of 115 mg/dL.

Assessment:
Nina is presenting with symptoms suggestive of uncontrolled diabetes, including polyuria, polydipsia, blurry vision, neuropathy, and fatigue. Her elevated A1C indicates poor glycemic control. Blood pressure is slightly elevated, and cholesterol levels are within normal limits. Nina's concerns about medication efficacy and the need for lifestyle modifications are valid and require attention.

Plan:
1. Schedule follow-up tests to assess A1C, blood lipids, and kidney function.
2. Arrange a retinal exam to evaluate eye health.
3. Review current medication regimen for potential adjustments.
4. Discuss lifestyle modifications to improve diabetes management.
5. Ensure Nina is up to date on vaccinations and cancer screenings.
6. Schedule a follow-up appointment for next week to review test results and adjust treatment plan accordingly.",physician good morning nina feeling today patient good morning dr fowler ive feeling alright experiencing unusual symptoms lately physician tell symptoms first notice patient well ive feeling increasingly thirsty urinating frequently especially night vision bit blurry lately physician okay thats helpful information noticed changes body maybe numbness tingling sensations patient yes actually feet tingling bit especially mornings ive feeling bit fatigued usual physician see experienced pain discomfort chest abdomen patient nothing like occasional dizziness physician alright managing diabetes well noticed changes blood sugar levels patient honest havent checking levels regularly notice last a1c result bit higher usual physician see blood pressure cholesterol levels patient blood pressure bit elevated cholesterol levels okay last time checked physician okay thats good know taking medications prescribed patient yes ive taking regularly im concerned might working effectively physician understand concerns lets take closer look medication regimen see adjustments need made meantime id like schedule followup tests get better understanding current health status well order blood test check a1c blood lipids kidney function well also schedule retinal exam assess eye health patient sounds good appreciate help dr fowler physician course nina well work together get feeling better manage diabetes effectively dont forget important stay top preventative care well make sure youre date vaccinations cancer screenings patient thank dr fowler feel better already physician great lets get ball rolling tests schedule followup appointment next week well review results discuss necessary adjustments treatment plan,subjective nina carpenter reports feeling increasingly thirsty urinating frequently especially night also mentions experiencing blurry vision tingling sensations feet fatigue occasional dizziness nina admits checking blood sugar levels regularly notes last a1c result higher usual expresses concerns effectiveness current medications objective nina appears alert oriented conversation vital signs within normal limits signs distress acute pain observed physical examination reveals abnormalities laboratory results last visit show a1c 71 ldl cholesterol 115 mgdl assessment nina presenting symptoms suggestive uncontrolled diabetes including polyuria polydipsia blurry vision neuropathy fatigue elevated a1c indicates poor glycemic control blood pressure slightly elevated cholesterol levels within normal limits ninas concerns medication efficacy need lifestyle modifications valid require attention plan 1 schedule followup tests assess a1c blood lipids kidney function 2 arrange retinal exam evaluate eye health 3 review current medication regimen potential adjustments 4 discuss lifestyle modifications improve diabetes management 5 ensure nina date vaccinations cancer screenings 6 schedule followup appointment next week review test results adjust treatment plan accordingly,0.69967985,0.835648775100708,0.38636363636363635,0.12300683371298406,0.21818181818181817
"
Physician: Good morning, Megan. It's a pleasure to meet you. I'm Dr. Castillo, your primary care physician. I understand you've been experiencing some health issues, and I'm here to help. Can you tell me a little bit about what's been going on?

Patient: Yes, of course. I've been dealing with psoriasis for over 20 years now, and it's been getting progressively worse. The patches on my skin are becoming thicker and more widespread, and they're starting to itch and flake more. It's really uncomfortable and embarrassing.

Physician: I can imagine. Have you noticed any triggers that seem to make your psoriasis worse?

Patient: Stress definitely seems to make it worse. Whenever I'm under a lot of pressure at work or having personal issues, I notice my skin gets worse.

Physician: That's not uncommon. Psoriasis can be triggered by stress, among other factors. Have you experienced any other symptoms aside from the skin patches?

Patient: Yes, I've been feeling really fatigued lately, and my joints have been aching a bit more than usual.

Physician: Okay, that's helpful to know. Have you noticed any changes in your nails? Sometimes, psoriasis can affect the nails as well.

Patient: Yes, actually. My nails have been becoming thicker and pitting, and they're starting to separate from the nail bed. It's quite painful.

Physician: I see. Have you been experiencing any skin cracking or bleeding?

Patient: Yes, especially when I scratch the itchy patches. It's hard not to scratch, though.

Physician: I understand. Have you tried any treatments or remedies for your psoriasis?

Patient: I've tried topical creams and ointments, but they don't seem to do much. I've also tried avoiding triggers like stress and certain foods, but it doesn't seem to make a huge difference.

Physician: Those are all good steps, but sometimes more extensive treatment is necessary. I'm thinking of referring you to a dermatologist who specializes in psoriasis. They can help us determine the best course of action for your specific case.

Patient: That sounds great. I'm willing to try anything at this point.

Physician: Good. I'll reach out to Dr. Smith, and we'll get you set up with an appointment as soon as possible. In the meantime, I'd like to schedule you for some blood work to check your liver and kidney function, as well as your blood cell count. It's important to ensure that any medications we prescribe won't negatively impact your overall health.

Patient: That makes sense. Thank you, Dr. Castillo. I really appreciate your help.

Physician: Of course, Megan. We'll work together to get you feeling more comfortable in your own skin.","SOAP Note:

Subjective:
Megan Young, a 58-year-old female, presents with worsening psoriasis symptoms, including thicker and more widespread skin patches that itch and flake. She reports fatigue, joint pain, thickening and pitting of nails, and skin cracking and bleeding. Stress exacerbates her symptoms, and previous treatments have been ineffective.

Objective:
Megan appears fatigued but is cooperative during the examination. Skin patches are visibly thicker and widespread, with signs of itching and flaking. Nails are thickened, pitted, and separating from the nail bed. No signs of acute distress noted.

Assessment:
Megan has severe psoriasis with worsening symptoms, possibly exacerbated by stress. Joint pain and nail changes suggest systemic involvement. Referral to a dermatologist is recommended for further evaluation and treatment. Blood work is ordered to assess liver and kidney function, as well as blood cell count, before initiating new treatments.

Plan:
1. Referral to dermatologist for specialized psoriasis treatment.
2. Blood work to assess liver, kidney, and blood cell function.
3. Follow-up appointment to discuss dermatologist's recommendations and adjust treatment plan accordingly.
4. Educate patient on stress management techniques to help alleviate psoriasis symptoms.
5. Schedule influenza vaccine and mammogram screenings.
6. Communicate with Dr. Smith regarding psoriasis biopsy results and treatment recommendations.",physician good morning megan pleasure meet im dr castillo primary care physician understand youve experiencing health issues im help tell little bit whats going patient yes course ive dealing psoriasis 20 years getting progressively worse patches skin becoming thicker widespread theyre starting itch flake really uncomfortable embarrassing physician imagine noticed triggers seem make psoriasis worse patient stress definitely seems make worse whenever im lot pressure work personal issues notice skin gets worse physician thats uncommon psoriasis triggered stress among factors experienced symptoms aside skin patches patient yes ive feeling really fatigued lately joints aching bit usual physician okay thats helpful know noticed changes nails sometimes psoriasis affect nails well patient yes actually nails becoming thicker pitting theyre starting separate nail bed quite painful physician see experiencing skin cracking bleeding patient yes especially scratch itchy patches hard scratch though physician understand tried treatments remedies psoriasis patient ive tried topical creams ointments dont seem much ive also tried avoiding triggers like stress certain foods doesnt seem make huge difference physician good steps sometimes extensive treatment necessary im thinking referring dermatologist specializes psoriasis help us determine best course action specific case patient sounds great im willing try anything point physician good ill reach dr smith well get set appointment soon possible meantime id like schedule blood work check liver kidney function well blood cell count important ensure medications prescribe wont negatively impact overall health patient makes sense thank dr castillo really appreciate help physician course megan well work together get feeling comfortable skin,soap note subjective megan young 58yearold female presents worsening psoriasis symptoms including thicker widespread skin patches itch flake reports fatigue joint pain thickening pitting nails skin cracking bleeding stress exacerbates symptoms previous treatments ineffective objective megan appears fatigued cooperative examination skin patches visibly thicker widespread signs itching flaking nails thickened pitted separating nail bed signs acute distress noted assessment megan severe psoriasis worsening symptoms possibly exacerbated stress joint pain nail changes suggest systemic involvement referral dermatologist recommended evaluation treatment blood work ordered assess liver kidney function well blood cell count initiating new treatments plan 1 referral dermatologist specialized psoriasis treatment 2 blood work assess liver kidney blood cell function 3 followup appointment discuss dermatologists recommendations adjust treatment plan accordingly 4 educate patient stress management techniques help alleviate psoriasis symptoms 5 schedule influenza vaccine mammogram screenings 6 communicate dr smith regarding psoriasis biopsy results treatment recommendations,0.81906503,0.8264133930206299,0.44856661045531204,0.2436548223350254,0.35075885328836426
"

Physician: Good morning, Ms. Fleming. How are you feeling today?

Patient: Hi, Dr. Davis. I've been experiencing a lot of pain lately, especially in my lower back and legs. It's been hard to sleep at night and do my daily activities.

Physician: I see. Can you tell me more about the pain? Is it sharp, dull, or radiating? And how would you rate the intensity on a scale of 1 to 10?

Patient: The pain is a mix of sharp and dull, and it's hard to pinpoint. It's like a constant ache that never goes away. I'd say it's around an 8 out of 10.

Physician: I understand. Have you noticed any exacerbating or relieving factors? For example, does the pain get worse with movement, rest, or certain activities?

Patient: Yeah, it definitely gets worse when I'm standing or walking for long periods. Sometimes, it feels like my legs are going to give out. Resting doesn't seem to help much either.

Physician: I see. Have you experienced any numbness, tingling, or weakness in your legs?

Patient: Yes, especially in my left leg. It feels like there's needles poking into my skin, and it's hard to lift my foot sometimes.

Physician: I understand. How has your pain been affecting your daily life? Are you able to work, cook, or perform other daily activities?

Patient: It's been really hard to do anything. I've had to take a break from work because I can't stand for long periods. Even simple things like cooking and cleaning are difficult now.

Physician: I can imagine. Have you noticed any other symptoms, such as fever, changes in bowel movements, or urinary issues?

Patient: No, nothing like that. Just the pain and numbness in my legs.

Physician: Okay. Have you tried any treatments or medications for the pain, and if so, what was the effect?

Patient: I've been taking Gabapentin and Tramadol as prescribed by my previous doctor, but it doesn't seem to be helping much. Sometimes, I feel like the pain is getting worse.

Physician: I see. Dr. Thompson, the pain management specialist, has recommended physical therapy and aquatic exercise for your pain management. Have you considered those options?

Patient: Yes, I've thought about it, but I'm not sure if it'll help. I'm willing to try anything at this point.

Physician: That's a good attitude to have. We'll definitely explore those options further. In the meantime, I'd like to schedule a follow-up appointment with you to monitor your progress and adjust your treatment plan as needed. Does that sound good to you?

Patient: Yes, that sounds great. Thank you, Dr. Davis.

Physician: You're welcome, Ms. Fleming. We'll work together to find the best solution for your pain.","Subjective:
Ms. Fleming reports experiencing significant pain in her lower back and legs, describing it as a mix of sharp and dull sensations that are constant and rated at an 8 out of 10 in intensity. She notes that the pain worsens with standing or walking for long periods and experiences numbness, tingling, and weakness in her left leg. The pain has impacted her ability to work, cook, and perform daily activities.

Objective:
Ms. Fleming presents with no fever, changes in bowel movements, or urinary issues. She is currently taking Gabapentin and Tramadol but reports minimal relief from these medications. Dr. Thompson has recommended physical therapy and aquatic exercise for pain management.

Assessment:
Ms. Fleming is experiencing chronic pain in her lower back and legs, with associated numbness and weakness in her left leg. Current medication management has provided limited relief, and alternative treatment options such as physical therapy and aquatic exercise are being considered.

Plan:
Schedule a follow-up appointment with Ms. Fleming to monitor her progress and adjust her treatment plan as needed. Explore the option of physical therapy and aquatic exercise for pain management. Collaborate with Dr. Thompson to coordinate further pain management strategies.",physician good morning ms fleming feeling today patient hi dr davis ive experiencing lot pain lately especially lower back legs hard sleep night daily activities physician see tell pain sharp dull radiating would rate intensity scale 1 10 patient pain mix sharp dull hard pinpoint like constant ache never goes away id say around 8 10 physician understand noticed exacerbating relieving factors example pain get worse movement rest certain activities patient yeah definitely gets worse im standing walking long periods sometimes feels like legs going give resting doesnt seem help much either physician see experienced numbness tingling weakness legs patient yes especially left leg feels like theres needles poking skin hard lift foot sometimes physician understand pain affecting daily life able work cook perform daily activities patient really hard anything ive take break work cant stand long periods even simple things like cooking cleaning difficult physician imagine noticed symptoms fever changes bowel movements urinary issues patient nothing like pain numbness legs physician okay tried treatments medications pain effect patient ive taking gabapentin tramadol prescribed previous doctor doesnt seem helping much sometimes feel like pain getting worse physician see dr thompson pain management specialist recommended physical therapy aquatic exercise pain management considered options patient yes ive thought im sure itll help im willing try anything point physician thats good attitude well definitely explore options meantime id like schedule followup appointment monitor progress adjust treatment plan needed sound good patient yes sounds great thank dr davis physician youre welcome ms fleming well work together find best solution pain,subjective ms fleming reports experiencing significant pain lower back legs describing mix sharp dull sensations constant rated 8 10 intensity notes pain worsens standing walking long periods experiences numbness tingling weakness left leg pain impacted ability work cook perform daily activities objective ms fleming presents fever changes bowel movements urinary issues currently taking gabapentin tramadol reports minimal relief medications dr thompson recommended physical therapy aquatic exercise pain management assessment ms fleming experiencing chronic pain lower back legs associated numbness weakness left leg current medication management provided limited relief alternative treatment options physical therapy aquatic exercise considered plan schedule followup appointment ms fleming monitor progress adjust treatment plan needed explore option physical therapy aquatic exercise pain management collaborate dr thompson coordinate pain management strategies,0.7522382,0.8413308262825012,0.3958333333333333,0.17910447761194032,0.2619047619047619
"
Physician: Good morning, Mr. Sanchez. How can I assist you today?

Patient: Hi, doctor. I've been feeling a bit off lately. I've had some dizzy spells, and my blood pressure seems to be creeping up.

Physician: I see. Can you tell me more about these dizzy spells? When did they start, and how often do you experience them?

Patient: They started a few weeks ago. I've had maybe half a dozen episodes so far. They usually last for a few minutes, and then I feel fine again.

Physician: Have you noticed any triggers that might be causing the dizziness? For example, do you feel dizzy when you stand up or change positions?

Patient: Yes, that's exactly what happens. I'll be sitting or lying down, and then I stand up, and the room starts spinning. It's like my head is spinning, you know?

Physician: I understand. Have you experienced any other symptoms, such as nausea, vomiting, or headaches?

Patient: No, nothing like that. Just the dizziness and the feeling of being lightheaded.

Physician: Okay. Now, let's talk about your blood pressure. Have you been monitoring it at home?

Patient: Yes, I have. It's been running a bit high, especially in the evenings.

Physician: I see. Have you noticed any changes in your urination patterns or experienced any swelling in your legs or ankles?

Patient: No, nothing like that. Just the high blood pressure readings.

Physician: Mr. Sanchez, based on what you've shared, it's possible that your hypertension might be causing the dizzy spells. We'll need to do some tests to rule out any underlying conditions that could be contributing to this. I'd like to schedule you for a follow-up appointment with our nurse practitioner, who will take a more detailed history and perform a physical examination. We'll also run some blood tests to check your electrolyte levels, renal function, and lipid panel. In the meantime, I'd like you to continue monitoring your blood pressure at home and keep a log of the readings. Does that sound good to you?

Patient: Yes, that makes sense. I appreciate your help, doctor.

Physician: Of course, Mr. Sanchez. We'll get to the bottom of this and make sure you're feeling better soon.","Subjective:
Mr. Sanchez reports experiencing dizzy spells that started a few weeks ago, occurring about half a dozen times. He describes the dizziness as feeling like the room is spinning when he stands up. He denies any associated symptoms such as nausea, vomiting, or headaches. He also mentions that his blood pressure has been running high, especially in the evenings.

Objective:
Mr. Sanchez appears alert and oriented during the conversation. His vital signs are within normal limits, except for slightly elevated blood pressure readings. No signs of swelling in the legs or ankles are noted. His recent lipid panel results show borderline high total cholesterol levels.

Assessment:
Based on Mr. Sanchez's symptoms and history of hypertension, the dizzy spells may be related to his elevated blood pressure. Further evaluation, including blood tests and a detailed physical examination, is warranted to rule out any underlying conditions contributing to his symptoms.

Plan:
Schedule a follow-up appointment with the nurse practitioner for a detailed history and physical examination. Run blood tests to check electrolyte levels, renal function, and lipid panel. Instruct Mr. Sanchez to continue monitoring his blood pressure at home and keep a log of the readings. Follow up with Mr. Sanchez to discuss test results and further management.",physician good morning mr sanchez assist today patient hi doctor ive feeling bit lately ive dizzy spells blood pressure seems creeping physician see tell dizzy spells start often experience patient started weeks ago ive maybe half dozen episodes far usually last minutes feel fine physician noticed triggers might causing dizziness example feel dizzy stand change positions patient yes thats exactly happens ill sitting lying stand room starts spinning like head spinning know physician understand experienced symptoms nausea vomiting headaches patient nothing like dizziness feeling lightheaded physician okay lets talk blood pressure monitoring home patient yes running bit high especially evenings physician see noticed changes urination patterns experienced swelling legs ankles patient nothing like high blood pressure readings physician mr sanchez based youve shared possible hypertension might causing dizzy spells well need tests rule underlying conditions could contributing id like schedule followup appointment nurse practitioner take detailed history perform physical examination well also run blood tests check electrolyte levels renal function lipid panel meantime id like continue monitoring blood pressure home keep log readings sound good patient yes makes sense appreciate help doctor physician course mr sanchez well get bottom make sure youre feeling better soon,subjective mr sanchez reports experiencing dizzy spells started weeks ago occurring half dozen times describes dizziness feeling like room spinning stands denies associated symptoms nausea vomiting headaches also mentions blood pressure running high especially evenings objective mr sanchez appears alert oriented conversation vital signs within normal limits except slightly elevated blood pressure readings signs swelling legs ankles noted recent lipid panel results show borderline high total cholesterol levels assessment based mr sanchezs symptoms history hypertension dizzy spells may related elevated blood pressure evaluation including blood tests detailed physical examination warranted rule underlying conditions contributing symptoms plan schedule followup appointment nurse practitioner detailed history physical examination run blood tests check electrolyte levels renal function lipid panel instruct mr sanchez continue monitoring blood pressure home keep log readings follow mr sanchez discuss test results management,0.7719399,0.8434062600135803,0.37369207772795215,0.14992503748125938,0.25112107623318386
"
Physician: Good morning, Tracey. How are you feeling today?

Patient: Hi, Dr. Stanley. I've been feeling pretty rough lately. My joints have been killing me, especially in the morning and when I haven't moved around in a while.

Physician: I see. Can you tell me more about the joint pain? Is it in just your hands and knees, or do you feel it in other joints as well?

Patient: It's mostly in my hands and knees, but sometimes I get this sharp pain in my hips too. It's like someone's stabbing me with a knife.

Physician: I understand. Have you noticed any swelling or redness in the affected joints?

Patient: No, nothing like that. It's just the pain. And it's not constant, it comes and goes. But it's been getting worse over the past few weeks.

Physician: Okay. Have you experienced any stiffness in your joints, especially in the morning?

Patient: Oh, yes. That's the worst part. It takes me a while to get moving in the morning because my joints feel so stiff. It's like they're frozen in place.

Physician: I see. And how long have you been experiencing this joint pain?

Patient: On and off for a few years, but like I said, it's been getting much worse lately.

Physician: I understand. Have you noticed any other symptoms, like fatigue, fever, or loss of appetite?

Patient: No, nothing like that. Just the pain.

Physician: Okay. Have you had any recent injuries or trauma to your joints?

Patient: No, nothing recent. I did hurt my knee a few years ago playing tennis, but it's been fine since then.

Physician: I see. And have you noticed any patterns that make the pain better or worse?

Patient: Well, like I said, it's worse in the morning and after I've been sitting or lying down for a while. It seems to get better if I'm moving around, but sometimes even that doesn't help.

Physician: I understand. And have you tried any treatments or medications for the pain?

Patient: I've been taking Naproxen as needed, but it doesn't seem to be helping as much lately. And I'm also on Lisinopril for my hypertension.

Physician: Okay. And have you noticed any side effects from the medications?

Patient: No, nothing that I can think of.

Physician: I see. Well, Tracey, based on what you've told me, it sounds like you're experiencing symptoms consistent with osteoarthritis. I'd like to order some tests to confirm the diagnosis and also check for any other potential causes of your pain. In the meantime, I'd like to increase your Naproxen dosage and also add a medication to help with the pain. Let's schedule a follow-up appointment for next week to discuss the results of the tests and further evaluate your condition. Does that sound good to you?

Patient: Yes, that sounds good. Thank you, Dr. Stanley.

Physician: You're welcome, Tracey. We'll get to the bottom of this and find a way to manage your pain.","Subjective:
Tracey Hall reports feeling rough lately due to worsening joint pain in her hands, knees, and hips. The pain is most severe in the morning and after prolonged periods of inactivity. She describes the pain as sharp and intermittent, with associated stiffness that improves with movement. Tracey denies swelling, redness, fatigue, fever, or loss of appetite. She mentions taking Naproxen for pain relief and Lisinopril for hypertension.

Objective:
Tracey Hall presents with joint pain in her hands, knees, and hips. No swelling or redness noted. She exhibits stiffness in the affected joints, particularly in the morning. Tracey appears alert and oriented, with no signs of distress. Vital signs are within normal limits. Physical examination reveals tenderness in the hands, knees, and hips.

Assessment:
Tracey Hall's symptoms are consistent with osteoarthritis, given the location and nature of her joint pain. Further diagnostic tests are warranted to confirm the diagnosis and rule out other potential causes. Medication adjustments may be necessary to manage her pain effectively.

Plan:
Order diagnostic tests to confirm osteoarthritis diagnosis and assess for other potential causes of joint pain. Increase Naproxen dosage for pain management. Schedule a follow-up appointment for next week to review test results and adjust treatment plan accordingly. Emphasize the importance of regular follow-up and adherence to medication regimen. Encourage lifestyle modifications to support joint health.",physician good morning tracey feeling today patient hi dr stanley ive feeling pretty rough lately joints killing especially morning havent moved around physician see tell joint pain hands knees feel joints well patient mostly hands knees sometimes get sharp pain hips like someones stabbing knife physician understand noticed swelling redness affected joints patient nothing like pain constant comes goes getting worse past weeks physician okay experienced stiffness joints especially morning patient oh yes thats worst part takes get moving morning joints feel stiff like theyre frozen place physician see long experiencing joint pain patient years like said getting much worse lately physician understand noticed symptoms like fatigue fever loss appetite patient nothing like pain physician okay recent injuries trauma joints patient nothing recent hurt knee years ago playing tennis fine since physician see noticed patterns make pain better worse patient well like said worse morning ive sitting lying seems get better im moving around sometimes even doesnt help physician understand tried treatments medications pain patient ive taking naproxen needed doesnt seem helping much lately im also lisinopril hypertension physician okay noticed side effects medications patient nothing think physician see well tracey based youve told sounds like youre experiencing symptoms consistent osteoarthritis id like order tests confirm diagnosis also check potential causes pain meantime id like increase naproxen dosage also add medication help pain lets schedule followup appointment next week discuss results tests evaluate condition sound good patient yes sounds good thank dr stanley physician youre welcome tracey well get bottom find way manage pain,subjective tracey hall reports feeling rough lately due worsening joint pain hands knees hips pain severe morning prolonged periods inactivity describes pain sharp intermittent associated stiffness improves movement tracey denies swelling redness fatigue fever loss appetite mentions taking naproxen pain relief lisinopril hypertension objective tracey hall presents joint pain hands knees hips swelling redness noted exhibits stiffness affected joints particularly morning tracey appears alert oriented signs distress vital signs within normal limits physical examination reveals tenderness hands knees hips assessment tracey halls symptoms consistent osteoarthritis given location nature joint pain diagnostic tests warranted confirm diagnosis rule potential causes medication adjustments may necessary manage pain effectively plan order diagnostic tests confirm osteoarthritis diagnosis assess potential causes joint pain increase naproxen dosage pain management schedule followup appointment next week review test results adjust treatment plan accordingly emphasize importance regular followup adherence medication regimen encourage lifestyle modifications support joint health,0.8043085,0.8237791657447815,0.34759358288770054,0.13136729222520108,0.1951871657754011
"

Physician: Good morning, Shannon. It's nice to meet you. I'm Dr. Price, your primary care physician. I understand you've been experiencing some sleep issues and fatigue. Can you tell me more about what's been going on?

Shannon: Yes, doctor. I've been having a lot of trouble sleeping lately. I have a hard time falling asleep, and when I do, I wake up multiple times throughout the night and can't seem to get back to sleep.

Physician: I see. Have you noticed any patterns or triggers that seem to affect your sleep? For instance, do certain activities or foods seem to impact your sleep quality?

Shannon: Well, I've noticed that if I consume caffeine or alcohol too close to bedtime, it can disrupt my sleep. But other than that, I can't really identify any specific patterns.

Physician: That's helpful to know. How long have you been experiencing these sleep issues?

Shannon: It's been about three years now. I've tried a few things here and there, but nothing seems to work for long.

Physician: I understand. Have you experienced any other symptoms aside from difficulty sleeping?

Shannon: Yes, doctor. I often feel tired and lack energy throughout the day. And sometimes, I get these tension headaches in the afternoons.

Physician: I see. Have you noticed any mood changes or irritability?

Shannon: Yes, definitely. I get frustrated and irritable, especially when I'm tired. It's affecting my work and relationships.

Physician: I can imagine. Have you experienced any significant life changes or stressors that might be contributing to your sleep issues?

Shannon: Well, I went through a divorce about a year ago, and that's been pretty difficult. But I'm not sure if that's related to my sleep problems.

Physician: It's possible that the stress and emotional impact of the divorce could be affecting your sleep. We'll definitely want to consider that as we explore potential factors.

Shannon: Okay, that makes sense.

Physician: Of course. Now, have you tried any treatments or remedies for your sleep issues in the past?

Shannon: Yes, I've tried melatonin and Ambien, but they don't seem to work consistently. And I've also tried relaxation techniques and meditation, but I'm not sure if I'm doing them correctly.

Physician: That's good that you've tried some things. We'll definitely want to consider other options, perhaps a sleep study to rule out any underlying sleep disorders. And we can also discuss cognitive behavioral therapy for insomnia, which has been shown to be effective in addressing sleep issues.

Shannon: That sounds promising.

Physician: Great. I'm also going to recommend that you follow up with a sleep specialist, Dr. Johnson. She'll be able to help us further evaluate your sleep patterns and offer additional guidance.

Shannon: Okay, that sounds good.

Physician: Excellent. In the meantime, let's start by scheduling a sleep study for you. And we'll also make sure to update your vaccinations and screenings, as we don't want any underlying health issues to be impacting your sleep.

Shannon: Alright, that sounds like a plan. Thank you, doctor.

Physician: You're welcome, Shannon. I'm glad we could have this conversation and start working on addressing your sleep issues. We'll work together to find the best solution for you.","SOAP Note:

Subjective:
Shannon Rice, a 40-year-old female, presents with chronic insomnia for the past three years. She reports difficulty falling asleep, waking up multiple times throughout the night, and experiencing daytime fatigue, headaches, and mood swings. Shannon attributes her mood swings to lack of sleep. She has tried melatonin and Ambien with inconsistent results. Shannon also mentions consuming caffeine and alcohol close to bedtime as potential triggers for her sleep issues. She recently went through a divorce, which she believes may contribute to her sleep problems.

Objective:
Shannon appears alert and engaged during the appointment. She reports feeling tired and lacking energy throughout the day. She experiences occasional tension headaches in the afternoons. No signs of substance use or intoxication observed. Vital signs are within normal limits. Sleep study scheduled for 2/22/2024.

Assessment:
Shannon presents with chronic insomnia, fatigue, headaches, and mood swings. The recent divorce may be contributing to her sleep issues. Previous treatments like melatonin and Ambien have been ineffective. Cognitive behavioral therapy for insomnia and a sleep study are recommended to further evaluate and address her sleep problems.

Plan:
1. Schedule a sleep study for Shannon on 2/22/2024 to assess for any underlying sleep disorders.
2. Refer Shannon to sleep specialist Dr. Johnson for further evaluation and guidance.
3. Discuss cognitive behavioral therapy for insomnia as a potential treatment option.
4. Update Shannon's vaccinations and screenings, including scheduling a flu shot and mammogram.
5. Follow up with Shannon in two weeks to review sleep study results and discuss further treatment options.",physician good morning shannon nice meet im dr price primary care physician understand youve experiencing sleep issues fatigue tell whats going shannon yes doctor ive lot trouble sleeping lately hard time falling asleep wake multiple times throughout night cant seem get back sleep physician see noticed patterns triggers seem affect sleep instance certain activities foods seem impact sleep quality shannon well ive noticed consume caffeine alcohol close bedtime disrupt sleep cant really identify specific patterns physician thats helpful know long experiencing sleep issues shannon three years ive tried things nothing seems work long physician understand experienced symptoms aside difficulty sleeping shannon yes doctor often feel tired lack energy throughout day sometimes get tension headaches afternoons physician see noticed mood changes irritability shannon yes definitely get frustrated irritable especially im tired affecting work relationships physician imagine experienced significant life changes stressors might contributing sleep issues shannon well went divorce year ago thats pretty difficult im sure thats related sleep problems physician possible stress emotional impact divorce could affecting sleep well definitely want consider explore potential factors shannon okay makes sense physician course tried treatments remedies sleep issues past shannon yes ive tried melatonin ambien dont seem work consistently ive also tried relaxation techniques meditation im sure im correctly physician thats good youve tried things well definitely want consider options perhaps sleep study rule underlying sleep disorders also discuss cognitive behavioral therapy insomnia shown effective addressing sleep issues shannon sounds promising physician great im also going recommend follow sleep specialist dr johnson shell able help us evaluate sleep patterns offer additional guidance shannon okay sounds good physician excellent meantime lets start scheduling sleep study well also make sure update vaccinations screenings dont want underlying health issues impacting sleep shannon alright sounds like plan thank doctor physician youre welcome shannon im glad could conversation start working addressing sleep issues well work together find best solution,soap note subjective shannon rice 40yearold female presents chronic insomnia past three years reports difficulty falling asleep waking multiple times throughout night experiencing daytime fatigue headaches mood swings shannon attributes mood swings lack sleep tried melatonin ambien inconsistent results shannon also mentions consuming caffeine alcohol close bedtime potential triggers sleep issues recently went divorce believes may contribute sleep problems objective shannon appears alert engaged appointment reports feeling tired lacking energy throughout day experiences occasional tension headaches afternoons signs substance use intoxication observed vital signs within normal limits sleep study scheduled 2222024 assessment shannon presents chronic insomnia fatigue headaches mood swings recent divorce may contributing sleep issues previous treatments like melatonin ambien ineffective cognitive behavioral therapy insomnia sleep study recommended evaluate address sleep problems plan 1 schedule sleep study shannon 2222024 assess underlying sleep disorders 2 refer shannon sleep specialist dr johnson evaluation guidance 3 discuss cognitive behavioral therapy insomnia potential treatment option 4 update shannons vaccinations screenings including scheduling flu shot mammogram 5 follow shannon two weeks review sleep study results discuss treatment options,0.77994454,0.8282049894332886,0.3289473684210526,0.11221122112211221,0.20723684210526314
"
Physician: Good morning, Russell. How can I assist you today?

Patient: Hi, doctor. I've been feeling really run down lately and have noticed some weight gain, even though I've been trying to eat healthily and exercise regularly. Also, I've been feeling cold all the time, even in warm weather.

Physician: I see. Can you tell me more about your fatigue? What does a typical day look like for you, and how has your daily routine been affected by your symptoms?

Patient: Well, I work as a software engineer, and I've been finding it harder to concentrate and stay focused throughout the day. I used to be able to work long hours without feeling too tired, but now I feel exhausted even after a few hours. I've also been having trouble sleeping at night, which doesn't help.

Physician: I understand. Have you experienced any other symptoms that might be related to your thyroid function? For example, changes in your menstrual cycle, mood swings, or muscle weakness?

Patient: Yes, actually. My periods have been heavier and more frequent lately, and I've been feeling pretty down and anxious. I've also noticed some hair loss, which I thought might be related to stress, but now I'm worried it could be related to my thyroid.

Physician: Those are all important details. Have you experienced any symptoms that might indicate hyperthyroidism, such as tremors, sweating, or a rapid heartbeat?

Patient: No, nothing like that. Just the opposite – I feel like I'm constantly cold and sluggish.

Physician: I see. Have you noticed any changes in your bowel movements or appetite?

Patient: Yes, I've been constipated a lot lately, and I've noticed that my appetite has increased, but I haven't been able to lose any weight despite eating more.

Physician: Thanks for sharing that information. Now, I'd like to ask you a few questions about your family medical history. Does anyone in your immediate family have a history of thyroid problems or autoimmune disorders?

Patient: Actually, yes. My mom was diagnosed with Graves' disease when I was a kid. I remember her going through a bunch of treatments and medications for it.

Physician: That's helpful to know. Based on what you've shared, it's possible that you might have a thyroid disorder, such as hypothyroidism. We'll need to run some tests to confirm this and rule out other potential causes for your symptoms. In the meantime, I'd like to schedule you for a TSH test and a thyroid ultrasound to get a better picture of your thyroid function. Does that sound good to you?

Patient: Sure, that makes sense. I just want to feel better and get back to my normal self.

Physician: Of course. We'll get you set up with the tests and follow up soon to discuss the results. In the meantime, I recommend that you start taking levothyroxine, a medication that can help regulate your thyroid function. We'll monitor your progress and adjust your dosage as needed. Let me know if you have any questions or concerns, and we'll be in touch soon.","Subjective:
Russell Franklin reports feeling run down, experiencing weight gain despite healthy eating and regular exercise, feeling cold all the time, and having trouble concentrating at work. He also mentions trouble sleeping at night, heavier and more frequent periods, feelings of anxiety and hair loss. Russell denies symptoms of hyperthyroidism such as tremors, sweating, or rapid heartbeat. He reports constipation, increased appetite, and an inability to lose weight. Russell discloses a family history of thyroid problems, specifically his mother's diagnosis of Graves' disease.

Objective:
Russell appears fatigued during the appointment but is alert and oriented. Vital signs are within normal limits. Physical examination reveals no signs of hyperthyroidism. Laboratory results show elevated TSH levels (5.5 mIU/L) and normal T3 (101 ng/dL) and T4 (6.2 mcg/dL) levels.

Assessment:
Based on Russell's symptoms, family history, and laboratory results, it is likely that he is experiencing hypothyroidism. Further testing, including a thyroid ultrasound, is recommended to confirm the diagnosis. Russell will be started on levothyroxine to regulate his thyroid function.

Plan:
1. Schedule TSH test and thyroid ultrasound to confirm hypothyroidism.
2. Initiate treatment with levothyroxine 100 mcg once daily.
3. Monitor Russell's progress and adjust medication dosage as needed.
4. Follow up with Russell to discuss test results and treatment plan.
5. Educate Russell on hypothyroidism, medication management, and lifestyle modifications.
6. Address any questions or concerns Russell may have regarding his condition and treatment.",physician good morning russell assist today patient hi doctor ive feeling really run lately noticed weight gain even though ive trying eat healthily exercise regularly also ive feeling cold time even warm weather physician see tell fatigue typical day look like daily routine affected symptoms patient well work software engineer ive finding harder concentrate stay focused throughout day used able work long hours without feeling tired feel exhausted even hours ive also trouble sleeping night doesnt help physician understand experienced symptoms might related thyroid function example changes menstrual cycle mood swings muscle weakness patient yes actually periods heavier frequent lately ive feeling pretty anxious ive also noticed hair loss thought might related stress im worried could related thyroid physician important details experienced symptoms might indicate hyperthyroidism tremors sweating rapid heartbeat patient nothing like opposite feel like im constantly cold sluggish physician see noticed changes bowel movements appetite patient yes ive constipated lot lately ive noticed appetite increased havent able lose weight despite eating physician thanks sharing information id like ask questions family medical history anyone immediate family history thyroid problems autoimmune disorders patient actually yes mom diagnosed graves disease kid remember going bunch treatments medications physician thats helpful know based youve shared possible might thyroid disorder hypothyroidism well need run tests confirm rule potential causes symptoms meantime id like schedule tsh test thyroid ultrasound get better picture thyroid function sound good patient sure makes sense want feel better get back normal self physician course well get set tests follow soon discuss results meantime recommend start taking levothyroxine medication help regulate thyroid function well monitor progress adjust dosage needed let know questions concerns well touch soon,subjective russell franklin reports feeling run experiencing weight gain despite healthy eating regular exercise feeling cold time trouble concentrating work also mentions trouble sleeping night heavier frequent periods feelings anxiety hair loss russell denies symptoms hyperthyroidism tremors sweating rapid heartbeat reports constipation increased appetite inability lose weight russell discloses family history thyroid problems specifically mothers diagnosis graves disease objective russell appears fatigued appointment alert oriented vital signs within normal limits physical examination reveals signs hyperthyroidism laboratory results show elevated tsh levels 55 miul normal t3 101 ngdl t4 62 mcgdl levels assessment based russells symptoms family history laboratory results likely experiencing hypothyroidism testing including thyroid ultrasound recommended confirm diagnosis russell started levothyroxine regulate thyroid function plan 1 schedule tsh test thyroid ultrasound confirm hypothyroidism 2 initiate treatment levothyroxine 100 mcg daily 3 monitor russells progress adjust medication dosage needed 4 follow russell discuss test results treatment plan 5 educate russell hypothyroidism medication management lifestyle modifications 6 address questions concerns russell may regarding condition treatment,0.7631103,0.8265198469161987,0.3402597402597402,0.1171875,0.22077922077922077
"

Physician: Good morning, Kim. How has your week been so far?

Patient: Hi, Dr. Porter. It's been a bit challenging. I've been experiencing increased joint pain in my right knee, especially when I sit or stand for too long.

Physician: I see. Have you noticed any swelling or redness in the affected area?

Patient: No, nothing like that. It's just the pain that's been bothering me.

Physician: Okay. Can you tell me more about the pain? Is it sharp, dull, or throbbing?

Patient: It's a dull ache that becomes sharper when I move around.

Physician: I understand. Have you tried any treatments or medications for the pain?

Patient: I've been taking over-the-counter ibuprofen, but it only provides temporary relief.

Physician: I see. Have you noticed any stiffness or limited mobility in the knee?

Patient: Yes, especially in the mornings. It takes a while for me to get moving.

Physician: I understand. Let's take a step back and look at your overall health. You have a history of asthma and anxiety. How have those conditions been managed lately?

Patient: My asthma has been under control, thanks to my medication. The anxiety is still a bit of a challenge, but I've been trying to manage it with meditation and deep breathing exercises.

Physician: That's great to hear. Now, let's discuss your family history. Your mother has rheumatoid arthritis. Has anyone else in your family had joint problems or autoimmune disorders?

Patient: No, my mother is the only one in my immediate family with such a condition.

Physician: I see. One last question before we move on to the physical examination. Have you noticed any other symptoms, such as fever, fatigue, or weight loss?

Patient: No, nothing like that. Just the knee pain that's been bothering me.

Physician: Alright, thank you for sharing that information, Kim. I'm going to perform a physical examination, and we'll discuss the results further. We might need to order some diagnostic tests to get a better understanding of what's going on with your knee.","Subjective:
Kim Bailey reports increased joint pain in her right knee, especially after prolonged sitting or standing. She describes the pain as a dull ache that becomes sharper with movement. She has been managing the pain with over-the-counter ibuprofen, but it only provides temporary relief. Kim also mentions stiffness and limited mobility in the knee, particularly in the mornings. She states that her asthma is well-controlled with medication and that she manages her anxiety with meditation and deep breathing exercises. Kim denies any other symptoms such as fever, fatigue, or weight loss.

Objective:
During the physical examination, Kim's right knee shows no signs of swelling or redness. There is tenderness on palpation, and she exhibits limited range of motion, especially in flexion and extension. No other abnormalities are noted during the examination. Kim's vital signs are within normal limits. She appears well-groomed and in no acute distress.

Assessment:
Kim Bailey presents with chronic joint pain in her right knee, likely due to overuse or degenerative changes. The pain is exacerbated by prolonged sitting or standing and is associated with stiffness and limited mobility. Her asthma is well-controlled with medication, and she employs coping strategies to manage her anxiety effectively.

Plan:
1. Order diagnostic tests such as X-rays or MRI to further evaluate the underlying cause of Kim's knee pain.
2. Recommend continued use of over-the-counter ibuprofen for pain management.
3. Refer Kim to physical therapy for targeted exercises to improve knee strength and flexibility.
4. Follow up with Kim in two weeks to review diagnostic results and adjust treatment plan as needed.
5. Encourage Kim to continue her asthma and anxiety management strategies and provide resources for additional support if necessary.",physician good morning kim week far patient hi dr porter bit challenging ive experiencing increased joint pain right knee especially sit stand long physician see noticed swelling redness affected area patient nothing like pain thats bothering physician okay tell pain sharp dull throbbing patient dull ache becomes sharper move around physician understand tried treatments medications pain patient ive taking overthecounter ibuprofen provides temporary relief physician see noticed stiffness limited mobility knee patient yes especially mornings takes get moving physician understand lets take step back look overall health history asthma anxiety conditions managed lately patient asthma control thanks medication anxiety still bit challenge ive trying manage meditation deep breathing exercises physician thats great hear lets discuss family history mother rheumatoid arthritis anyone else family joint problems autoimmune disorders patient mother one immediate family condition physician see one last question move physical examination noticed symptoms fever fatigue weight loss patient nothing like knee pain thats bothering physician alright thank sharing information kim im going perform physical examination well discuss results might need order diagnostic tests get better understanding whats going knee,subjective kim bailey reports increased joint pain right knee especially prolonged sitting standing describes pain dull ache becomes sharper movement managing pain overthecounter ibuprofen provides temporary relief kim also mentions stiffness limited mobility knee particularly mornings states asthma wellcontrolled medication manages anxiety meditation deep breathing exercises kim denies symptoms fever fatigue weight loss objective physical examination kims right knee shows signs swelling redness tenderness palpation exhibits limited range motion especially flexion extension abnormalities noted examination kims vital signs within normal limits appears wellgroomed acute distress assessment kim bailey presents chronic joint pain right knee likely due overuse degenerative changes pain exacerbated prolonged sitting standing associated stiffness limited mobility asthma wellcontrolled medication employs coping strategies manage anxiety effectively plan 1 order diagnostic tests xrays mri evaluate underlying cause kims knee pain 2 recommend continued use overthecounter ibuprofen pain management 3 refer kim physical therapy targeted exercises improve knee strength flexibility 4 follow kim two weeks review diagnostic results adjust treatment plan needed 5 encourage kim continue asthma anxiety management strategies provide resources additional support necessary,0.71842027,0.8247610330581665,0.35792019347037485,0.1406060606060606,0.19588875453446192
"
Physician: Good morning, Mrs. Bishop. How are you feeling today?

Patient: Hi, Dr. Terry. I'm not feeling too great, to be honest. I've been experiencing some severe headaches lately.

Physician: Sorry to hear that. Can you tell me more about these headaches? When did they start, and how often do you get them?

Patient: They started about a year ago, and they've been happening pretty frequently - at least once or twice a week.

Physician: Have you noticed any patterns or triggers that might be contributing to the headaches?

Patient: Not really. Sometimes they seem to come out of nowhere, and other times, they'll happen after I've been doing some strenuous activity or bending down.

Physician: I see. Have you experienced any other symptoms aside from the headaches? Perhaps some nausea, dizziness, or sensitivity to light or sound?

Patient: Yes, actually. I do get some nausea and sensitivity to light during the headaches.

Physician: Okay. Have you noticed any changes in your vision, such as blurred vision, double vision, or loss of vision?

Patient: No, nothing like that.

Physician: Good. Now, you mentioned that the headaches have been affecting your daily activities. Can you elaborate on that a bit?

Patient: Well, I've had to cut back on my work hours because I'm not able to focus as well when I have a headache. And sometimes, I'll have to cancel plans with friends and family because I'm just not feeling up to it.

Physician: I understand. Have you experienced any numbness or weakness in your face or extremities during the headaches?

Patient: No, not that I've noticed.

Physician: Okay. Have you tried any over-the-counter medications or remedies for the headaches, and if so, what was the effect?

Patient: Yes, I've tried ibuprofen and acetaminophen, but they only seem to take the edge off. Sometimes, they don't do anything at all.

Physician: I see. Have you noticed any changes in your sleep patterns or appetite recently?

Patient: No, not really. I've been sleeping pretty well, and my appetite is normal.

Physician: Okay. Lastly, have you experienced any mood changes, such as depression, anxiety, or irritability?

Patient: A little bit of irritability, maybe. But I think that's mostly due to the headaches.

Physician: Understood. Thank you for sharing all that information, Mrs. Bishop. Based on what you've told me, it sounds like you might be experiencing migraines. I'd like to start you on a medication to help prevent them. We'll also schedule you for a follow-up appointment in four weeks to monitor your progress and make any necessary adjustments. In the meantime, I recommend that you avoid any triggers you may have identified and keep a headache diary to track the frequency and severity of the headaches. Does that sound good to you?

Patient: Yes, that sounds great. Thank you, Dr. Terry. I'm glad to have a plan in place.","Subjective:
Mrs. Bishop reports experiencing severe headaches that started about a year ago, occurring once or twice a week. She notes nausea and sensitivity to light during these episodes, impacting her daily activities and work. Over-the-counter medications provide minimal relief. No changes in vision, sleep, appetite, or mood noted.

Objective:
Mrs. Bishop appears alert and engaged during the conversation. No signs of distress or discomfort observed. Neurologist note indicates initiation of migraine prophylaxis. Vital signs within normal limits. No focal neurological deficits noted.

Assessment:
Based on Mrs. Bishop's history and symptoms, she is likely experiencing migraines. Treatment plan includes starting medication for prevention, monitoring progress, and follow-up in four weeks. Patient advised to identify triggers, maintain a headache diary, and avoid known triggers.

Plan:
Initiate migraine prophylaxis medication as prescribed by the neurologist. Schedule follow-up appointment in four weeks to assess treatment efficacy and adjust as needed. Advise patient to track headaches in a diary, identify triggers, and avoid them. Encourage open communication and support from family members.",physician good morning mrs bishop feeling today patient hi dr terry im feeling great honest ive experiencing severe headaches lately physician sorry hear tell headaches start often get patient started year ago theyve happening pretty frequently least twice week physician noticed patterns triggers might contributing headaches patient really sometimes seem come nowhere times theyll happen ive strenuous activity bending physician see experienced symptoms aside headaches perhaps nausea dizziness sensitivity light sound patient yes actually get nausea sensitivity light headaches physician okay noticed changes vision blurred vision double vision loss vision patient nothing like physician good mentioned headaches affecting daily activities elaborate bit patient well ive cut back work hours im able focus well headache sometimes ill cancel plans friends family im feeling physician understand experienced numbness weakness face extremities headaches patient ive noticed physician okay tried overthecounter medications remedies headaches effect patient yes ive tried ibuprofen acetaminophen seem take edge sometimes dont anything physician see noticed changes sleep patterns appetite recently patient really ive sleeping pretty well appetite normal physician okay lastly experienced mood changes depression anxiety irritability patient little bit irritability maybe think thats mostly due headaches physician understood thank sharing information mrs bishop based youve told sounds like might experiencing migraines id like start medication help prevent well also schedule followup appointment four weeks monitor progress make necessary adjustments meantime recommend avoid triggers may identified keep headache diary track frequency severity headaches sound good patient yes sounds great thank dr terry im glad plan place,subjective mrs bishop reports experiencing severe headaches started year ago occurring twice week notes nausea sensitivity light episodes impacting daily activities work overthecounter medications provide minimal relief changes vision sleep appetite mood noted objective mrs bishop appears alert engaged conversation signs distress discomfort observed neurologist note indicates initiation migraine prophylaxis vital signs within normal limits focal neurological deficits noted assessment based mrs bishops history symptoms likely experiencing migraines treatment plan includes starting medication prevention monitoring progress followup four weeks patient advised identify triggers maintain headache diary avoid known triggers plan initiate migraine prophylaxis medication prescribed neurologist schedule followup appointment four weeks assess treatment efficacy adjust needed advise patient track headaches diary identify triggers avoid encourage open communication support family members,0.7687983,0.8265879154205322,0.31044776119402984,0.10179640718562875,0.1791044776119403
"
Physician: Good morning, Joyce. It's a pleasure to meet you. How are you feeling today?

Patient: Hi, Dr. Boyd. I'm doing alright, I guess. I've been feeling a bit off lately.

Physician: Can you elaborate on that? What do you mean by ""a bit off""?

Patient: Well, I've been experiencing some fatigue, and my energy levels have been low. I've also noticed some weight gain recently, even though I haven't changed my diet much. Oh, and my blood sugar readings have been higher than usual.

Physician: I see. Have you noticed any other symptoms? Perhaps changes in your appetite, nausea, or abdominal discomfort?

Patient: Yes, I have been feeling a bit more hungry than usual, and sometimes I get this weird, tingling sensation in my hands and feet.

Physician: That's helpful information. Now, I understand you've been experiencing some weight gain. Can you tell me a bit more about your diet and exercise habits?

Patient: Sure. I try to eat healthily, but I do have a sweet tooth. And as for exercise, I used to enjoy walking, but lately, I haven't been able to do it as much due to joint pain.

Physician: I see. Have you experienced any stress or anxiety lately? Sometimes, these factors can contribute to changes in appetite and energy levels.

Patient: Yes, I have been feeling a bit stressed. My job has been quite demanding lately, and I've been struggling to balance work and family responsibilities.

Physician: I understand. Joyce, based on what you've shared, it sounds like we need to take a closer look at your diabetes management and perhaps consider some lifestyle changes to help you feel better. I'd like to schedule some follow-up appointments with our dietitian to discuss a personalized meal plan and exercise program that will help you reach your health goals. Additionally, we'll need to review your medications and consider adjusting your dosages or prescribing new medications if necessary. We'll also schedule you for a colonoscopy to rule out any potential issues. I'll work with you to develop a plan that addresses your health concerns and helps you feel better. How does that sound?

Patient: That sounds great, Dr. Boyd. Thank you for taking the time to listen to me and for your help.

Physician: You're welcome, Joyce. I'm here to support you in any way I can. Let's work together to get you feeling better.","Subjective:
Joyce Byrd reports feeling fatigued with low energy levels, experiencing weight gain despite minimal changes in diet, and elevated blood sugar readings. She also mentions increased hunger, tingling sensations in her hands and feet, and joint pain limiting her exercise routine. Joyce acknowledges feeling stressed due to work and family responsibilities.

Objective:
Joyce appears well-groomed and cooperative during the appointment. Vital signs are within normal limits. Physical examination reveals no acute abnormalities. Joyce's weight has increased since her last visit.

Assessment:
Joyce presents with symptoms suggestive of poorly controlled type 2 diabetes, including fatigue, weight gain, and elevated blood sugar levels. Her dietary habits and exercise routine may need modification to improve her health. Stress management strategies may also be beneficial in addressing her symptoms.

Plan:
1. Schedule follow-up appointments with the dietitian to create a personalized meal plan and exercise program.
2. Review current medications and consider adjustments or new prescriptions as needed.
3. Schedule a colonoscopy to evaluate gastrointestinal health.
4. Discuss stress management techniques and potential lifestyle changes to improve overall well-being.
5. Monitor Joyce's progress closely and provide ongoing support and guidance.",physician good morning joyce pleasure meet feeling today patient hi dr boyd im alright guess ive feeling bit lately physician elaborate mean bit patient well ive experiencing fatigue energy levels low ive also noticed weight gain recently even though havent changed diet much oh blood sugar readings higher usual physician see noticed symptoms perhaps changes appetite nausea abdominal discomfort patient yes feeling bit hungry usual sometimes get weird tingling sensation hands feet physician thats helpful information understand youve experiencing weight gain tell bit diet exercise habits patient sure try eat healthily sweet tooth exercise used enjoy walking lately havent able much due joint pain physician see experienced stress anxiety lately sometimes factors contribute changes appetite energy levels patient yes feeling bit stressed job quite demanding lately ive struggling balance work family responsibilities physician understand joyce based youve shared sounds like need take closer look diabetes management perhaps consider lifestyle changes help feel better id like schedule followup appointments dietitian discuss personalized meal plan exercise program help reach health goals additionally well need review medications consider adjusting dosages prescribing new medications necessary well also schedule colonoscopy rule potential issues ill work develop plan addresses health concerns helps feel better sound patient sounds great dr boyd thank taking time listen help physician youre welcome joyce im support way lets work together get feeling better,subjective joyce byrd reports feeling fatigued low energy levels experiencing weight gain despite minimal changes diet elevated blood sugar readings also mentions increased hunger tingling sensations hands feet joint pain limiting exercise routine joyce acknowledges feeling stressed due work family responsibilities objective joyce appears wellgroomed cooperative appointment vital signs within normal limits physical examination reveals acute abnormalities joyces weight increased since last visit assessment joyce presents symptoms suggestive poorly controlled type 2 diabetes including fatigue weight gain elevated blood sugar levels dietary habits exercise routine may need modification improve health stress management strategies may also beneficial addressing symptoms plan 1 schedule followup appointments dietitian create personalized meal plan exercise program 2 review current medications consider adjustments new prescriptions needed 3 schedule colonoscopy evaluate gastrointestinal health 4 discuss stress management techniques potential lifestyle changes improve overall wellbeing 5 monitor joyces progress closely provide ongoing support guidance,0.7670961,0.8208580613136292,0.4099378881987577,0.17757009345794392,0.2298136645962733
"
Physician: Good morning, Norman. How are you feeling today?

Patient: Hi, Doc. I'm doing alright, but I've been experiencing some persistent joint pain in my right knee. It's been bothering me for a while now.

Physician: I see. Can you tell me more about the pain? Is it a dull ache or a sharp, stabbing sensation?

Patient: It's a dull ache, mostly. It's like someone's putting pressure on my knee all the time. It's worse when I'm standing or walking.

Physician: Okay. Have you noticed any swelling or redness in the knee?

Patient: No, nothing like that. Just the pain.

Physician: Alright. Have you recently experienced any injuries or trauma to the knee?

Patient: Well, I did twist my knee a bit while playing basketball a few weeks ago. But it didn't seem like a big deal at the time.

Physician: I see. That could potentially be the cause of the pain. Have you noticed any limitations in your mobility or range of motion in the knee?

Patient: Yeah, definitely. It's hard for me to bend or straighten my knee fully. It feels like it's stuck or something.

Physician: Okay. Have you been experiencing any other symptoms, like stiffness or locking of the knee?

Patient: Yeah, it does get stiff sometimes, especially after I've been sitting for a while. And sometimes it feels like it's locking up, like I can't move it at all.

Physician: I understand. Have you noticed any clicking or snapping sensations in the knee?

Patient: Clicking? No, nothing like that. But sometimes it does feel like the knee is slipping or giving way.

Physician: Okay. Have you experienced any pain or discomfort in other parts of your body, like your lower back or hips?

Patient: No, it's just the knee.

Physician: Alright. Have you tried any treatments or medications for the pain yet?

Patient: Just ibuprofen, but it doesn't seem to be helping much.

Physician: Okay. We'll need to take a closer look at your knee. I'll order an X-ray to rule out any structural issues, like a fracture or arthritis. In the meantime, I'd like to refer you to physical therapy to help improve your mobility and reduce the pain. We'll also consider other treatment options, like corticosteroid injections or anti-inflammatory medications, depending on the results of the X-ray. Does that sound good to you?

Patient: Sounds good, Doc. Thanks for your help.

Physician: You're welcome, Norman. We'll get to the bottom of this and get you feeling better in no time.","Subjective:
Norman Rhodes reports persistent joint pain in his right knee, describing it as a dull ache that worsens with standing or walking. He denies any swelling or redness but notes difficulty bending or straightening his knee fully. He attributes the pain to a recent twisting injury while playing basketball. Ibuprofen has provided minimal relief.

Objective:
Norman appears in no acute distress during the examination. There is no visible swelling or redness in the right knee. Limited range of motion is noted, with stiffness and occasional locking sensations. No clicking or snapping is reported. No other areas of pain or discomfort are identified.

Assessment:
Norman presents with chronic joint pain in his right knee, likely due to a previous twisting injury. Further evaluation with an X-ray is warranted to rule out structural issues such as fractures or arthritis. Physical therapy is recommended to improve mobility and reduce pain. Additional treatment options, including corticosteroid injections or anti-inflammatory medications, will be considered based on X-ray results.

Plan:
1. Order X-ray of the right knee to assess for structural abnormalities.
2. Refer Norman to physical therapy for mobility improvement and pain management.
3. Consider corticosteroid injections or anti-inflammatory medications based on X-ray findings.
4. Follow up with Norman to discuss X-ray results and adjust treatment plan accordingly.",physician good morning norman feeling today patient hi doc im alright ive experiencing persistent joint pain right knee bothering physician see tell pain dull ache sharp stabbing sensation patient dull ache mostly like someones putting pressure knee time worse im standing walking physician okay noticed swelling redness knee patient nothing like pain physician alright recently experienced injuries trauma knee patient well twist knee bit playing basketball weeks ago didnt seem like big deal time physician see could potentially cause pain noticed limitations mobility range motion knee patient yeah definitely hard bend straighten knee fully feels like stuck something physician okay experiencing symptoms like stiffness locking knee patient yeah get stiff sometimes especially ive sitting sometimes feels like locking like cant move physician understand noticed clicking snapping sensations knee patient clicking nothing like sometimes feel like knee slipping giving way physician okay experienced pain discomfort parts body like lower back hips patient knee physician alright tried treatments medications pain yet patient ibuprofen doesnt seem helping much physician okay well need take closer look knee ill order xray rule structural issues like fracture arthritis meantime id like refer physical therapy help improve mobility reduce pain well also consider treatment options like corticosteroid injections antiinflammatory medications depending results xray sound good patient sounds good doc thanks help physician youre welcome norman well get bottom get feeling better time,subjective norman rhodes reports persistent joint pain right knee describing dull ache worsens standing walking denies swelling redness notes difficulty bending straightening knee fully attributes pain recent twisting injury playing basketball ibuprofen provided minimal relief objective norman appears acute distress examination visible swelling redness right knee limited range motion noted stiffness occasional locking sensations clicking snapping reported areas pain discomfort identified assessment norman presents chronic joint pain right knee likely due previous twisting injury evaluation xray warranted rule structural issues fractures arthritis physical therapy recommended improve mobility reduce pain additional treatment options including corticosteroid injections antiinflammatory medications considered based xray results plan 1 order xray right knee assess structural abnormalities 2 refer norman physical therapy mobility improvement pain management 3 consider corticosteroid injections antiinflammatory medications based xray findings 4 follow norman discuss xray results adjust treatment plan accordingly,0.70940185,0.8293578624725342,0.3548387096774194,0.14411764705882354,0.22287390029325518
"
Physician: Good morning, Wallace. I'm Dr. Fleming, your primary care physician. I understand you've been experiencing some discomfort in your left ear. Can you tell me more about what you've been feeling?

Patient: Yeah, it started about a week ago. I get this sharp pain in my left ear, especially when I chew or yawn. It's like someone's stabbing a knife into my eardrum. It's been constant, and it's really affecting my hearing. I can't even hear the TV properly.

Physician: I see. Have you noticed any discharge or fluid coming out of your ear?

Patient: No, nothing like that. Just a lot of pain and pressure.

Physician: Okay. Have you had a fever or felt generally unwell?

Patient: Yeah, I've had a low-grade fever, like 99 or 100, and I've been feeling pretty tired and run down.

Physician: I understand. Have you tried any over-the-counter medications or remedies for the pain?

Patient: Yeah, I've been taking some ibuprofen and acetaminophen, but it's not really doing much. It just takes the edge off for a little while.

Physician: I see. Have you had any previous ear problems or infections?

Patient: Actually, I had a lot of ear infections when I was a kid. My pediatrician told me that I had some fluid buildup in my middle ear, and that's why I kept getting them. Haven't had one in years, though.

Physician: Interesting. And you mentioned that you have seasonal allergies?

Patient: Yeah, I get really bad hay fever in the spring and summer. I've been using some over-the-counter nasal sprays and antihistamines, but they don't seem to be doing much for my ear pain.

Physician: Okay, that's helpful information. Have you noticed any itching or discharge in your nose or throat?

Patient: Yeah, my nose has been really stuffy and runny. And my throat has been itchy and sore.

Physician: I see. Have you had any recent travel or exposure to illness?

Patient: No, nothing recent. I did go on a trip to California a few months ago, but I don't think that's related.

Physician: Alright, that's good to know. Based on what you've told me, it sounds like you might have developed an ear infection. I'd like to refer you to an ENT specialist to get a closer look at your ear and possibly do some tests. In the meantime, I'll prescribe you some antibiotics to help clear up the infection. We'll also schedule a follow-up appointment to check on your progress. Does that sound good to you?

Patient: Yeah, that sounds great. Thank you, doctor.

Physician: Of course, Wallace. We'll get you feeling better in no time.","Subjective:
Wallace Gregory, a 28-year-old male, presents with complaints of sharp pain in his left ear that started a week ago. He describes the pain as constant and worsens when chewing or yawning. He reports a low-grade fever of 99-100, feeling tired, and run down. Wallace has a history of recurrent ear infections in childhood and seasonal allergies. Over-the-counter pain relievers provide minimal relief. He denies any nasal or throat discharge but reports nasal congestion and throat itchiness.

Objective:
Wallace appears uncomfortable during the examination. He has tenderness over the left ear and decreased hearing. No visible discharge or fluid noted. Vital signs are within normal limits. Tympanometry and further evaluation by an ENT specialist are recommended.

Assessment:
Suspected otitis media in the left ear based on clinical presentation and history of recurrent ear infections. Antibiotics may be necessary to treat the infection. Referral to ENT specialist for further evaluation and management. Seasonal allergies may be exacerbating symptoms.

Plan:
Prescribe antibiotics for suspected otitis media. Refer Wallace to ENT specialist for tympanometry and additional testing. Schedule a follow-up appointment to monitor progress. Advise continued use of over-the-counter nasal sprays and antihistamines for seasonal allergies. Educate on ear infection prevention and management. Follow up on flu vaccine status and schedule overdue colonoscopy.",physician good morning wallace im dr fleming primary care physician understand youve experiencing discomfort left ear tell youve feeling patient yeah started week ago get sharp pain left ear especially chew yawn like someones stabbing knife eardrum constant really affecting hearing cant even hear tv properly physician see noticed discharge fluid coming ear patient nothing like lot pain pressure physician okay fever felt generally unwell patient yeah ive lowgrade fever like 99 100 ive feeling pretty tired run physician understand tried overthecounter medications remedies pain patient yeah ive taking ibuprofen acetaminophen really much takes edge little physician see previous ear problems infections patient actually lot ear infections kid pediatrician told fluid buildup middle ear thats kept getting havent one years though physician interesting mentioned seasonal allergies patient yeah get really bad hay fever spring summer ive using overthecounter nasal sprays antihistamines dont seem much ear pain physician okay thats helpful information noticed itching discharge nose throat patient yeah nose really stuffy runny throat itchy sore physician see recent travel exposure illness patient nothing recent go trip california months ago dont think thats related physician alright thats good know based youve told sounds like might developed ear infection id like refer ent specialist get closer look ear possibly tests meantime ill prescribe antibiotics help clear infection well also schedule followup appointment check progress sound good patient yeah sounds great thank doctor physician course wallace well get feeling better time,subjective wallace gregory 28yearold male presents complaints sharp pain left ear started week ago describes pain constant worsens chewing yawning reports lowgrade fever 99100 feeling tired run wallace history recurrent ear infections childhood seasonal allergies overthecounter pain relievers provide minimal relief denies nasal throat discharge reports nasal congestion throat itchiness objective wallace appears uncomfortable examination tenderness left ear decreased hearing visible discharge fluid noted vital signs within normal limits tympanometry evaluation ent specialist recommended assessment suspected otitis media left ear based clinical presentation history recurrent ear infections antibiotics may necessary treat infection referral ent specialist evaluation management seasonal allergies may exacerbating symptoms plan prescribe antibiotics suspected otitis media refer wallace ent specialist tympanometry additional testing schedule followup appointment monitor progress advise continued use overthecounter nasal sprays antihistamines seasonal allergies educate ear infection prevention management follow flu vaccine status schedule overdue colonoscopy,0.74941486,0.8104501962661743,0.37104072398190047,0.1361573373676248,0.24736048265460028
"
Physician: Good morning, Dolores. How are you feeling today?

Patient: Hi, Dr. Brewer. I'm doing alright, I guess. I've been experiencing some vaginal dryness and discomfort during sex lately. It's been really frustrating.

Physician: I see. Can you tell me more about that? How long have you been experiencing these symptoms?

Patient: It's been on and off for a few months now. It's not constant, but it's definitely been more frequent lately.

Physician: Okay. Have you noticed any other changes in your vaginal health, such as itching, burning, or discharge?

Patient: Yes, I have noticed some itching and burning, especially during the day. And sometimes I feel like there's something stuck inside me, like a small rock or something. It's really uncomfortable.

Physician: I understand. Have you experienced any pain during sex, or is it just discomfort?

Patient: It's mostly discomfort, but sometimes it can be a bit painful, especially if my partner goes too deep. It feels like there's not enough lubrication down there.

Physician: Okay. Have you tried any lubricants or moisturizers to help with that?

Patient: Yes, I've tried a few different ones, but they don't seem to help much. It's like my body just isn't producing enough natural lubrication anymore.

Physician: I see. Have you noticed any other symptoms, such as abnormal bleeding or spotting?

Patient: No, nothing like that. Just the vaginal dryness and discomfort during sex.

Physician: Okay. Can you tell me a bit more about your sexual history? Are you sexually active, and if so, how often?

Patient: Yes, I'm sexually active. My partner and I usually have sex a few times a week. But lately, it's been less frequent because of the discomfort I've been experiencing.

Physician: I understand. Have you ever experienced sexual dysfunction or pain before?

Patient: No, this is the first time I've had problems like this.

Physician: Okay. Have you noticed any other changes in your body or your mood that might be related to your symptoms?

Patient: Well, I have been feeling a bit more irritable lately, and I've noticed some mood swings. But I didn't think that had anything to do with my vaginal symptoms.

Physician: It's possible that they could be related. Many hormonal changes can affect mood and vaginal health. Have you experienced any hot flashes or night sweats?

Patient: Yes, I have had a few hot flashes, especially at night. I thought it was just because of my age, but maybe it's related to all this other stuff?

Physician: It's definitely possible. Based on what you've shared with me, it sounds like you might be experiencing some symptoms of menopause. I'd like to run some tests to rule out any other potential causes of your symptoms, but it's possible that hormone replacement therapy might be something we consider to help alleviate your symptoms. Would you be open to discussing that further?

Patient: Sure, I guess. I just want to feel normal again, you know?

Physician: Absolutely. I completely understand. Let's start by running some tests to check your hormone levels and rule out any other potential causes of your symptoms. We can also discuss some non-hormonal treatment options for vaginal dryness and pain during sex. And if we decide that hormone replacement therapy is the best course of action, we can discuss the different types of therapy and find one that works best for you. Sound good?

Patient: Yes, that sounds great. Thank you, Dr. Brewer. I feel like I'm in good hands.","Subjective:
Dolores reports experiencing vaginal dryness and discomfort during sex for the past few months. She describes symptoms of itching, burning, and a sensation of something stuck inside her. She notes discomfort and occasional pain during intercourse, especially with deep penetration. Dolores has tried various lubricants without much relief. She denies abnormal bleeding or spotting but mentions feeling irritable and experiencing mood swings. She also reports having hot flashes, particularly at night.

Objective:
Dolores appears alert and engaged during the conversation. She provides detailed information about her symptoms and sexual history. Physical examination reveals no visible abnormalities. Vital signs are within normal limits. No signs of distress or acute discomfort are noted.

Assessment:
Dolores presents with symptoms suggestive of vaginal atrophy and possible hormonal changes associated with perimenopause. Further evaluation is needed to confirm the diagnosis and rule out other potential causes. Hormone replacement therapy may be considered to alleviate symptoms. Non-hormonal treatment options for vaginal dryness and discomfort during sex will also be explored.

Plan:
1. Order tests to assess hormone levels and investigate potential causes of symptoms.
2. Discuss non-hormonal treatment options for vaginal dryness and discomfort.
3. Consider hormone replacement therapy as a treatment option and discuss the benefits and risks with Dolores.
4. Schedule a follow-up appointment to review test results and develop a comprehensive treatment plan tailored to Dolores' needs and preferences.",physician good morning dolores feeling today patient hi dr brewer im alright guess ive experiencing vaginal dryness discomfort sex lately really frustrating physician see tell long experiencing symptoms patient months constant definitely frequent lately physician okay noticed changes vaginal health itching burning discharge patient yes noticed itching burning especially day sometimes feel like theres something stuck inside like small rock something really uncomfortable physician understand experienced pain sex discomfort patient mostly discomfort sometimes bit painful especially partner goes deep feels like theres enough lubrication physician okay tried lubricants moisturizers help patient yes ive tried different ones dont seem help much like body isnt producing enough natural lubrication anymore physician see noticed symptoms abnormal bleeding spotting patient nothing like vaginal dryness discomfort sex physician okay tell bit sexual history sexually active often patient yes im sexually active partner usually sex times week lately less frequent discomfort ive experiencing physician understand ever experienced sexual dysfunction pain patient first time ive problems like physician okay noticed changes body mood might related symptoms patient well feeling bit irritable lately ive noticed mood swings didnt think anything vaginal symptoms physician possible could related many hormonal changes affect mood vaginal health experienced hot flashes night sweats patient yes hot flashes especially night thought age maybe related stuff physician definitely possible based youve shared sounds like might experiencing symptoms menopause id like run tests rule potential causes symptoms possible hormone replacement therapy might something consider help alleviate symptoms would open discussing patient sure guess want feel normal know physician absolutely completely understand lets start running tests check hormone levels rule potential causes symptoms also discuss nonhormonal treatment options vaginal dryness pain sex decide hormone replacement therapy best course action discuss different types therapy find one works best sound good patient yes sounds great thank dr brewer feel like im good hands,subjective dolores reports experiencing vaginal dryness discomfort sex past months describes symptoms itching burning sensation something stuck inside notes discomfort occasional pain intercourse especially deep penetration dolores tried various lubricants without much relief denies abnormal bleeding spotting mentions feeling irritable experiencing mood swings also reports hot flashes particularly night objective dolores appears alert engaged conversation provides detailed information symptoms sexual history physical examination reveals visible abnormalities vital signs within normal limits signs distress acute discomfort noted assessment dolores presents symptoms suggestive vaginal atrophy possible hormonal changes associated perimenopause evaluation needed confirm diagnosis rule potential causes hormone replacement therapy may considered alleviate symptoms nonhormonal treatment options vaginal dryness discomfort sex also explored plan 1 order tests assess hormone levels investigate potential causes symptoms 2 discuss nonhormonal treatment options vaginal dryness discomfort 3 consider hormone replacement therapy treatment option discuss benefits risks dolores 4 schedule followup appointment review test results develop comprehensive treatment plan tailored dolores needs preferences,0.7069051,0.8165761828422546,0.271461716937355,0.06511627906976744,0.15081206496519722
"
Physician: Good morning, Ms. Hamilton. How can I assist you today?

Patient: Hi, doctor. I've been experiencing some concerning symptoms lately. I've had this persistent cough that won't go away, and I've been feeling short of breath even when I'm sitting still. It's like my chest is tightening up.

Physician: I see. Have you noticed any patterns or triggers that make your symptoms worse? For instance, does it seem to worsen after physical activity or exposure to specific environmental factors?

Patient: Well, it does seem to get worse when I'm outside, especially when there's a lot of pollen in the air. I've also noticed that my symptoms tend to flare up more in the mornings.

Physician: That's helpful information. Have you experienced any wheezing or chest pain?

Patient: Yes, I've had some wheezing, especially when I exhale. As for chest pain, I've had some discomfort, but it's not severe. It feels like there's pressure building up in my chest.

Physician: I understand. Have you had any recent upper respiratory infections or illnesses?

Patient: As a matter of fact, I had a cold a few weeks ago. It wasn't anything serious, but it did linger for a bit.

Physician: I see. Have you noticed any changes in your voice or throat? Sometimes, asthma can cause vocal cord changes.

Patient: Now that you mention it, my voice has been sounding a bit hoarse lately.

Physician: That's a good point. Have you experienced any nasal congestion or sinus pressure?

Patient: Yes, my nose has been stuffy, and I've had some sinus pressure. It's like my entire respiratory system is acting up.

Physician: I understand. Have you noticed any triggers that seem to set off your symptoms? For example, do certain odors or stress levels seem to exacerbate your condition?

Patient: Stress definitely makes my symptoms worse. Whenever I'm feeling anxious, my chest tightens up even more.

Physician: That's a common correlation. Have you experienced any recent changes in your sleep patterns or appetite? Sometimes, these can be related to underlying anxiety or respiratory issues.

Patient: Yes, I've been having trouble falling asleep lately. My mind races, and I feel like I'm worrying about everything. As for appetite, I've been experiencing some loss of interest in food.

Physician: I see. Have you noticed any changes in your mood or energy levels?

Patient: Yes, I've been feeling pretty down lately. I don't have the energy to do the things I usually enjoy, and I've been avoiding social situations because I'm worried about having an asthma attack.

Physician: I understand. Have you experienced any palpitations, dizziness, or lightheadedness?

Patient: No, I haven't had any of those symptoms.

Physician: Good. Have you been adhering to your medication regimen?

Patient: Yes, I've been taking my medications as prescribed.

Physician: That's great. I'm going to order some tests to help us better understand your symptoms. We'll perform a spirometry to assess your lung function and possibly an X-ray or CT scan to rule out any other respiratory issues. We'll also check your allergy status to see if there are any specific allergens we can help you avoid. Given your symptoms and medical history, it's possible that your asthma has shifted from mild persistent to moderate persistent. We'll need to adjust your treatment plan accordingly.

Patient: Okay, that makes sense.

Physician: I'll also prescribe a short course of prednisone to help alleviate your symptoms until we can get the results of the tests. In the meantime, I recommend that you avoid any known allergens or irritants, such as strong fragrances or pollution. We'll follow up in a few days once we have the test results, and we'll go from there. Does that sound good to you?

Patient: Yes, that sounds like a plan. Thank you, doctor.

Physician: You're welcome, Ms. Hamilton. We'll work together to get your symptoms under control and develop a plan to manage your asthma effectively.","Subjective:
Ms. Hamilton presents with a persistent cough, shortness of breath, wheezing, chest tightness, hoarseness, nasal congestion, sinus pressure, and stress-induced exacerbation of symptoms. She reports trouble falling asleep, loss of appetite, low mood, decreased energy levels, and avoidance of social situations due to fear of asthma attacks. She states adherence to her medication regimen.

Objective:
Ms. Hamilton appears anxious but cooperative during the examination. She exhibits signs of mild persistent asthma with possible progression to moderate persistent asthma. Spirometry, X-ray, and allergy testing are planned to further evaluate her condition.

Assessment:
Ms. Hamilton's symptoms suggest a worsening of her asthma, possibly due to environmental triggers and stress. Adjustments to her treatment plan may be necessary based on test results. Prednisone is prescribed for symptom relief.

Plan:
Order spirometry, X-ray, and allergy testing. Prescribe prednisone for short-term symptom management. Advise avoidance of allergens and irritants. Follow up in a few days to review test results and adjust treatment plan as needed. Encourage continued adherence to medication regimen.",physician good morning ms hamilton assist today patient hi doctor ive experiencing concerning symptoms lately ive persistent cough wont go away ive feeling short breath even im sitting still like chest tightening physician see noticed patterns triggers make symptoms worse instance seem worsen physical activity exposure specific environmental factors patient well seem get worse im outside especially theres lot pollen air ive also noticed symptoms tend flare mornings physician thats helpful information experienced wheezing chest pain patient yes ive wheezing especially exhale chest pain ive discomfort severe feels like theres pressure building chest physician understand recent upper respiratory infections illnesses patient matter fact cold weeks ago wasnt anything serious linger bit physician see noticed changes voice throat sometimes asthma cause vocal cord changes patient mention voice sounding bit hoarse lately physician thats good point experienced nasal congestion sinus pressure patient yes nose stuffy ive sinus pressure like entire respiratory system acting physician understand noticed triggers seem set symptoms example certain odors stress levels seem exacerbate condition patient stress definitely makes symptoms worse whenever im feeling anxious chest tightens even physician thats common correlation experienced recent changes sleep patterns appetite sometimes related underlying anxiety respiratory issues patient yes ive trouble falling asleep lately mind races feel like im worrying everything appetite ive experiencing loss interest food physician see noticed changes mood energy levels patient yes ive feeling pretty lately dont energy things usually enjoy ive avoiding social situations im worried asthma attack physician understand experienced palpitations dizziness lightheadedness patient havent symptoms physician good adhering medication regimen patient yes ive taking medications prescribed physician thats great im going order tests help us better understand symptoms well perform spirometry assess lung function possibly xray ct scan rule respiratory issues well also check allergy status see specific allergens help avoid given symptoms medical history possible asthma shifted mild persistent moderate persistent well need adjust treatment plan accordingly patient okay makes sense physician ill also prescribe short course prednisone help alleviate symptoms get results tests meantime recommend avoid known allergens irritants strong fragrances pollution well follow days test results well go sound good patient yes sounds like plan thank doctor physician youre welcome ms hamilton well work together get symptoms control develop plan manage asthma effectively,subjective ms hamilton presents persistent cough shortness breath wheezing chest tightness hoarseness nasal congestion sinus pressure stressinduced exacerbation symptoms reports trouble falling asleep loss appetite low mood decreased energy levels avoidance social situations due fear asthma attacks states adherence medication regimen objective ms hamilton appears anxious cooperative examination exhibits signs mild persistent asthma possible progression moderate persistent asthma spirometry xray allergy testing planned evaluate condition assessment ms hamiltons symptoms suggest worsening asthma possibly due environmental triggers stress adjustments treatment plan may necessary based test results prednisone prescribed symptom relief plan order spirometry xray allergy testing prescribe prednisone shortterm symptom management advise avoidance allergens irritants follow days review test results adjust treatment plan needed encourage continued adherence medication regimen,0.7753701,0.8309094309806824,0.3391304347826087,0.1191860465116279,0.1855072463768116
"
Physician: Good morning, Mr. Chapman. I'm Dr. Olson. How are you feeling today?

Patient: Hi, Dr. Olson. I'm doing alright, I guess. I've been feeling a bit unwell lately.

Physician: Sorry to hear that. Can you tell me more about what you're experiencing?

Patient: Well, my blood pressure has been a concern for years, as you know. Lately, I've noticed that it's been even higher than usual. I've also been feeling a bit dizzy and lightheaded at times.

Physician: I see. Have you experienced any headaches or blurred vision?

Patient: Yes, I have had some headaches, and my vision has been a bit blurry at times.

Physician: Okay. Have you noticed any shortness of breath or chest pain?

Patient: No, nothing like that. Just the dizziness and lightheadedness.

Physician: All right. Have you been taking your medications as prescribed?

Patient: Yes, I've been taking them every day.

Physician: Great. Have you noticed any changes in your urination patterns or swelling in your legs?

Patient: No, nothing like that. Just the dizziness and lightheadedness.

Physician: Okay. Have you experienced any nausea or vomiting?

Patient: No, not recently.

Physician: All right. Let's take a closer look at your medications. Can you tell me more about your current regimen?

Patient: Sure. I'm taking Amlodipine 10mg, Losartan 50mg, and Aspirin 81mg every day.

Physician: Okay. Have you noticed any side effects from these medications?

Patient: No, nothing significant. Just a bit of dizziness, which I think might be related to the medications.

Physician: I see. Have you been taking any supplements or over-the-counter medications?

Patient: No, nothing like that. Just the prescribed medications.

Physician: All right. Can you tell me more about your lifestyle habits? Do you smoke or drink alcohol?

Patient: I used to smoke, but I quit about 10 years ago. I do drink alcohol occasionally, but just socially.

Physician: Okay. Have you noticed any changes in your appetite or sleep patterns?

Patient: No, nothing significant. Just the dizziness and lightheadedness.

Physician: All right. I think we'll start by running some tests to get a better understanding of your condition. We'll do a blood test to check your lipid panel and HbA1c levels. We'll also schedule you for a colonoscopy and prostate exam, as you're overdue for those. In the meantime, I'd like to increase your Losartan dosage to 100mg and add a medication for your high blood pressure. We'll monitor your condition closely and adjust your medications as needed. Does that sound good to you?

Patient: Yes, that sounds good. Thank you, Dr. Olson.

Physician: You're welcome, Mr. Chapman. We'll get you scheduled for the tests and procedures, and we'll follow up soon to discuss the results.","Subjective:
Mr. Chapman reports feeling unwell lately, with an increase in his blood pressure, dizziness, lightheadedness, headaches, and blurry vision. He denies experiencing shortness of breath, chest pain, nausea, vomiting, changes in urination patterns, or swelling in his legs. He confirms compliance with his current medication regimen and reports occasional social alcohol consumption. Mr. Chapman quit smoking 10 years ago.

Objective:
Mr. Chapman's vital signs show elevated blood pressure. He is alert and oriented, with no signs of distress. His current medications include Amlodipine 10mg, Losartan 50mg, and Aspirin 81mg daily. No significant side effects noted. He is due for a colonoscopy and prostate exam. Dr. Olson plans to increase Losartan dosage to 100mg and add a new medication for hypertension.

Assessment:
Mr. Chapman presents with uncontrolled hypertension, dizziness, headaches, and blurry vision. Further evaluation through blood tests and screenings is needed to assess his lipid panel, HbA1c levels, and overall health. Lifestyle modifications and medication adjustments are necessary to manage his condition effectively.

Plan:
1. Schedule blood tests for lipid panel and HbA1c levels.
2. Schedule colonoscopy and prostate exam.
3. Increase Losartan dosage to 100mg.
4. Add new medication for hypertension.
5. Monitor closely and adjust medications as needed.
6. Follow up with Mr. Chapman to discuss test results and treatment plan.",physician good morning mr chapman im dr olson feeling today patient hi dr olson im alright guess ive feeling bit unwell lately physician sorry hear tell youre experiencing patient well blood pressure concern years know lately ive noticed even higher usual ive also feeling bit dizzy lightheaded times physician see experienced headaches blurred vision patient yes headaches vision bit blurry times physician okay noticed shortness breath chest pain patient nothing like dizziness lightheadedness physician right taking medications prescribed patient yes ive taking every day physician great noticed changes urination patterns swelling legs patient nothing like dizziness lightheadedness physician okay experienced nausea vomiting patient recently physician right lets take closer look medications tell current regimen patient sure im taking amlodipine 10mg losartan 50mg aspirin 81mg every day physician okay noticed side effects medications patient nothing significant bit dizziness think might related medications physician see taking supplements overthecounter medications patient nothing like prescribed medications physician right tell lifestyle habits smoke drink alcohol patient used smoke quit 10 years ago drink alcohol occasionally socially physician okay noticed changes appetite sleep patterns patient nothing significant dizziness lightheadedness physician right think well start running tests get better understanding condition well blood test check lipid panel hba1c levels well also schedule colonoscopy prostate exam youre overdue meantime id like increase losartan dosage 100mg add medication high blood pressure well monitor condition closely adjust medications needed sound good patient yes sounds good thank dr olson physician youre welcome mr chapman well get scheduled tests procedures well follow soon discuss results,subjective mr chapman reports feeling unwell lately increase blood pressure dizziness lightheadedness headaches blurry vision denies experiencing shortness breath chest pain nausea vomiting changes urination patterns swelling legs confirms compliance current medication regimen reports occasional social alcohol consumption mr chapman quit smoking 10 years ago objective mr chapmans vital signs show elevated blood pressure alert oriented signs distress current medications include amlodipine 10mg losartan 50mg aspirin 81mg daily significant side effects noted due colonoscopy prostate exam dr olson plans increase losartan dosage 100mg add new medication hypertension assessment mr chapman presents uncontrolled hypertension dizziness headaches blurry vision evaluation blood tests screenings needed assess lipid panel hba1c levels overall health lifestyle modifications medication adjustments necessary manage condition effectively plan 1 schedule blood tests lipid panel hba1c levels 2 schedule colonoscopy prostate exam 3 increase losartan dosage 100mg 4 add new medication hypertension 5 monitor closely adjust medications needed 6 follow mr chapman discuss test results treatment plan,0.7703569,0.8389915823936462,0.3170441001191895,0.11230585424133813,0.19547079856972585
"

Physician: Good morning, Cathy. How are you feeling today?

Patient: Hi, Dr. Smith. I'm feeling a bit tired today. I've been having trouble sleeping lately and experiencing some daytime sleepiness.

Physician: I see. Can you tell me more about your sleep difficulties? When did you first notice these problems?

Patient: Well, it's been on and off for a few years, but it's gotten worse over the past few months. I have trouble falling asleep, and when I do, I wake up multiple times during the night. Sometimes I feel like I'm choking or gasping for air. My spouse has also noticed that I snore loudly.

Physician: I understand. Have you experienced any other symptoms, such as fatigue, irritability, or difficulty concentrating?

Patient: Yes, I've been feeling quite fatigued and have had trouble focusing during the day. I've also been experiencing headaches and a bit of irritability.

Physician: I see. Have you noticed any factors that might be contributing to your sleep problems, such as stress, anxiety, or certain medications?

Patient: Not really. I mean, I do have some stress at work, but I don't think that's the main cause. I've been taking melatonin, but it doesn't seem to be helping much.

Physician: Okay. Have you had any recent changes in your routine, such as travel or a new job?

Patient: No, nothing like that. Just the usual work and family stuff.

Physician: All right. Based on what you've shared, it sounds like you might have obstructive sleep apnea. We'll need to schedule a sleep study to confirm the diagnosis and determine the best course of treatment. In the meantime, I'd like to recommend a few lifestyle changes that might help improve your sleep quality. Have you considered trying a sleep mask or earplugs to help block out any distractions?

Patient: No, I haven't. But I'm willing to try anything at this point.

Physician: Great. I'll also recommend that you avoid caffeine and alcohol in the evenings, as they can disrupt sleep patterns. And try to establish a consistent sleep schedule by going to bed and waking up at the same time every day, including weekends.

Patient: Okay, that makes sense.

Physician: Finally, I'd like to refer you to a sleep specialist who can work with you on a long-term plan to manage your sleep apnea. Would that be okay with you?

Patient: Absolutely. Thank you, Dr. Smith. I really appreciate your help.

Physician: You're welcome, Cathy. We'll get you set up with the sleep study and specialist as soon as possible. In the meantime, try to get some rest and avoid any strenuous activities that might exacerbate your symptoms. We'll follow up in a few days once we have the results of the sleep study.","SOAP Note:

Subjective:
Cathy Harris, a 68-year-old female, presents with complaints of trouble falling asleep, waking up multiple times during the night, feeling like she's choking or gasping for air, loud snoring, fatigue, difficulty focusing, headaches, and irritability. Symptoms have been ongoing for a few years but have worsened in the past few months. No significant stressors or recent changes in routine reported.

Objective:
Patient appears fatigued but alert during the appointment. No signs of acute distress noted. Patient reports using melatonin for sleep but with limited effectiveness. No recent travel or major life changes reported. Spouse confirms observations of restless sleep and daytime sleepiness.

Assessment:
Based on the patient's history and symptoms, obstructive sleep apnea is suspected. Sleep study is recommended to confirm the diagnosis. Patient may benefit from lifestyle modifications such as using a sleep mask or earplugs, avoiding caffeine and alcohol in the evenings, and establishing a consistent sleep schedule. Referral to a sleep specialist for long-term management is also recommended.

Plan:
1. Schedule a sleep study to confirm obstructive sleep apnea diagnosis.
2. Recommend lifestyle changes including using a sleep mask or earplugs, avoiding caffeine and alcohol in the evenings, and establishing a consistent sleep schedule.
3. Refer patient to a sleep specialist for long-term management of sleep apnea.
4. Follow up with patient in a few days to discuss sleep study results and next steps.",physician good morning cathy feeling today patient hi dr smith im feeling bit tired today ive trouble sleeping lately experiencing daytime sleepiness physician see tell sleep difficulties first notice problems patient well years gotten worse past months trouble falling asleep wake multiple times night sometimes feel like im choking gasping air spouse also noticed snore loudly physician understand experienced symptoms fatigue irritability difficulty concentrating patient yes ive feeling quite fatigued trouble focusing day ive also experiencing headaches bit irritability physician see noticed factors might contributing sleep problems stress anxiety certain medications patient really mean stress work dont think thats main cause ive taking melatonin doesnt seem helping much physician okay recent changes routine travel new job patient nothing like usual work family stuff physician right based youve shared sounds like might obstructive sleep apnea well need schedule sleep study confirm diagnosis determine best course treatment meantime id like recommend lifestyle changes might help improve sleep quality considered trying sleep mask earplugs help block distractions patient havent im willing try anything point physician great ill also recommend avoid caffeine alcohol evenings disrupt sleep patterns try establish consistent sleep schedule going bed waking time every day including weekends patient okay makes sense physician finally id like refer sleep specialist work longterm plan manage sleep apnea would okay patient absolutely thank dr smith really appreciate help physician youre welcome cathy well get set sleep study specialist soon possible meantime try get rest avoid strenuous activities might exacerbate symptoms well follow days results sleep study,soap note subjective cathy harris 68yearold female presents complaints trouble falling asleep waking multiple times night feeling like shes choking gasping air loud snoring fatigue difficulty focusing headaches irritability symptoms ongoing years worsened past months significant stressors recent changes routine reported objective patient appears fatigued alert appointment signs acute distress noted patient reports using melatonin sleep limited effectiveness recent travel major life changes reported spouse confirms observations restless sleep daytime sleepiness assessment based patients history symptoms obstructive sleep apnea suspected sleep study recommended confirm diagnosis patient may benefit lifestyle modifications using sleep mask earplugs avoiding caffeine alcohol evenings establishing consistent sleep schedule referral sleep specialist longterm management also recommended plan 1 schedule sleep study confirm obstructive sleep apnea diagnosis 2 recommend lifestyle changes including using sleep mask earplugs avoiding caffeine alcohol evenings establishing consistent sleep schedule 3 refer patient sleep specialist longterm management sleep apnea 4 follow patient days discuss sleep study results next steps,0.74611866,0.8331297039985657,0.43767313019390586,0.2111111111111111,0.32132963988919666
"

Physician: Good morning, Elaine. I'm Dr. Hanson, your primary care physician. I've reviewed your medical history and medications. Can you tell me more about the headaches you've been experiencing?

Patient: Yes, of course. I've been having headaches for about two months now. They usually start in the afternoon and can last for several hours. The pain is on both sides of my head, and it feels like a throbbing sensation.

Physician: I see. Have you noticed any triggers, such as certain foods, stress, or lack of sleep?

Patient: Well, my husband mentioned that I've been under a lot of stress lately due to a big project at work. And, yes, I have been having some trouble sleeping. I wake up a few times during the night.

Physician: That's helpful to know. Have you experienced any other symptoms, such as blurred vision, nausea, or sensitivity to light?

Patient: No, nothing like that. Just the headaches. And sometimes, I feel a bit nauseous, but it's not severe.

Physician: Okay. How have you been managing the headaches so far?

Patient: I've been taking ibuprofen when they start. It helps a bit, but the pain doesn't completely go away.

Physician: I see. Have you tried any other treatments, such as relaxation techniques or avoiding possible triggers?

Patient: Not really. I haven't had much time to explore other options with my work schedule.

Physician: That's understandable. Have you noticed any changes in your mood, energy levels, or appetite recently?

Patient: Yes, I have been feeling a bit more irritable and tired than usual. And, my appetite has been a bit off.

Physician: I appreciate you sharing that. Have you had any recent travel, changes in your living situation, or exposure to illnesses?

Patient: No, nothing significant. Just the usual work and home routine.

Physician: All right. I'm going to order some lab tests to rule out any underlying conditions that might be contributing to your headaches. In the meantime, I'd like to recommend some lifestyle changes that could help alleviate your symptoms.

Patient: Sure, that sounds good.

Physician: Let's start by addressing your sleep issues. I recommend maintaining a consistent sleep schedule, avoiding caffeine and electronics before bedtime, and creating a relaxing bedtime routine. Additionally, I suggest trying stress-reducing techniques, such as meditation, deep breathing, or yoga.

Patient: Okay, that makes sense.

Physician: We'll also schedule you for a follow-up appointment to discuss the lab results and further assess your headaches. In the meantime, if your symptoms persist or worsen, please don't hesitate to reach out to my office.

Patient: Thank you, Dr. Hanson. I appreciate your help.

Physician: You're welcome, Elaine. We'll work together to get to the bottom of this and find a solution that works for you.","Subjective:
Elaine Bryant reports experiencing headaches for the past two months, primarily occurring in the afternoon and lasting for several hours. She describes the pain as a throbbing sensation on both sides of her head. Her husband mentioned that she has been under increased stress due to a demanding work project, and she has been sleeping poorly, waking up frequently during the night. Elaine denies any aura, visual changes, or weakness preceding the headaches. She also mentions feeling a bit nauseous at times, along with increased irritability, fatigue, and changes in appetite.

Objective:
Elaine Bryant presents as a 36-year-old female with no significant medical history. She appears well-groomed and alert during the appointment. Vital signs are within normal limits. Physical examination reveals no abnormalities. Lab tests are pending for CBC.

Assessment:
Elaine Bryant is experiencing chronic headaches for the past two months, likely related to increased stress and poor sleep hygiene. No concerning symptoms suggestive of a more serious underlying condition are noted at this time.

Plan:
1. Order lab tests to rule out any underlying conditions contributing to the headaches.
2. Recommend lifestyle changes to address sleep issues, including maintaining a consistent sleep schedule, avoiding caffeine and electronics before bedtime, and implementing stress-reducing techniques such as meditation, deep breathing, or yoga.
3. Schedule a follow-up appointment to discuss lab results and further assess the headaches.
4. Encourage Elaine to reach out if symptoms persist or worsen before the follow-up appointment.",physician good morning elaine im dr hanson primary care physician ive reviewed medical history medications tell headaches youve experiencing patient yes course ive headaches two months usually start afternoon last several hours pain sides head feels like throbbing sensation physician see noticed triggers certain foods stress lack sleep patient well husband mentioned ive lot stress lately due big project work yes trouble sleeping wake times night physician thats helpful know experienced symptoms blurred vision nausea sensitivity light patient nothing like headaches sometimes feel bit nauseous severe physician okay managing headaches far patient ive taking ibuprofen start helps bit pain doesnt completely go away physician see tried treatments relaxation techniques avoiding possible triggers patient really havent much time explore options work schedule physician thats understandable noticed changes mood energy levels appetite recently patient yes feeling bit irritable tired usual appetite bit physician appreciate sharing recent travel changes living situation exposure illnesses patient nothing significant usual work home routine physician right im going order lab tests rule underlying conditions might contributing headaches meantime id like recommend lifestyle changes could help alleviate symptoms patient sure sounds good physician lets start addressing sleep issues recommend maintaining consistent sleep schedule avoiding caffeine electronics bedtime creating relaxing bedtime routine additionally suggest trying stressreducing techniques meditation deep breathing yoga patient okay makes sense physician well also schedule followup appointment discuss lab results assess headaches meantime symptoms persist worsen please dont hesitate reach office patient thank dr hanson appreciate help physician youre welcome elaine well work together get bottom find solution works,subjective elaine bryant reports experiencing headaches past two months primarily occurring afternoon lasting several hours describes pain throbbing sensation sides head husband mentioned increased stress due demanding work project sleeping poorly waking frequently night elaine denies aura visual changes weakness preceding headaches also mentions feeling bit nauseous times along increased irritability fatigue changes appetite objective elaine bryant presents 36yearold female significant medical history appears wellgroomed alert appointment vital signs within normal limits physical examination reveals abnormalities lab tests pending cbc assessment elaine bryant experiencing chronic headaches past two months likely related increased stress poor sleep hygiene concerning symptoms suggestive serious underlying condition noted time plan 1 order lab tests rule underlying conditions contributing headaches 2 recommend lifestyle changes address sleep issues including maintaining consistent sleep schedule avoiding caffeine electronics bedtime implementing stressreducing techniques meditation deep breathing yoga 3 schedule followup appointment discuss lab results assess headaches 4 encourage elaine reach symptoms persist worsen followup appointment,0.7580656,0.805576503276825,0.35722964763061965,0.14372716199756394,0.23572296476306198
"

Physician: Hi, Tiffany. Good to see you today. Can you tell me a little bit about what brings you in today?

Patient: Well, doctor, I've been feeling really run down lately. I'm constantly tired, even after getting a full night's sleep. And my joints have been hurting a lot, especially my knees and hips.

Physician: I see. Have you noticed any swelling or redness in your joints?

Patient: No, nothing like that. It's just a dull ache that doesn't seem to go away.

Physician: Okay. And how long have you been experiencing these symptoms?

Patient: It started about a month ago, but it's gotten progressively worse over time.

Physician: I understand. Have you noticed any other changes in your body recently? Weight gain or loss, for example?

Patient: Yes, actually. I've gained a few pounds over the past year or so, and it seems like no matter what I do, I can't lose it.

Physician: I see. Have you experienced any shortness of breath or difficulty climbing stairs?

Patient: Yes, definitely. I get winded easily, especially when I'm walking up hills or stairs.

Physician: I understand. Do you have a history of high blood pressure or heart disease in your family?

Patient: Yes, my mother has high blood pressure, and my grandfather had a heart attack when he was in his 50s.

Physician: I see. Have you noticed any other symptoms, such as dizziness or headaches?

Patient: Yes, I've been getting headaches pretty frequently, especially when I'm stressed out or haven't been sleeping well.

Physician: I understand. And have you noticed any changes in your diet or appetite recently?

Patient: Well, I've been trying to eat healthier, but it's hard when I'm constantly on the go. I tend to grab fast food or convenience store snacks when I'm in a rush.

Physician: I see. And how much water do you drink each day?

Patient: Honestly, not enough. I probably drink less than a liter a day.

Physician: I understand. Have you noticed any other symptoms that might be related to your digestive system, such as bloating, abdominal pain, or changes in your bowel movements?

Patient: Yes, I've been experiencing some bloating and discomfort after eating certain foods, especially dairy or gluten. And my bowel movements have been pretty irregular lately.

Physician: I see. And have you noticed any skin changes or rashes recently?

Patient: No, nothing like that.

Physician: Okay, good. Well, based on what you've told me today, it sounds like we need to take a closer look at your blood pressure and do some blood work to rule out any underlying conditions that might be contributing to your symptoms. We'll also schedule you for a mammogram and cervical cancer screening, as you're due for those. In the meantime, I recommend that you start keeping a food diary to track your eating habits and portion sizes. And let's discuss some strategies for managing your fatigue and joint pain. Does that sound good to you?

Patient: Yes, that sounds great. Thank you, doctor.

Physician: You're welcome, Tiffany. I'll have the nurse come in and take your blood pressure and weigh you. Then we'll get the blood work ordered and schedule your follow-up appointment.","Subjective:
Tiffany presents with complaints of feeling run down and constantly tired, even after a full night's sleep. She reports experiencing joint pain in her knees and hips, with no associated swelling or redness. These symptoms have been ongoing for about a month and have progressively worsened. Tiffany also notes weight gain over the past year, difficulty with weight loss, and getting winded easily, especially when climbing stairs. She reports a family history of high blood pressure and heart disease. Additionally, Tiffany mentions frequent headaches, especially when stressed or sleep-deprived, and irregular bowel movements with bloating and discomfort after consuming certain foods.

Objective:
Tiffany appears well-groomed and in no acute distress during the examination. Vital signs include a blood pressure of 140/90 mmHg and a BMI of 35. Physical examination reveals no significant findings. Blood work results are pending.

Assessment:
Tiffany presents with symptoms of fatigue, joint pain, weight gain, and hypertension. Given her family history and symptoms, further evaluation is needed to rule out underlying conditions contributing to her symptoms. Screening for high blood pressure, blood work, mammogram, and cervical cancer screening are recommended. Tiffany will benefit from dietary modifications, portion control strategies, and lifestyle changes to address her symptoms.

Plan:
1. Order blood work to investigate underlying causes of fatigue and joint pain.
2. Schedule mammogram and cervical cancer screening.
3. Initiate weight loss counseling and discuss dietary modifications with a focus on portion control.
4. Monitor blood pressure and consider adjusting medication if necessary.
5. Follow up with Tiffany to review test results and discuss further management strategies.",physician hi tiffany good see today tell little bit brings today patient well doctor ive feeling really run lately im constantly tired even getting full nights sleep joints hurting lot especially knees hips physician see noticed swelling redness joints patient nothing like dull ache doesnt seem go away physician okay long experiencing symptoms patient started month ago gotten progressively worse time physician understand noticed changes body recently weight gain loss example patient yes actually ive gained pounds past year seems like matter cant lose physician see experienced shortness breath difficulty climbing stairs patient yes definitely get winded easily especially im walking hills stairs physician understand history high blood pressure heart disease family patient yes mother high blood pressure grandfather heart attack 50s physician see noticed symptoms dizziness headaches patient yes ive getting headaches pretty frequently especially im stressed havent sleeping well physician understand noticed changes diet appetite recently patient well ive trying eat healthier hard im constantly go tend grab fast food convenience store snacks im rush physician see much water drink day patient honestly enough probably drink less liter day physician understand noticed symptoms might related digestive system bloating abdominal pain changes bowel movements patient yes ive experiencing bloating discomfort eating certain foods especially dairy gluten bowel movements pretty irregular lately physician see noticed skin changes rashes recently patient nothing like physician okay good well based youve told today sounds like need take closer look blood pressure blood work rule underlying conditions might contributing symptoms well also schedule mammogram cervical cancer screening youre due meantime recommend start keeping food diary track eating habits portion sizes lets discuss strategies managing fatigue joint pain sound good patient yes sounds great thank doctor physician youre welcome tiffany ill nurse come take blood pressure weigh well get blood work ordered schedule followup appointment,subjective tiffany presents complaints feeling run constantly tired even full nights sleep reports experiencing joint pain knees hips associated swelling redness symptoms ongoing month progressively worsened tiffany also notes weight gain past year difficulty weight loss getting winded easily especially climbing stairs reports family history high blood pressure heart disease additionally tiffany mentions frequent headaches especially stressed sleepdeprived irregular bowel movements bloating discomfort consuming certain foods objective tiffany appears wellgroomed acute distress examination vital signs include blood pressure 14090 mmhg bmi 35 physical examination reveals significant findings blood work results pending assessment tiffany presents symptoms fatigue joint pain weight gain hypertension given family history symptoms evaluation needed rule underlying conditions contributing symptoms screening high blood pressure blood work mammogram cervical cancer screening recommended tiffany benefit dietary modifications portion control strategies lifestyle changes address symptoms plan 1 order blood work investigate underlying causes fatigue joint pain 2 schedule mammogram cervical cancer screening 3 initiate weight loss counseling discuss dietary modifications focus portion control 4 monitor blood pressure consider adjusting medication necessary 5 follow tiffany review test results discuss management strategies,0.70707804,0.8164260387420654,0.43758765778401126,0.18846694796061886,0.2608695652173913
"
Physician: Good morning, Cassandra. It's a pleasure to meet you today. I'm Dr. Robinson, your primary care physician. I've reviewed your medical history, and I see that you've been experiencing some anxiety and depression. Can you tell me more about what you've been experiencing lately?

Patient: Yes, doctor. I've been feeling really overwhelmed, especially when work gets busy. I have trouble sleeping at night, and my mind races with thoughts. I feel like I'm always on edge, waiting for the next thing to go wrong. It's affecting my relationships with my family and friends, and I just feel so hopeless sometimes.

Physician: I understand. It sounds like you're experiencing quite a bit of stress and anxiety. Have you noticed any physical symptoms, such as headaches or stomach problems, that might be related to your anxiety?

Patient: Yes, I've had some headaches and stomachaches, especially when I'm feeling really anxious. And sometimes, I feel like my heart is racing, like I'm having a panic attack.

Physician: I see. Have you noticed any triggers that seem to make your anxiety worse? For example, do certain situations or people cause you to feel more anxious?

Patient: Well, like I said, work can be really stressful. My boss is very demanding, and I feel like I'm always trying to meet his expectations. And sometimes, my husband and I argue, and that can make me feel even more anxious.

Physician: I understand. It sounds like work and relationships can be significant stressors for you. Have you tried any coping mechanisms to help manage your anxiety? For example, do you exercise, meditate, or engage in any relaxation techniques?

Patient: I've tried a few things, but I'm not very consistent with them. I've tried meditation, but my mind keeps wandering, and I feel like I'm not doing it right. I've also tried going for walks, but it's hard to find the time when work is busy.

Physician: That's understandable. It can be challenging to find time for self-care when work and other responsibilities are demanding. Let's talk about your current medications. You're currently taking Sertraline for your depression and anxiety. How have you been feeling since starting the medication?

Patient: Honestly, I'm not sure if it's working. I still feel anxious all the time, and I don't feel like it's really helping. Maybe I just need to give it more time?

Physician: It's possible that the medication needs more time to take effect, but we can also consider adjusting the dosage or switching to a different medication if necessary. I'd like to monitor your progress closely and work with you to find a treatment plan that works for you.

Patient: Okay, that sounds good. I just want to feel better.

Physician: I understand. Let's also make sure to schedule a follow-up appointment to check in on your progress and address any concerns you may have. In the meantime, I recommend that you continue with the Sertraline and see how you feel in a few weeks. If you notice any changes, either positive or negative, please don't hesitate to reach out to me or my nurse, Jane. We'll also schedule a therapy appointment for you with Dr. Thompson, your therapist, to help you develop coping strategies and work through some of the underlying issues that may be contributing to your anxiety. Does that sound like a good plan to you?

Patient: Yes, that sounds great. Thank you, doctor. I really appreciate your help.

Physician: You're welcome, Cassandra. I'm here to support you, and we'll work together to find the best treatment plan for you.","Subjective:
Cassandra reports feeling overwhelmed, especially during busy work periods. She experiences trouble sleeping, racing thoughts, and a constant feeling of being on edge. Cassandra mentions having headaches, stomachaches, and heart racing during anxiety episodes. Work stress and marital conflicts are significant triggers for her anxiety. She has tried meditation and walks but struggles to find consistency. Cassandra expresses uncertainty about the effectiveness of Sertraline in managing her anxiety.

Objective:
Cassandra appears anxious during the conversation but is cooperative and engaged. She presents with no signs of acute distress. Vital signs are within normal limits. She is currently taking Sertraline 50mg daily for anxiety and depression. No acute physical findings are noted during the examination.

Assessment:
Cassandra is experiencing significant anxiety symptoms, impacting her daily life and relationships. While she reports some improvement with Sertraline, she still struggles with persistent anxiety. Further evaluation and potential adjustments to her medication regimen may be necessary. Cassandra would benefit from therapy sessions with Dr. Thompson to develop coping strategies and address underlying issues contributing to her anxiety.

Plan:
1. Continue with Sertraline 50mg daily and monitor for any changes in symptoms.
2. Schedule a follow-up appointment in a few weeks to assess medication effectiveness.
3. Coordinate a therapy appointment with Dr. Thompson to address coping strategies and underlying issues.
4. Encourage Cassandra to reach out to Dr. Robinson's nurse, Jane, for any concerns or questions.
5. Discuss potential dosage adjustments or medication changes based on treatment progress and response.",physician good morning cassandra pleasure meet today im dr robinson primary care physician ive reviewed medical history see youve experiencing anxiety depression tell youve experiencing lately patient yes doctor ive feeling really overwhelmed especially work gets busy trouble sleeping night mind races thoughts feel like im always edge waiting next thing go wrong affecting relationships family friends feel hopeless sometimes physician understand sounds like youre experiencing quite bit stress anxiety noticed physical symptoms headaches stomach problems might related anxiety patient yes ive headaches stomachaches especially im feeling really anxious sometimes feel like heart racing like im panic attack physician see noticed triggers seem make anxiety worse example certain situations people cause feel anxious patient well like said work really stressful boss demanding feel like im always trying meet expectations sometimes husband argue make feel even anxious physician understand sounds like work relationships significant stressors tried coping mechanisms help manage anxiety example exercise meditate engage relaxation techniques patient ive tried things im consistent ive tried meditation mind keeps wandering feel like im right ive also tried going walks hard find time work busy physician thats understandable challenging find time selfcare work responsibilities demanding lets talk current medications youre currently taking sertraline depression anxiety feeling since starting medication patient honestly im sure working still feel anxious time dont feel like really helping maybe need give time physician possible medication needs time take effect also consider adjusting dosage switching different medication necessary id like monitor progress closely work find treatment plan works patient okay sounds good want feel better physician understand lets also make sure schedule followup appointment check progress address concerns may meantime recommend continue sertraline see feel weeks notice changes either positive negative please dont hesitate reach nurse jane well also schedule therapy appointment dr thompson therapist help develop coping strategies work underlying issues may contributing anxiety sound like good plan patient yes sounds great thank doctor really appreciate help physician youre welcome cassandra im support well work together find best treatment plan,subjective cassandra reports feeling overwhelmed especially busy work periods experiences trouble sleeping racing thoughts constant feeling edge cassandra mentions headaches stomachaches heart racing anxiety episodes work stress marital conflicts significant triggers anxiety tried meditation walks struggles find consistency cassandra expresses uncertainty effectiveness sertraline managing anxiety objective cassandra appears anxious conversation cooperative engaged presents signs acute distress vital signs within normal limits currently taking sertraline 50mg daily anxiety depression acute physical findings noted examination assessment cassandra experiencing significant anxiety symptoms impacting daily life relationships reports improvement sertraline still struggles persistent anxiety evaluation potential adjustments medication regimen may necessary cassandra would benefit therapy sessions dr thompson develop coping strategies address underlying issues contributing anxiety plan 1 continue sertraline 50mg daily monitor changes symptoms 2 schedule followup appointment weeks assess medication effectiveness 3 coordinate therapy appointment dr thompson address coping strategies underlying issues 4 encourage cassandra reach dr robinsons nurse jane concerns questions 5 discuss potential dosage adjustments medication changes based treatment progress response,0.8264464,0.8130620718002319,0.33409090909090905,0.0888382687927107,0.17954545454545454
"
Physician: Good morning, Ms. Dixon. It's a pleasure to see you today. How are you feeling?

Patient: (coughing) Not too well, doctor. I've been feeling short of breath, and my cough has been getting worse. It's been going on for a week now.

Physician: I see. Have you noticed any chest pain or tightness?

Patient: Yes, my chest feels heavy, and it hurts when I breathe in deeply.

Physician: Okay. Have you experienced any fever or night sweats?

Patient: Yes, I've had a low-grade fever for the past few days, and I've been waking up in the middle of the night drenched in sweat.

Physician: I understand. Have you noticed any changes in your mucus? Is it thicker or discolored?

Patient: Yes, it's definitely thicker and a bit yellowish.

Physician: I see. Have you had any recent travel or exposure to ill individuals?

Patient: No, I haven't traveled recently, and I don't think anyone in my household is sick.

Physician: Okay. Let's talk about your medical history. You have hypertension, diabetes, and COPD. Have you noticed any changes in your symptoms or medication effectiveness?

Patient: Well, my blood sugar has been a bit harder to control lately, and my blood pressure has been creeping up. My COPD symptoms have been relatively stable, but they've definitely worsened in the past week.

Physician: I understand. Have you experienced any recent stress or changes in your living situation that could be contributing to your symptoms?

Patient: Yes, my daughter recently moved out, and it's been a bit lonely. I've also been having some trouble sleeping at night.

Physician: I see. Lastly, have you noticed any swelling in your legs or feet?

Patient: Yes, my ankles have been a bit swollen lately.

Physician: Thank you for sharing that. I'm concerned that you might have developed pneumonia, given your symptoms and medical history. I'd like to order a chest X-ray and some blood work to confirm the diagnosis and rule out any other potential causes. In the meantime, I'd like to prescribe you an antibiotic and a short course of steroids to help manage your symptoms. Does that sound okay to you?

Patient: Yes, that sounds good. Thank you, doctor.

Physician: Of course. We'll get the orders in place and have you scheduled for a follow-up appointment next week. If your symptoms worsen or you experience shortness of breath or chest pain, please don't hesitate to come to the emergency room.

Patient: Thank you, doctor. I'll be sure to do that.","Subjective:
Ms. Dixon reports feeling short of breath and experiencing worsening cough for the past week. She describes chest pain and heaviness when breathing deeply. She also notes a low-grade fever, night sweats, and thicker, yellowish mucus. Ms. Dixon denies recent travel or exposure to ill individuals. She mentions challenges in controlling her blood sugar and blood pressure, as well as stable but worsened COPD symptoms. Ms. Dixon attributes recent stress and changes in her living situation to her symptoms and reports ankle swelling.

Objective:
Ms. Dixon presents with coughing during the appointment. Vital signs are concerning for an acute respiratory infection. Physical examination reveals no other significant findings. Ms. Dixon's COPD is well-controlled, but her symptoms have worsened in the past week.

Assessment:
Ms. Dixon likely has developed pneumonia based on her symptoms and medical history. Further diagnostic tests, including a chest X-ray and blood work, are warranted to confirm the diagnosis and rule out other potential causes. Treatment with antibiotics and steroids is recommended to manage her symptoms.

Plan:
Orders will be placed for a chest X-ray and blood work to confirm the diagnosis. Ms. Dixon will be prescribed an antibiotic and a short course of steroids to address her symptoms. A follow-up appointment is scheduled for next week. Ms. Dixon is advised to seek immediate medical attention if her symptoms worsen or if she experiences shortness of breath or chest pain.",physician good morning ms dixon pleasure see today feeling patient coughing well doctor ive feeling short breath cough getting worse going week physician see noticed chest pain tightness patient yes chest feels heavy hurts breathe deeply physician okay experienced fever night sweats patient yes ive lowgrade fever past days ive waking middle night drenched sweat physician understand noticed changes mucus thicker discolored patient yes definitely thicker bit yellowish physician see recent travel exposure ill individuals patient havent traveled recently dont think anyone household sick physician okay lets talk medical history hypertension diabetes copd noticed changes symptoms medication effectiveness patient well blood sugar bit harder control lately blood pressure creeping copd symptoms relatively stable theyve definitely worsened past week physician understand experienced recent stress changes living situation could contributing symptoms patient yes daughter recently moved bit lonely ive also trouble sleeping night physician see lastly noticed swelling legs feet patient yes ankles bit swollen lately physician thank sharing im concerned might developed pneumonia given symptoms medical history id like order chest xray blood work confirm diagnosis rule potential causes meantime id like prescribe antibiotic short course steroids help manage symptoms sound okay patient yes sounds good thank doctor physician course well get orders place scheduled followup appointment next week symptoms worsen experience shortness breath chest pain please dont hesitate come emergency room patient thank doctor ill sure,subjective ms dixon reports feeling short breath experiencing worsening cough past week describes chest pain heaviness breathing deeply also notes lowgrade fever night sweats thicker yellowish mucus ms dixon denies recent travel exposure ill individuals mentions challenges controlling blood sugar blood pressure well stable worsened copd symptoms ms dixon attributes recent stress changes living situation symptoms reports ankle swelling objective ms dixon presents coughing appointment vital signs concerning acute respiratory infection physical examination reveals significant findings ms dixons copd wellcontrolled symptoms worsened past week assessment ms dixon likely developed pneumonia based symptoms medical history diagnostic tests including chest xray blood work warranted confirm diagnosis rule potential causes treatment antibiotics steroids recommended manage symptoms plan orders placed chest xray blood work confirm diagnosis ms dixon prescribed antibiotic short course steroids address symptoms followup appointment scheduled next week ms dixon advised seek immediate medical attention symptoms worsen experiences shortness breath chest pain,0.72432184,0.8351595401763916,0.4460856720827179,0.2074074074074074,0.3072378138847858
"
Physician: Good morning, Marjorie. How are you feeling today?

Patient: Hi, Dr. Burton. I've been feeling pretty bad lately. I've had this cough that won't go away, and I've been getting winded so easily. It's like I can't catch my breath, even when I'm just sitting still.

Physician: I see. Can you tell me more about your cough? Is it dry, or are you bringing up mucus?

Patient: It's a dry cough, mostly. Sometimes I do bring up a little mucus, but it's not much. It's just this annoying, persistent cough that's driving me crazy.

Physician: All right. Have you noticed any other symptoms? Fever, chills, night sweats?

Patient: No, nothing like that. Just the cough and the shortness of breath. Oh, and my knees have been hurting a little more lately, too.

Physician: I see. That's helpful information. Can you tell me more about your knee pain? Is it constant, or does it come and go?

Patient: It's mostly constant, but it's worse when I'm walking up and down stairs. It's like there's a dull ache that never goes away, and sometimes it feels like my knees are going to give out on me.

Physician: I understand. Have you noticed any swelling or redness in your knees?

Patient: No, nothing like that. Just the pain and stiffness.

Physician: All right. I'm going to examine your knees and listen to your lungs. Can you tell me more about your breathing difficulties? Do you feel like you're wheezing or having trouble taking deep breaths?

Patient: Yes, definitely. It feels like there's a band around my chest, and I can't take deep breaths. And sometimes I do wheeze a little when I breathe out.

Physician: I see. How long have you been experiencing these symptoms?

Patient: The cough started a few weeks ago, and the knee pain has been getting worse over the past month or so.

Physician: All right. Based on what you've told me, it sounds like you might have developed a respiratory infection, possibly bronchitis or pneumonia. We'll need to do some tests to confirm that, but in the meantime, I'd like to start you on an antibiotic to cover any possible bacterial infection. I'll also prescribe an inhaler to help with your breathing. And we should schedule a follow-up appointment to monitor your progress.

Patient: Okay, that sounds good. I just want to feel better.

Physician: I understand. Let me examine your knees and listen to your lungs, and we'll go from there.","Subjective:
Marjorie reports feeling unwell lately, experiencing a persistent dry cough, shortness of breath, and increased knee pain. She denies fever, chills, or night sweats. Marjorie expresses concern about her symptoms affecting her daily activities.

Objective:
Marjorie appears fatigued during the examination but is alert and oriented. Lung auscultation reveals wheezing upon expiration. Knee examination shows no signs of swelling or redness, but Marjorie expresses discomfort upon movement.

Assessment:
Based on Marjorie's symptoms and examination findings, she likely has developed a respiratory infection, potentially bronchitis or pneumonia. Her knee pain may be related to her osteoarthritis. Marjorie's daughter has also expressed concern about her mother's increased shortness of breath and fatigue.

Plan:
I will prescribe an antibiotic to cover any possible bacterial infection and an inhaler to help with Marjorie's breathing. We will schedule a follow-up appointment to monitor her progress. Additionally, we will address her knee pain management and consider further investigations if needed. I will also discuss the importance of getting her overdue pneumonia shot and colonoscopy scheduled. Communication with Marjorie's daughter will be essential for ongoing support and care coordination.",physician good morning marjorie feeling today patient hi dr burton ive feeling pretty bad lately ive cough wont go away ive getting winded easily like cant catch breath even im sitting still physician see tell cough dry bringing mucus patient dry cough mostly sometimes bring little mucus much annoying persistent cough thats driving crazy physician right noticed symptoms fever chills night sweats patient nothing like cough shortness breath oh knees hurting little lately physician see thats helpful information tell knee pain constant come go patient mostly constant worse im walking stairs like theres dull ache never goes away sometimes feels like knees going give physician understand noticed swelling redness knees patient nothing like pain stiffness physician right im going examine knees listen lungs tell breathing difficulties feel like youre wheezing trouble taking deep breaths patient yes definitely feels like theres band around chest cant take deep breaths sometimes wheeze little breathe physician see long experiencing symptoms patient cough started weeks ago knee pain getting worse past month physician right based youve told sounds like might developed respiratory infection possibly bronchitis pneumonia well need tests confirm meantime id like start antibiotic cover possible bacterial infection ill also prescribe inhaler help breathing schedule followup appointment monitor progress patient okay sounds good want feel better physician understand let examine knees listen lungs well go,subjective marjorie reports feeling unwell lately experiencing persistent dry cough shortness breath increased knee pain denies fever chills night sweats marjorie expresses concern symptoms affecting daily activities objective marjorie appears fatigued examination alert oriented lung auscultation reveals wheezing upon expiration knee examination shows signs swelling redness marjorie expresses discomfort upon movement assessment based marjories symptoms examination findings likely developed respiratory infection potentially bronchitis pneumonia knee pain may related osteoarthritis marjories daughter also expressed concern mothers increased shortness breath fatigue plan prescribe antibiotic cover possible bacterial infection inhaler help marjories breathing schedule followup appointment monitor progress additionally address knee pain management consider investigations needed also discuss importance getting overdue pneumonia shot colonoscopy scheduled communication marjories daughter essential ongoing support care coordination,0.67176914,0.8210097551345825,0.30427892234548337,0.11128775834658189,0.18383518225039622
"
Physician: Good morning, Debbie. How are you feeling today?

Patient: Hi, Dr. Newman. I've been feeling a bit tired and sluggish lately, and sometimes I get this weird tingling sensation in my fingers and toes. It's not constant, but it's been happening on and off for the past few weeks.

Physician: I see. Have you noticed any changes in your energy levels, weight, or mood?

Patient: Yes, I've been feeling more fatigued than usual, and I've gained a few pounds despite eating the same amount. My mood has been up and down, too. Some days I feel okay, but other days I feel really down and hopeless.

Physician: I understand. Have you experienced any hair loss, dry skin, or constipation?

Patient: Yes, my hair has been falling out more than usual, and my skin has been really dry. I've also noticed that I've been constipated more often lately.

Physician: Okay, that's helpful to know. Have you experienced any muscle weakness, cramping, or memory problems?

Patient: Yes, my muscles have been feeling weaker, and I've had some cramping in my legs. I've also had trouble concentrating and remembering things.

Physician: I see. Have you had any changes in your menstrual cycle, or have you experienced any hot flashes or night sweats?

Patient: Yes, my periods have been heavier and more frequent, and I've been getting hot flashes at night that wake me up.

Physician: Okay, that's helpful information. Have you noticed any swelling in your neck or throat, or have you had any trouble swallowing?

Patient: Yes, my neck has been feeling swollen and tender, and I've had some trouble swallowing pills lately.

Physician: I understand. Have you had any recent illnesses or infections, or have you been taking any new medications?

Patient: No, I haven't been sick or taking any new medications. But I did have a thyroid ultrasound a few months ago, and the results showed that my thyroid gland was a bit enlarged.

Physician: I see. Have you noticed any changes in your voice, such as hoarseness or a raspy sound?

Patient: Yes, my voice has been sounding a bit hoarse and rough lately.

Physician: Okay, that's helpful to know. Have you experienced any shortness of breath or chest pain?

Patient: No, I haven't had any trouble breathing or chest pain.

Physician: Good. Based on what you've told me, it sounds like your symptoms could be related to your thyroid condition. I'd like to order some blood tests to check your thyroid hormone levels and see if your medication needs to be adjusted. I'll also refer you to an endocrinologist for further evaluation and management of your thyroid condition. In the meantime, I recommend that you continue taking your medication as prescribed and follow up with me in two weeks to discuss the results of your blood tests. Does that sound good to you?

Patient: Yes, that sounds great. Thank you, Dr. Newman. I feel a bit better knowing that we're taking steps to figure out what's going on.

Physician: You're welcome, Debbie. I'm glad we could have this conversation and get to the bottom of your symptoms. I'll have my nurse schedule the blood tests and referral to the endocrinologist. We'll be in touch soon.","Subjective:
Debbie Lynch reports feeling tired and sluggish lately, with intermittent tingling sensations in her fingers and toes. She has experienced fatigue, weight gain, mood fluctuations, hair loss, dry skin, constipation, muscle weakness, cramping, and memory problems. Debbie also notes heavier and more frequent periods, night sweats, neck swelling, difficulty swallowing, hoarse voice, and recent thyroid ultrasound showing gland enlargement.

Objective:
Debbie appears alert and engaged during the conversation. No signs of acute distress are noted. Vital signs are within normal limits. Physical examination reveals no significant abnormalities. Debbie's thyroid condition is well-controlled with Levothyroxine and Propranolol.

Assessment:
Debbie's symptoms are consistent with hypothyroidism and Hashimoto's Thyroiditis. Further evaluation with blood tests to assess thyroid hormone levels is warranted to determine if medication adjustments are needed. Referral to an endocrinologist for specialized management is recommended.

Plan:
Order blood tests to assess thyroid hormone levels. Refer Debbie to an endocrinologist for further evaluation and management. Advise Debbie to continue taking her current medications as prescribed. Schedule a follow-up appointment in two weeks to review blood test results and discuss further steps. Nurse to coordinate blood test scheduling and endocrinologist referral.",physician good morning debbie feeling today patient hi dr newman ive feeling bit tired sluggish lately sometimes get weird tingling sensation fingers toes constant happening past weeks physician see noticed changes energy levels weight mood patient yes ive feeling fatigued usual ive gained pounds despite eating amount mood days feel okay days feel really hopeless physician understand experienced hair loss dry skin constipation patient yes hair falling usual skin really dry ive also noticed ive constipated often lately physician okay thats helpful know experienced muscle weakness cramping memory problems patient yes muscles feeling weaker ive cramping legs ive also trouble concentrating remembering things physician see changes menstrual cycle experienced hot flashes night sweats patient yes periods heavier frequent ive getting hot flashes night wake physician okay thats helpful information noticed swelling neck throat trouble swallowing patient yes neck feeling swollen tender ive trouble swallowing pills lately physician understand recent illnesses infections taking new medications patient havent sick taking new medications thyroid ultrasound months ago results showed thyroid gland bit enlarged physician see noticed changes voice hoarseness raspy sound patient yes voice sounding bit hoarse rough lately physician okay thats helpful know experienced shortness breath chest pain patient havent trouble breathing chest pain physician good based youve told sounds like symptoms could related thyroid condition id like order blood tests check thyroid hormone levels see medication needs adjusted ill also refer endocrinologist evaluation management thyroid condition meantime recommend continue taking medication prescribed follow two weeks discuss results blood tests sound good patient yes sounds great thank dr newman feel bit better knowing taking steps figure whats going physician youre welcome debbie im glad could conversation get bottom symptoms ill nurse schedule blood tests referral endocrinologist well touch soon,subjective debbie lynch reports feeling tired sluggish lately intermittent tingling sensations fingers toes experienced fatigue weight gain mood fluctuations hair loss dry skin constipation muscle weakness cramping memory problems debbie also notes heavier frequent periods night sweats neck swelling difficulty swallowing hoarse voice recent thyroid ultrasound showing gland enlargement objective debbie appears alert engaged conversation signs acute distress noted vital signs within normal limits physical examination reveals significant abnormalities debbies thyroid condition wellcontrolled levothyroxine propranolol assessment debbies symptoms consistent hypothyroidism hashimotos thyroiditis evaluation blood tests assess thyroid hormone levels warranted determine medication adjustments needed referral endocrinologist specialized management recommended plan order blood tests assess thyroid hormone levels refer debbie endocrinologist evaluation management advise debbie continue taking current medications prescribed schedule followup appointment two weeks review blood test results discuss steps nurse coordinate blood test scheduling endocrinologist referral,0.6985283,0.8101001977920532,0.3588317107093185,0.12831241283124128,0.21696801112656466
"
Physician: Good morning, Janice. How are you feeling today?

Patient: Hi, Dr. Grant. I've been feeling a bit off lately. I've had some trouble breathing, and my chest has been feeling tight.

Physician: I see. Can you tell me more about your breathing difficulties? Are you experiencing any wheezing or coughing?

Patient: Yes, I've been wheezing a bit, especially when I exert myself. And I've had some shortness of breath even when I'm just sitting still.

Physician: I understand. Have you noticed any patterns or triggers that make your symptoms worse?

Patient: Well, it seems to get worse when I'm under stress or when I've been doing physical activity. And it's been harder to breathe at night, so I've been waking up a lot.

Physician: I see. Have you had any recent respiratory infections or illnesses?

Patient: No, nothing recent. But I did have a pretty bad cold a few months ago that took a while to shake off.

Physician: Okay. Let's talk about your medications. Are you taking anything for your asthma?

Patient: Yes, I've been using my albuterol inhaler as needed, but I feel like it's not working as well as it used to. And I've been taking my other medications as prescribed.

Physician: Good. Have you noticed any side effects from your medications?

Patient: No, nothing significant. Just a bit of a cough from the inhaler, but that's normal, right?

Physician: Yes, that's normal. Have you had any changes in your exercise routine or diet recently?

Patient: Well, I've been trying to exercise more, but my breathing has been making it harder. And I've been trying to eat healthier, but it's hard when I don't feel like cooking.

Physician: I understand. Have you noticed any other symptoms, such as fatigue or swelling in your legs?

Patient: Yes, I've been feeling pretty tired lately, and my legs have been a bit swollen. But I thought that was just from being overweight.

Physician: I see. Well, Janice, based on what you've told me, it sounds like your asthma may not be well-controlled. We'll need to do some tests to confirm, but it's possible that you may need to adjust your medications or add something new to your regimen. We'll also want to check your blood pressure, as it's been a bit elevated in the past. And we should discuss your diabetes management and make sure you're on track with your care plan.

Patient: Okay, that makes sense. I just want to feel better.

Physician: Absolutely. We'll work on that. I'm going to order some tests and schedule a follow-up appointment for you. In the meantime, let's make sure you're using your inhaler correctly and see if we can optimize your medications. And let's schedule a diabetes education appointment to review your care plan. Sound good?

Patient: Yes, thank you, Dr. Grant. I appreciate your help.","SOAP Note:

Subjective:
Janice reports feeling off lately with trouble breathing, wheezing, and chest tightness. Symptoms worsen with stress and physical activity, leading to shortness of breath even at rest. She also experiences difficulty breathing at night, leading to frequent awakenings. Denies recent respiratory infections but had a lingering cold a few months ago. Reports using albuterol inhaler as needed with perceived decreased efficacy. Compliant with other medications. Acknowledges fatigue, leg swelling, and challenges with exercise and diet.

Objective:
Patient presents with wheezing on auscultation. Vital signs stable. No signs of respiratory distress. BMI indicates overweight status. No edema noted in lower extremities. Lung function tests ordered to assess asthma control. Blood pressure slightly elevated at 142/86 mmHg. A1c due in 3 months. LDL within normal range. Medication list reviewed and confirmed.

Assessment:
1. Poorly controlled asthma with exacerbation symptoms.
2. Elevated blood pressure requiring monitoring and potential management adjustment.
3. Diabetes management to be reviewed for adherence and optimization.
4. Overweight status contributing to symptoms and overall health.

Plan:
1. Order lung function tests to assess asthma control.
2. Schedule follow-up appointment to discuss test results and adjust asthma medications as needed.
3. Monitor blood pressure closely and consider adjustments to current regimen.
4. Schedule diabetes education appointment to review care plan and medication adherence.
5. Encourage lifestyle modifications for weight management, including exercise and dietary changes.
6. Follow up in 2 weeks to evaluate response to treatment and address any ongoing concerns.",physician good morning janice feeling today patient hi dr grant ive feeling bit lately ive trouble breathing chest feeling tight physician see tell breathing difficulties experiencing wheezing coughing patient yes ive wheezing bit especially exert ive shortness breath even im sitting still physician understand noticed patterns triggers make symptoms worse patient well seems get worse im stress ive physical activity harder breathe night ive waking lot physician see recent respiratory infections illnesses patient nothing recent pretty bad cold months ago took shake physician okay lets talk medications taking anything asthma patient yes ive using albuterol inhaler needed feel like working well used ive taking medications prescribed physician good noticed side effects medications patient nothing significant bit cough inhaler thats normal right physician yes thats normal changes exercise routine diet recently patient well ive trying exercise breathing making harder ive trying eat healthier hard dont feel like cooking physician understand noticed symptoms fatigue swelling legs patient yes ive feeling pretty tired lately legs bit swollen thought overweight physician see well janice based youve told sounds like asthma may wellcontrolled well need tests confirm possible may need adjust medications add something new regimen well also want check blood pressure bit elevated past discuss diabetes management make sure youre track care plan patient okay makes sense want feel better physician absolutely well work im going order tests schedule followup appointment meantime lets make sure youre using inhaler correctly see optimize medications lets schedule diabetes education appointment review care plan sound good patient yes thank dr grant appreciate help,soap note subjective janice reports feeling lately trouble breathing wheezing chest tightness symptoms worsen stress physical activity leading shortness breath even rest also experiences difficulty breathing night leading frequent awakenings denies recent respiratory infections lingering cold months ago reports using albuterol inhaler needed perceived decreased efficacy compliant medications acknowledges fatigue leg swelling challenges exercise diet objective patient presents wheezing auscultation vital signs stable signs respiratory distress bmi indicates overweight status edema noted lower extremities lung function tests ordered assess asthma control blood pressure slightly elevated 14286 mmhg a1c due 3 months ldl within normal range medication list reviewed confirmed assessment 1 poorly controlled asthma exacerbation symptoms 2 elevated blood pressure requiring monitoring potential management adjustment 3 diabetes management reviewed adherence optimization 4 overweight status contributing symptoms overall health plan 1 order lung function tests assess asthma control 2 schedule followup appointment discuss test results adjust asthma medications needed 3 monitor blood pressure closely consider adjustments current regimen 4 schedule diabetes education appointment review care plan medication adherence 5 encourage lifestyle modifications weight management including exercise dietary changes 6 follow 2 weeks evaluate response treatment address ongoing concerns,0.6926661,0.8212118148803711,0.3196829590488771,0.10596026490066225,0.2192866578599736
"

Physician: Good morning, Mrs. Bell. How are you feeling today?

Patient: Good morning, Dr. Gutierrez. I'm feeling a little better today, but I've been experiencing some persistent headaches that I'm concerned about.

Physician: I see. Can you tell me more about your headaches? When did they start, and how often do you experience them?

Patient: Well, I've had headaches on and off for years, but they seem to have gotten worse over the past few months. I'd say I have a headache about three times a week now.

Physician: Okay, that's helpful. What's the severity of the pain? Is it mild, moderate, or severe?

Patient: It's usually a moderate pain, but sometimes it can be pretty severe. It's like a throbbing sensation on both sides of my head.

Physician: I understand. Have you noticed any triggers that might be causing the headaches? For example, do they seem to happen after certain activities or at specific times of the day?

Patient: Yes, I have noticed that they tend to happen more often when I'm under stress or haven't been sleeping well. And sometimes, I'll get a headache after spending time on the computer or watching TV for too long.

Physician: That's helpful information. Have you tried any treatments or medications for the headaches, and if so, what was the effect?

Patient: I've tried taking ibuprofen and acetaminophen, but they only seem to help a little bit. Sometimes, they don't do anything at all.

Physician: I see. Have you noticed any other symptoms besides the headaches? For example, do you experience any nausea, vomiting, or sensitivity to light?

Patient: No, I haven't noticed any of those symptoms. Just the headaches and sometimes a little dizziness.

Physician: Okay, that's good to know. I'm going to recommend that we start by running some tests to rule out any underlying conditions that might be causing the headaches. We'll do a complete blood count and a urinalysis to check for any infections or abnormalities. We'll also run an MRI to look at your brain and make sure there's nothing going on there that we need to be concerned about.

Patient: Okay, that sounds good. I just want to get to the bottom of this and feel better.

Physician: Absolutely. We'll also consider referrals to specialists such as a neurologist, if necessary. In the meantime, I recommend that you avoid any triggers that you've identified, such as stress and prolonged screen time. Let's also try a different medication, such as sumatriptan, to see if it helps alleviate the headaches.

Patient: Okay, that sounds like a good plan. Thank you, Dr. Gutierrez.

Physician: You're welcome, Mrs. Bell. We'll follow up in a few days once we get the results of the tests, and we'll go from there.","SOAP Note:

Subjective:
Erika Bell, a 64-year-old female, presents with persistent headaches that have worsened over the past few months. She reports experiencing headaches about three times a week, with a moderate to severe throbbing sensation on both sides of her head. She notes that stress, lack of sleep, and prolonged screen time may trigger the headaches. Current medications (ibuprofen and acetaminophen) provide minimal relief. She denies nausea, vomiting, or sensitivity to light but mentions occasional dizziness.

Objective:
Ms. Bell appears alert and oriented during the consultation. Vital signs are within normal limits. Physical examination reveals no focal neurological deficits. Urinalysis results are negative for infection. Plan includes ordering a complete blood count and an MRI to rule out underlying conditions. Consideration for referral to a neurologist is discussed. Sumatriptan is recommended as an alternative medication for headache management.

Assessment:
Ms. Bell presents with chronic headaches, possibly migraines, exacerbated by stress and screen time. Further evaluation with imaging studies and specialist consultation may be warranted to determine the underlying cause of her headaches.

Plan:
1. Order complete blood count and MRI to investigate the etiology of headaches.
2. Consider referral to a neurologist for further evaluation.
3. Prescribe sumatriptan for headache management.
4. Advise patient to avoid identified triggers and monitor headache patterns.
5. Follow up with patient in a few days to discuss test results and adjust treatment plan accordingly.",physician good morning mrs bell feeling today patient good morning dr gutierrez im feeling little better today ive experiencing persistent headaches im concerned physician see tell headaches start often experience patient well ive headaches years seem gotten worse past months id say headache three times week physician okay thats helpful whats severity pain mild moderate severe patient usually moderate pain sometimes pretty severe like throbbing sensation sides head physician understand noticed triggers might causing headaches example seem happen certain activities specific times day patient yes noticed tend happen often im stress havent sleeping well sometimes ill get headache spending time computer watching tv long physician thats helpful information tried treatments medications headaches effect patient ive tried taking ibuprofen acetaminophen seem help little bit sometimes dont anything physician see noticed symptoms besides headaches example experience nausea vomiting sensitivity light patient havent noticed symptoms headaches sometimes little dizziness physician okay thats good know im going recommend start running tests rule underlying conditions might causing headaches well complete blood count urinalysis check infections abnormalities well also run mri look brain make sure theres nothing going need concerned patient okay sounds good want get bottom feel better physician absolutely well also consider referrals specialists neurologist necessary meantime recommend avoid triggers youve identified stress prolonged screen time lets also try different medication sumatriptan see helps alleviate headaches patient okay sounds like good plan thank dr gutierrez physician youre welcome mrs bell well follow days get results tests well go,soap note subjective erika bell 64yearold female presents persistent headaches worsened past months reports experiencing headaches three times week moderate severe throbbing sensation sides head notes stress lack sleep prolonged screen time may trigger headaches current medications ibuprofen acetaminophen provide minimal relief denies nausea vomiting sensitivity light mentions occasional dizziness objective ms bell appears alert oriented consultation vital signs within normal limits physical examination reveals focal neurological deficits urinalysis results negative infection plan includes ordering complete blood count mri rule underlying conditions consideration referral neurologist discussed sumatriptan recommended alternative medication headache management assessment ms bell presents chronic headaches possibly migraines exacerbated stress screen time evaluation imaging studies specialist consultation may warranted determine underlying cause headaches plan 1 order complete blood count mri investigate etiology headaches 2 consider referral neurologist evaluation 3 prescribe sumatriptan headache management 4 advise patient avoid identified triggers monitor headache patterns 5 follow patient days discuss test results adjust treatment plan accordingly,0.7774321,0.8183311820030212,0.31788079470198677,0.07702523240371846,0.17748344370860927
"
Physician: Good morning, Ms. Freeman. It's a pleasure to meet you. How are you feeling today?

Patient: Hi, Dr. Jenkins. I'm not feeling too great, to be honest. I've been experiencing some discomfort in my abdomen, and I've been feeling really tired lately.

Physician: I see. Can you tell me more about the abdominal discomfort? Is it a sharp pain, a dull ache, or a cramping sensation?

Patient: It's more of a dull ache, almost like a heaviness in my stomach. It's been bothering me for a few weeks now.

Physician: Okay. Have you noticed any other symptoms, such as nausea, vomiting, or changes in your bowel movements?

Patient: Yes, I have been feeling a bit nauseous, especially in the mornings. And my bowel movements have been a bit more frequent than usual.

Physician: I understand. Have you experienced any significant changes in your diet or appetite recently?

Patient: Well, I've been trying to eat healthier and exercise more, but it's been tough. I've been feeling like I'm not losing weight as quickly as I should be.

Physician: That's understandable. It's great that you're making an effort to live a healthier lifestyle. Have you noticed any other symptoms, such as fever, chills, or night sweats?

Patient: No, nothing like that. Just the abdominal discomfort and fatigue.

Physician: Okay. Have you had any recent travel or exposure to illnesses?

Patient: No, nothing recent. But my sister has been dealing with some health issues lately.

Physician: I see. Can you tell me more about your family medical history?

Patient: My mother and sister both struggled with obesity and related health issues. My mother had high blood pressure, diabetes, and heart disease. My sister has been dealing with polycystic ovary syndrome (PCOS) and thyroid issues.

Physician: Thank you for sharing that information. It's important for me to understand your family history to better assess your health risks. Now, let's discuss your obesity. Have you tried any weight loss programs or medications in the past?

Patient: Yes, I've tried a few diets, but they never seem to work for me. And I've been on metformin for a while, but I'm not sure if it's making a difference.

Physician: I see. We'll definitely discuss your medication and weight loss options further. In the meantime, I'd like to order some lab tests to get a better understanding of your overall health. We'll check your cholesterol levels, blood sugar, and liver function, among other things.

Patient: Sure, that sounds good.

Physician: Great. I'll also recommend that you schedule a mammogram and a colonoscopy. Your due dates for those screenings are approaching, and it's important that we stay on top of your preventive care.

Patient: Okay, no problem.

Physician: Finally, I'd like to refer you to a dietitian who can help you develop a personalized meal plan that aligns with your health goals. We'll work together to address your obesity and related health concerns.

Patient: That sounds great. Thank you, Dr. Jenkins.

Physician: You're welcome, Ms. Freeman. I'll have my nurse come in to take your vital signs and go over the necessary paperwork for the lab tests and referrals. We'll follow up soon to discuss your results and next steps.","Subjective:
Ms. Freeman reports feeling discomfort in her abdomen, characterized by a dull ache and heaviness. She also mentions experiencing fatigue and nausea, particularly in the mornings. She notes that her bowel movements have been more frequent than usual. Ms. Freeman expresses frustration with her weight loss efforts and mentions her family history of obesity and related health issues.

Objective:
Ms. Freeman appears alert and oriented during the consultation. Vital signs are within normal limits. Physical examination reveals tenderness in the abdominal area. Recent lab results indicate elevated cholesterol levels. Ms. Freeman's BMI is 35.2, indicating obesity.

Assessment:
Ms. Freeman presents with chronic obesity and nutritional deficiency. Elevated cholesterol levels are a concern, prompting consideration for statin therapy initiation. Family history of obesity and related health issues may contribute to her current health status.

Plan:
1. Order lab tests to assess cholesterol levels, blood sugar, and liver function.
2. Schedule a mammogram and colonoscopy for preventive care.
3. Refer Ms. Freeman to a dietitian for personalized meal planning.
4. Discuss medication management and weight loss options.
5. Follow up with Ms. Freeman to review test results and develop a comprehensive treatment plan.",physician good morning ms freeman pleasure meet feeling today patient hi dr jenkins im feeling great honest ive experiencing discomfort abdomen ive feeling really tired lately physician see tell abdominal discomfort sharp pain dull ache cramping sensation patient dull ache almost like heaviness stomach bothering weeks physician okay noticed symptoms nausea vomiting changes bowel movements patient yes feeling bit nauseous especially mornings bowel movements bit frequent usual physician understand experienced significant changes diet appetite recently patient well ive trying eat healthier exercise tough ive feeling like im losing weight quickly physician thats understandable great youre making effort live healthier lifestyle noticed symptoms fever chills night sweats patient nothing like abdominal discomfort fatigue physician okay recent travel exposure illnesses patient nothing recent sister dealing health issues lately physician see tell family medical history patient mother sister struggled obesity related health issues mother high blood pressure diabetes heart disease sister dealing polycystic ovary syndrome pcos thyroid issues physician thank sharing information important understand family history better assess health risks lets discuss obesity tried weight loss programs medications past patient yes ive tried diets never seem work ive metformin im sure making difference physician see well definitely discuss medication weight loss options meantime id like order lab tests get better understanding overall health well check cholesterol levels blood sugar liver function among things patient sure sounds good physician great ill also recommend schedule mammogram colonoscopy due dates screenings approaching important stay top preventive care patient okay problem physician finally id like refer dietitian help develop personalized meal plan aligns health goals well work together address obesity related health concerns patient sounds great thank dr jenkins physician youre welcome ms freeman ill nurse come take vital signs go necessary paperwork lab tests referrals well follow soon discuss results next steps,subjective ms freeman reports feeling discomfort abdomen characterized dull ache heaviness also mentions experiencing fatigue nausea particularly mornings notes bowel movements frequent usual ms freeman expresses frustration weight loss efforts mentions family history obesity related health issues objective ms freeman appears alert oriented consultation vital signs within normal limits physical examination reveals tenderness abdominal area recent lab results indicate elevated cholesterol levels ms freemans bmi 352 indicating obesity assessment ms freeman presents chronic obesity nutritional deficiency elevated cholesterol levels concern prompting consideration statin therapy initiation family history obesity related health issues may contribute current health status plan 1 order lab tests assess cholesterol levels blood sugar liver function 2 schedule mammogram colonoscopy preventive care 3 refer ms freeman dietitian personalized meal planning 4 discuss medication management weight loss options 5 follow ms freeman review test results develop comprehensive treatment plan,0.73677886,0.8220067024230957,0.30423280423280424,0.12732095490716178,0.19576719576719573
"
Physician: Good morning, Mr. Shaw. How are you feeling today?

Patient: (coughing) Not too bad, I guess. I've been feeling a bit off lately.

Physician: Can you elaborate on what you mean by ""a bit off""?

Patient: Well, I've been forgetting things more often, and my memory hasn't been the best lately. My daughter mentioned it to me, and I noticed it myself.

Physician: I see. Have you experienced any other symptoms aside from memory loss?

Patient: Yes, I've been feeling tired and a bit dizzy sometimes. And my allergies have been acting up quite a bit lately.

Physician: Okay, let's start with your allergies. Have you had any recent allergy attacks or noticed any new triggers?

Patient: No, nothing too severe. Just the usual seasonal stuff. But I have been sneezing and blowing my nose a lot more than usual.

Physician: Understood. And how long have you been experiencing this fatigue and dizziness?

Patient: It's been on and off for a few weeks now. It's not constant, but it's definitely not normal for me.

Physician: Have you noticed any patterns or triggers that might be contributing to these symptoms?

Patient: Not really. It just seems to happen out of the blue.

Physician: I see. Have you experienced any chest pain, shortness of breath, or difficulty swallowing?

Patient: No, nothing like that. Just the fatigue and dizziness.

Physician: Okay. Let's move on to your memory loss. Can you tell me more about what's been happening?

Patient: Well, it's mostly just forgetting things. Like where I put my keys or what I was supposed to do that day. It's not huge things, but it's definitely not normal for me.

Physician: Have you noticed any difficulty with concentration or decision-making?

Patient: Yes, that too. Sometimes I feel like I can't focus on what I'm doing, and making decisions has been harder than usual.

Physician: I understand. Have you experienced any mood changes, such as sadness, anxiety, or irritability?

Patient: A bit of irritability, maybe. But nothing too extreme.

Physician: All right. Have you had any recent changes in your living situation, work, or social life that might be contributing to these symptoms?

Patient: No, nothing major. Just the usual stuff.

Physician: Okay. I'm going to order some tests to help us better understand what might be causing your symptoms. We'll start with a complete blood count and a thyroid function test to rule out any underlying medical conditions. I'll also recommend a cognitive assessment to evaluate your memory and cognitive function. In the meantime, I'd like you to keep a symptom journal to track when your symptoms occur, how severe they are, and any potential triggers you might identify. We'll follow up in a few days once we have the results of the tests, and we'll go from there. Does that sound good to you?

Patient: Sure, that sounds good. Thank you, doctor.

Physician: You're welcome. We'll get to the bottom of this and figure out the best course of action for you.","Subjective:
Mr. Shaw reports feeling off lately, experiencing memory loss, fatigue, dizziness, and worsening seasonal allergies. He also mentions increased sneezing and nasal congestion. His daughter has expressed concern about his memory loss.

Objective:
Mr. Shaw appears alert and oriented during the conversation. He denies chest pain, shortness of breath, or difficulty swallowing. Physical examination reveals no acute abnormalities. Vital signs are within normal limits.

Assessment:
Mr. Shaw presents with symptoms of memory loss, fatigue, dizziness, and worsening seasonal allergies. Further evaluation is needed to determine the underlying cause of his symptoms. Cognitive assessment and laboratory tests, including a complete blood count and thyroid function test, are recommended.

Plan:
1. Order a complete blood count and thyroid function test to rule out underlying medical conditions.
2. Recommend a cognitive assessment to evaluate memory and cognitive function.
3. Advise Mr. Shaw to keep a symptom journal to track symptoms and potential triggers.
4. Follow up in a few days to review test results and determine the next steps in management.",physician good morning mr shaw feeling today patient coughing bad guess ive feeling bit lately physician elaborate mean bit patient well ive forgetting things often memory hasnt best lately daughter mentioned noticed physician see experienced symptoms aside memory loss patient yes ive feeling tired bit dizzy sometimes allergies acting quite bit lately physician okay lets start allergies recent allergy attacks noticed new triggers patient nothing severe usual seasonal stuff sneezing blowing nose lot usual physician understood long experiencing fatigue dizziness patient weeks constant definitely normal physician noticed patterns triggers might contributing symptoms patient really seems happen blue physician see experienced chest pain shortness breath difficulty swallowing patient nothing like fatigue dizziness physician okay lets move memory loss tell whats happening patient well mostly forgetting things like put keys supposed day huge things definitely normal physician noticed difficulty concentration decisionmaking patient yes sometimes feel like cant focus im making decisions harder usual physician understand experienced mood changes sadness anxiety irritability patient bit irritability maybe nothing extreme physician right recent changes living situation work social life might contributing symptoms patient nothing major usual stuff physician okay im going order tests help us better understand might causing symptoms well start complete blood count thyroid function test rule underlying medical conditions ill also recommend cognitive assessment evaluate memory cognitive function meantime id like keep symptom journal track symptoms occur severe potential triggers might identify well follow days results tests well go sound good patient sure sounds good thank doctor physician youre welcome well get bottom figure best course action,subjective mr shaw reports feeling lately experiencing memory loss fatigue dizziness worsening seasonal allergies also mentions increased sneezing nasal congestion daughter expressed concern memory loss objective mr shaw appears alert oriented conversation denies chest pain shortness breath difficulty swallowing physical examination reveals acute abnormalities vital signs within normal limits assessment mr shaw presents symptoms memory loss fatigue dizziness worsening seasonal allergies evaluation needed determine underlying cause symptoms cognitive assessment laboratory tests including complete blood count thyroid function test recommended plan 1 order complete blood count thyroid function test rule underlying medical conditions 2 recommend cognitive assessment evaluate memory cognitive function 3 advise mr shaw keep symptom journal track symptoms potential triggers 4 follow days review test results determine next steps management,0.64994895,0.8178727626800537,0.40734557595993326,0.18090452261306536,0.2971619365609349
"
Physician: Good morning, Judy. It's a pleasure to see you today. How have you been feeling lately?

Patient: Hi, Dr. Harvey. I've been feeling a bit under the weather, to be honest. I've had a persistent cough and my energy levels have been low.

Physician: I see. Have you experienced any other symptoms, such as fever, chills, or shortness of breath?

Patient: Yes, I've had a low-grade fever on and off for the past week, and I've been feeling quite fatigued. I've also noticed some swelling in my legs, which hasn't happened before.

Physician: Okay, that's helpful information. Can you tell me more about your cough? Is it dry, productive, or persistent?

Patient: It's a dry, persistent cough, and it's been bothering me mostly in the evenings.

Physician: Have you noticed any other respiratory symptoms, such as wheezing or chest tightness?

Patient: No, nothing like that. But my chest does feel a bit heavy, and I've had some mild chest discomfort.

Physician: I see. Have you experienced any recent changes in your appetite or weight?

Patient: Well, I've noticed that I've been losing a bit of weight recently, without really trying to. And my appetite has been a bit off, I've been feeling less hungry than usual.

Physician: Okay, that's important to know. Have you had any recent travel, or been exposed to anyone with similar symptoms?

Patient: No, nothing like that. But I did visit my grandkids last week, and they had colds. Could that have something to do with it?

Physician: It's possible. We'll definitely consider that in our assessment. Have you experienced any other symptoms, such as headaches, dizziness, or abdominal discomfort?

Patient: No, nothing like that. Just the cough, fatigue, and leg swelling. Oh, and I did notice some mild joint pain in my hands and feet.

Physician: I see. That's helpful information. Let's take a closer look at your medication regimen. Are you taking any medications currently, and have you noticed any changes in your blood sugar control or blood pressure?

Patient: Yes, I'm taking Lisinopril for hypertension, Metformin for diabetes, and Aspirin as a preventative measure. And to be honest, I've been a bit lax in monitoring my blood sugar levels and blood pressure lately.

Physician: That's understandable. We'll make sure to check those levels today and discuss ways to improve your adherence to your medication regimen.

Patient: Sounds good. I'm open to any suggestions.

Physician: Great. Before we wrap up, are there any other concerns or symptoms you'd like to discuss?

Patient: No, I think that covers everything. But I do have a question - could this be related to my diabetes or hypertension?

Physician: Absolutely. We'll consider those factors as we work up your diagnosis and treatment plan. Thank you for bringing that up.

Patient: Of course. Thank you for listening, Dr. Harvey.

Physician: You're welcome, Judy. We'll get to the bottom of this and work together to manage your symptoms and improve your health.","SOAP Note:

Subjective:
Judy McDonald, a 62-year-old female, presents with symptoms of a dry, persistent cough, low-grade fever, fatigue, swelling in legs, mild chest discomfort, unintentional weight loss, decreased appetite, and joint pain in hands and feet. She reports recent exposure to her grandkids who had colds. She also mentions lax monitoring of blood sugar levels and blood pressure.

Objective:
Patient appears fatigued but alert during the examination. Vital signs are within normal limits. Physical examination reveals mild swelling in lower extremities. Patient's medication regimen includes Lisinopril, Metformin, and Aspirin. Blood pressure and blood sugar levels will be monitored during this visit.

Assessment:
1. Rule out respiratory infection given symptoms of cough, fever, and chest discomfort.
2. Evaluate for exacerbation of diabetes and hypertension due to recent symptoms and lax monitoring.
3. Consider joint pain in hands and feet as a possible inflammatory condition.

Plan:
1. Order chest X-ray to assess for respiratory infection.
2. Check blood sugar levels and blood pressure to evaluate diabetes and hypertension control.
3. Discuss medication adherence and lifestyle modifications to improve overall health.
4. Follow up with patient in one week to review test results and adjust treatment plan as needed.",physician good morning judy pleasure see today feeling lately patient hi dr harvey ive feeling bit weather honest ive persistent cough energy levels low physician see experienced symptoms fever chills shortness breath patient yes ive lowgrade fever past week ive feeling quite fatigued ive also noticed swelling legs hasnt happened physician okay thats helpful information tell cough dry productive persistent patient dry persistent cough bothering mostly evenings physician noticed respiratory symptoms wheezing chest tightness patient nothing like chest feel bit heavy ive mild chest discomfort physician see experienced recent changes appetite weight patient well ive noticed ive losing bit weight recently without really trying appetite bit ive feeling less hungry usual physician okay thats important know recent travel exposed anyone similar symptoms patient nothing like visit grandkids last week colds could something physician possible well definitely consider assessment experienced symptoms headaches dizziness abdominal discomfort patient nothing like cough fatigue leg swelling oh notice mild joint pain hands feet physician see thats helpful information lets take closer look medication regimen taking medications currently noticed changes blood sugar control blood pressure patient yes im taking lisinopril hypertension metformin diabetes aspirin preventative measure honest ive bit lax monitoring blood sugar levels blood pressure lately physician thats understandable well make sure check levels today discuss ways improve adherence medication regimen patient sounds good im open suggestions physician great wrap concerns symptoms youd like discuss patient think covers everything question could related diabetes hypertension physician absolutely well consider factors work diagnosis treatment plan thank bringing patient course thank listening dr harvey physician youre welcome judy well get bottom work together manage symptoms improve health,soap note subjective judy mcdonald 62yearold female presents symptoms dry persistent cough lowgrade fever fatigue swelling legs mild chest discomfort unintentional weight loss decreased appetite joint pain hands feet reports recent exposure grandkids colds also mentions lax monitoring blood sugar levels blood pressure objective patient appears fatigued alert examination vital signs within normal limits physical examination reveals mild swelling lower extremities patients medication regimen includes lisinopril metformin aspirin blood pressure blood sugar levels monitored visit assessment 1 rule respiratory infection given symptoms cough fever chest discomfort 2 evaluate exacerbation diabetes hypertension due recent symptoms lax monitoring 3 consider joint pain hands feet possible inflammatory condition plan 1 order chest xray assess respiratory infection 2 check blood sugar levels blood pressure evaluate diabetes hypertension control 3 discuss medication adherence lifestyle modifications improve overall health 4 follow patient one week review test results adjust treatment plan needed,0.78838766,0.8200852870941162,0.2910662824207493,0.12427745664739884,0.21902017291066284
"

Physician: Good morning, Mr. Spencer. I'm Dr. Nelson. I understand you've been feeling unwell lately. Can you tell me more about your symptoms?

Patient: Yes, doctor. I've had a fever, cough, sore throat, muscle aches, headache, and fatigue for the past two days. It's been getting worse every day.

Physician: I see. Have you experienced any shortness of breath, chest pain, or difficulty swallowing?

Patient: No, doctor. Nothing like that.

Physician: That's good to know. Have you recently traveled or been in contact with anyone diagnosed with the flu?

Patient: No, I haven't traveled recently, and I don't think anyone in my household has the flu.

Physician: Okay. Can you tell me more about your cough? Is it dry or productive? Have you noticed any chest tightness or wheezing?

Patient: It's a dry cough, doctor. No phlegm or anything. And no, I haven't noticed any chest tightness or wheezing.

Physician: Thanks for clarifying that. How about your throat? Have you noticed any swelling or difficulty swallowing?

Patient: Yes, my throat is a bit sore and scratchy. But I can swallow fine.

Physician: Good. Have you tried any over-the-counter medications or remedies for your symptoms?

Patient: Yes, doctor. I've been taking acetaminophen for my fever and headache. And I've been drinking plenty of fluids and resting at home.

Physician: That's great. Have you noticed any other symptoms, such as nausea, vomiting, or diarrhea?

Patient: No, nothing like that. Just the fever, cough, sore throat, and body aches.

Physician: Thanks for letting me know. I'm going to order a flu test to confirm whether you have the flu or not. In the meantime, I'd like to prescribe you an antiviral medication to help manage your symptoms.

Patient: Okay, that sounds good.

Physician: Great. I'll also order a blood test to check your white blood cell count and rule out any other potential infections. And I'd like to schedule a follow-up appointment for you in a few days to monitor your progress.

Patient: That sounds good, doctor. Thank you.

Physician: You're welcome, Mr. Spencer. I'll have the nurse come in and take your vital signs and prepare you for the flu test. We'll get you feeling better in no time.","Subjective:
Mr. Spencer reports experiencing a fever, cough, sore throat, muscle aches, headache, and fatigue for the past two days. Symptoms have been progressively worsening. Denies shortness of breath, chest pain, or difficulty swallowing. No recent travel or contact with individuals diagnosed with the flu. Taking acetaminophen for fever and headache, drinking fluids, and resting at home.

Objective:
Vital signs reveal a temperature of 102°F, blood pressure of 145/90 mmHg, pulse of 110 bpm, respiratory rate of 22 breaths per minute, and oxygen saturation of 96% on room air. BMI is 29.5 (overweight). Flu symptoms present with no other concerning signs. No recent travel or exposure to flu contacts.

Assessment:
Mr. Spencer presents with flu-like symptoms including fever, cough, sore throat, muscle aches, headache, and fatigue. No signs of respiratory distress or other complications. Likely diagnosis of influenza. Antiviral medication prescribed to manage symptoms. Blood test ordered to rule out other infections. Follow-up appointment scheduled for monitoring.

Plan:
1. Prescribe antiviral medication for flu symptoms.
2. Order blood test to rule out other infections.
3. Schedule follow-up appointment in a few days for monitoring.
4. Nurse to take vital signs and prepare for flu test.
5. Advise rest, hydration, and symptom management at home.",physician good morning mr spencer im dr nelson understand youve feeling unwell lately tell symptoms patient yes doctor ive fever cough sore throat muscle aches headache fatigue past two days getting worse every day physician see experienced shortness breath chest pain difficulty swallowing patient doctor nothing like physician thats good know recently traveled contact anyone diagnosed flu patient havent traveled recently dont think anyone household flu physician okay tell cough dry productive noticed chest tightness wheezing patient dry cough doctor phlegm anything havent noticed chest tightness wheezing physician thanks clarifying throat noticed swelling difficulty swallowing patient yes throat bit sore scratchy swallow fine physician good tried overthecounter medications remedies symptoms patient yes doctor ive taking acetaminophen fever headache ive drinking plenty fluids resting home physician thats great noticed symptoms nausea vomiting diarrhea patient nothing like fever cough sore throat body aches physician thanks letting know im going order flu test confirm whether flu meantime id like prescribe antiviral medication help manage symptoms patient okay sounds good physician great ill also order blood test check white blood cell count rule potential infections id like schedule followup appointment days monitor progress patient sounds good doctor thank physician youre welcome mr spencer ill nurse come take vital signs prepare flu test well get feeling better time,subjective mr spencer reports experiencing fever cough sore throat muscle aches headache fatigue past two days symptoms progressively worsening denies shortness breath chest pain difficulty swallowing recent travel contact individuals diagnosed flu taking acetaminophen fever headache drinking fluids resting home objective vital signs reveal temperature 102f blood pressure 14590 mmhg pulse 110 bpm respiratory rate 22 breaths per minute oxygen saturation 96 room air bmi 295 overweight flu symptoms present concerning signs recent travel exposure flu contacts assessment mr spencer presents flulike symptoms including fever cough sore throat muscle aches headache fatigue signs respiratory distress complications likely diagnosis influenza antiviral medication prescribed manage symptoms blood test ordered rule infections followup appointment scheduled monitoring plan 1 prescribe antiviral medication flu symptoms 2 order blood test rule infections 3 schedule followup appointment days monitoring 4 nurse take vital signs prepare flu test 5 advise rest hydration symptom management home,0.7430591,0.8204122185707092,0.33195020746887965,0.07489597780859918,0.1521438450899032
